Name,Start,End,Size
entry,0x00100008,0x00100088,128
_exit,0x001000A8,0x001000B0,8
_d_ulltod,0x001000C0,0x00100104,60
_d_utod,0x00100110,0x0010011C,12
_dpflt,0x00100120,0x00100130,16
_dpfgt,0x00100140,0x00100150,16
sceGsResetGraph,0x00100160,0x00100270,272
sceGsGetGParam,0x00100270,0x0010027C,12
sceGsResetPath,0x00100280,0x001002C8,72
sceGsSetDefDispEnv,0x001002E8,0x00100530,380
sceGszbufaddr,0x00100558,0x00100620,200
sceGsSetDefDrawEnv,0x00100620,0x00100804,484
sceGsSetDefClear,0x00100808,0x0010090C,260
sceGsSyncV,0x00100910,0x001009A4,148
sceGsSyncPath,0x001009A8,0x00100CBC,540
sceGsSetDefLoadImage,0x00100CC0,0x00100EA4,412
sceGsSetDefStoreImage,0x00100EA8,0x00100FE8,320
sceGsExecLoadImage,0x00100FE8,0x00101164,372
sceGsExecStoreImage,0x00101168,0x001017B0,992
sceGsSyncVCallback,0x001017F8,0x00101858,96
sceGsSetHalfOffset,0x00101858,0x001018E0,136
sceGsSetDefDrawEnv2,0x001018E0,0x00101AC0,480
sceGsSetHalfOffset2,0x00101AC0,0x00101B48,136
sceGsSetDefDBuffDc,0x00101B48,0x00101E2C,740
memclr,0x00101E30,0x00101E64,52
sceDmaGetChan,0x00101E68,0x00101E90,40
sceDmaReset,0x00101E90,0x00101F6C,220
sceDmaDebug,0x00101F70,0x00101F80,16
sceDmaPutEnv,0x00101F80,0x00102158,472
sceDmaGetEnv,0x00102158,0x00102190,56
sceDmaPutStallAddr,0x00102190,0x001021B8,40
sceDmaSend,0x001021B8,0x00102290,160
sceDmaSendN,0x00102290,0x00102374,172
sceDmaSendI,0x00102378,0x0010245C,172
sceDmaRecv,0x00102460,0x00102524,140
sceDmaRecvN,0x00102528,0x00102614,180
sceDmaRecvI,0x00102618,0x00102708,184
sceDmaSync,0x00102708,0x001027CC,140
sceDmaWatch,0x001027D0,0x001028A0,152
sceDmaPause,0x001028A0,0x001028BC,28
sceDmaRestart,0x001028C0,0x001028DC,28
sceGifPkInit,0x001028E0,0x001028F0,16
sceGifPkReset,0x001028F0,0x00102900,16
sceGifPkTerminate,0x00102900,0x00102958,88
sceGifPkCnt,0x00102958,0x001029CC,116
sceGifPkEnd,0x001029D0,0x00102A44,116
sceGifPkOpenGifTag,0x00102A48,0x00102A60,24
sceGifPkCloseGifTag,0x00102A60,0x00102B04,164
sceGifPkAddGsPacked,0x00102B08,0x00102B1C,20
sceVu0ApplyMatrix,0x00102B20,0x00102B4C,44
sceVu0MulMatrix,0x00102B50,0x00102B94,68
sceVu0OuterProduct,0x00102B98,0x00102BB4,28
sceVu0InnerProduct,0x00102BB8,0x00102BDC,36
sceVu0Normalize,0x00102BE0,0x00102C14,52
sceVu0TransposeMatrix,0x00102C18,0x00102C19,1
sceVu0InversMatrix,0x00102C60,0x00102C61,1
sceVu0DivVector,0x00102CD0,0x00102CF0,32
sceVu0DivVectorXYZ,0x00102CF0,0x00102D10,32
sceVu0InterVector,0x00102D10,0x00102D38,40
sceVu0AddVector,0x00102D38,0x00102D4C,20
sceVu0SubVector,0x00102D50,0x00102D64,20
sceVu0MulVector,0x00102D68,0x00102D7C,20
sceVu0ScaleVector,0x00102D80,0x00102D98,24
sceVu0TransMatrix,0x00102D98,0x00102DA0,8
sceVu0CopyVector,0x00102DC8,0x00102DC9,1
sceVu0CopyMatrix,0x00102DD8,0x00102DD9,1
sceVu0FTOI4Vector,0x00102E00,0x00102E10,16
sceVu0FTOI0Vector,0x00102E10,0x00102E20,16
sceVu0ITOF4Vector,0x00102E20,0x00102E30,16
sceVu0ITOF0Vector,0x00102E30,0x00102E40,16
sceVu0UnitMatrix,0x00102E40,0x00102E68,40
_sceVu0ecossin,0x00102E68,0x00102EDC,116
sceVu0RotMatrixZ,0x00102EE0,0x00102F84,164
sceVu0RotMatrixX,0x00102F88,0x00103030,168
sceVu0RotMatrixY,0x00103030,0x001030D8,168
sceVu0RotMatrix,0x001030D8,0x00103128,80
sceVu0ClampVector,0x00103128,0x0010314C,36
sceVu0CameraMatrix,0x00103150,0x00103200,176
sceVu0NormalLightMatrix,0x00103200,0x001032C0,192
sceVu0LightColorMatrix,0x001032C0,0x00103328,104
sceVu0ViewScreenMatrix,0x00103328,0x0010342C,260
sceVu0DropShadowMatrix,0x00103430,0x001035C0,400
sceVu0RotTransPersN,0x001035C0,0x00103618,88
sceVu0RotTransPers,0x00103618,0x0010365C,68
sceVu0CopyVectorXYZ,0x00103660,0x0010367C,28
sceVu0InterVectorXYZ,0x00103680,0x001036AC,44
sceVu0ScaleVectorXYZ,0x001036B0,0x001036C8,24
sceVu0ClipScreen,0x001036C8,0x00103710,72
sceVu0ClipScreen3,0x00103710,0x00103770,96
sceVu0ClipAll,0x00103770,0x001037FC,140
sceVpu0Reset,0x00103800,0x00103848,72
_motionComp0,0x00103860,0x00103B94,300
_getAllRefs,0x00103B98,0x00103BF8,96
_getRef0,0x00104248,0x001042AC,100
_doMC,0x00104668,0x0010467C,20
FUN_001047bc,0x001047BC,0x001047F4,56
_rix_000,0x001047F8,0x00104818,32
_ri0_000,0x00104870,0x00104888,24
_rix_001,0x00104908,0x00104928,32
_ri0_001,0x001049C0,0x001049E4,36
_rix_010,0x00104A90,0x00104ABC,44
_ri0_010,0x00104B40,0x00104B7C,60
_rix_011,0x00104BF8,0x00104C20,40
_ri0_011,0x00104CF0,0x00104D28,56
_rix_100,0x00104DF0,0x00104E10,32
_ri0_100,0x00104E98,0x00104EB4,28
_rix_101,0x00104F48,0x00104F68,32
_ri0_101,0x00105030,0x00105054,36
_rix_110,0x00105118,0x00105144,44
_ri0_110,0x001051F8,0x00105234,60
_rix_111,0x001052C8,0x001052F0,40
_ri0_111,0x001053F0,0x00105428,56
_copyAddRefImage,0x00105508,0x00105514,12
_copyRefImage,0x00105568,0x00105574,12
_ipuSetMPEG1,0x001055C8,0x001055F0,40
_waitBdecOut,0x001055F0,0x001057D4,404
_dmVector,0x001057D8,0x001057F4,28
_dualPrimeVector,0x001057F8,0x00105980,392
_mbAddressIncrement,0x00105980,0x00105A90,272
_pictureData0,0x00105A90,0x00105AB0,32
_sliceA0,0x00105BB8,0x00105CDC,292
_slice0,0x00105CE0,0x00105EE0,160
_skipMB0,0x00105EE0,0x00105F10,48
_decMB0,0x00105FB0,0x001064D4,952
_decode_motion_vector,0x001064D8,0x00106560,136
_motionVectors,0x00106560,0x001066DC,380
_motionVector,0x001066E0,0x0010681C,316
_sendIpuCommand,0x00106820,0x00106850,48
_waitIpuIdle,0x00106850,0x001068F4,164
_waitIpuIdle64,0x001068F8,0x001069A8,176
_ipuVdec,0x001069A8,0x00106B5C,436
_peepBit,0x00106B60,0x00106C94,308
_flushBuf,0x00106C98,0x00106DAC,276
_nextBit,0x00106DB0,0x00106F18,360
_nextStartCode,0x00106F18,0x00106F80,104
_sliceB,0x00106F80,0x00106FEC,108
_nextHeader,0x00106FF0,0x00107114,292
_pictureHeader,0x00107118,0x001071E4,204
_extensionAndUserData,0x001071E8,0x00107298,172
_pictureCodingExtension,0x00107298,0x001074C4,556
_extrainfo,0x001074C8,0x001074FC,48
_updateTempTackData,0x00107500,0x001075E0,224
_groupOfPicturesHeader,0x001075E0,0x001076C4,228
_quantMatrixExtension,0x001076C8,0x00107774,172
_pictureDisplayExtension,0x00107778,0x00107868,240
_copyrightExtension,0x00107868,0x00107914,172
_decPicture,0x00107918,0x001079F8,224
_outputFrame,0x001079F8,0x00107AB0,184
_updateRefImage,0x00107AB0,0x00107E8C,988
_isOutSizeOK,0x00107E90,0x00107F2C,156
_cpr8,0x00107F30,0x00107FC0,108
_markOutput,0x00108120,0x00108158,56
_getPtsDtsFlags,0x00108158,0x001082EC,404
_dispRefImage,0x001082F0,0x00108408,280
_dispRefImageField,0x00108408,0x001085C8,448
_doCSC,0x001085C8,0x001086B0,232
_ch3dmaCSC,0x001086B0,0x001087EC,316
_doCSC2,0x001087F8,0x001089B8,448
_ch4dma,0x001089B8,0x00108A8C,212
_csc_storeRefImage,0x00108A90,0x00108AE4,84
_sysbitInit,0x00108CE8,0x00108D1C,52
_sysbitNext,0x00108D20,0x00108D3C,28
_sysbitFlush,0x00108D40,0x00108DD8,152
_sysbitGet,0x00108DD8,0x00108E24,76
_sysbitMarker,0x00108E28,0x00108E6C,68
_sysbitJump,0x00108E70,0x00108EC4,84
_sysbitPtr,0x00108EC8,0x00108EF4,44
_type2id,0x00108EF8,0x00108F80,136
_id2type,0x00108F80,0x0010917C,508
sceMpegDemuxPssRing,0x00109180,0x00109470,748
sceMpegDemuxPss,0x00109470,0x00109490,32
sceMpegAddStrCallback,0x00109490,0x00109584,196
_pack_header,0x00109588,0x001096D8,336
_system_header,0x001096D8,0x00109744,104
_PES_packet,0x00109748,0x00109CD0,1416
sceMpegInit,0x00109CD0,0x00109CE0,16
sceMpegCreate,0x00109D70,0x00109FAC,572
sceMpegDelete,0x00109FB0,0x00109FB8,8
sceMpegAddBs,0x00109FB8,0x00109FF0,56
sceMpegGetPicture,0x00109FF0,0x0010A038,72
sceMpegGetPictureRAW8,0x0010A038,0x0010A07C,68
sceMpegGetPictureRAW8xy,0x0010A080,0x0010A08C,12
sceMpegSetDecodeMode,0x0010A0D0,0x0010A0E4,20
sceMpegGetDecodeMode,0x0010A0E8,0x0010A108,32
sceMpegIsEnd,0x0010A108,0x0010A114,12
sceMpegIsRefBuffEmpty,0x0010A118,0x0010A128,16
sceMpegReset,0x0010A128,0x0010A168,64
sceMpegClearRefBuff,0x0010A168,0x0010A1D0,104
sceMpegAddCallback,0x0010A1D0,0x0010A1F4,36
_dispatchMpegCallback,0x0010A1F8,0x0010A248,80
_dispatchMpegCbNodata,0x0010A248,0x0010A26C,36
sceMpegSetDefaultPtsGap,0x0010A270,0x0010A284,20
sceMpegResetDefaultPtsGap,0x0010A288,0x0010A298,16
sceMpegSetImageBuff,0x0010A298,0x0010A2AC,20
sceMpegDispWidth,0x0010A2B0,0x0010A2BC,12
sceMpegDispHeight,0x0010A2C0,0x0010A2CC,12
sceMpegDispCenterOffX,0x0010A2D0,0x0010A2DC,12
sceMpegDispCenterOffY,0x0010A2E0,0x0010A2EC,12
sceSetBrokenLink,0x0010A2F0,0x0010A300,16
sceSetPtm,0x0010A300,0x0010A314,20
_alalcInit,0x0010A318,0x0010A32C,20
_alalcSetDynamic,0x0010A330,0x0010A33C,12
_alalcFree,0x0010A340,0x0010A34C,12
_alalcAlloc,0x0010A350,0x0010A3B8,104
_alalcRest,0x0010A3B8,0x0010A3D0,24
_getpic,0x0010A3D0,0x0010A554,252
_decodeOrSkipFrame,0x0010A558,0x0010A67C,292
_decodeOrSkip,0x0010A680,0x0010A6BC,60
_decodeOrSkipField,0x0010A6C0,0x0010A830,368
_sceMpegFlush,0x0010A830,0x0010A8A0,112
_initSeqAgain,0x0010A8A0,0x0010A8B0,16
_lastFrame,0x0010A8B0,0x0010A934,132
_clearOnce,0x0010A938,0x0010A984,76
_clearEach,0x0010A988,0x0010A9A8,32
_ErrMessage,0x0010AA50,0x0010AA60,16
_Error1,0x0010AA60,0x0010AA8C,44
_Error,0x0010AA90,0x0010AAE8,88
_sendDataToIPU,0x0010AAE8,0x0010ABBC,212
_RefImageInit,0x0010ABC0,0x0010ABE0,32
_sequenceHeader,0x0010ABE0,0x0010AD34,340
_initSeq,0x0010AD38,0x0010B07C,320
_initRefImages,0x0010B080,0x0010B0FC,124
_setDefaultQM,0x0010B168,0x0010B228,192
_sequenceExtension,0x0010B228,0x0010B38C,356
_sequenceDisplayExtension,0x0010B390,0x0010B430,160
_sequenceScalableExtension,0x0010B430,0x0010B43C,12
_unknown_extension,0x0010B440,0x0010B44C,12
_pictureSpatialScalableExtension,0x0010B450,0x0010B45C,12
_pictureTemporalScalableExtension,0x0010B460,0x0010B46C,12
_defStopDMA,0x0010B470,0x0010B47C,12
_defRestartDMA,0x0010B480,0x0010B48C,12
setD3_CHCR,0x0010B490,0x0010B4A4,20
setD4_CHCR,0x0010B4F8,0x0010B50C,20
sceIpuStopDMA,0x0010B560,0x0010B644,228
sceIpuRestartDMA,0x0010B648,0x0010B798,336
sceIpuSync,0x0010B798,0x0010B800,104
setD4_CHCR,0x0010B800,0x0010B814,20
sceIpuInit,0x0010B868,0x0010B8EC,132
_send_to_iop,0x0010BAA0,0x0010BBD0,296
scePadInit,0x0010BBD0,0x0010BD10,284
scePadInit2,0x0010BD10,0x0010BDAC,156
scePadEnd,0x0010BDB0,0x0010BE30,128
scePadPortOpen,0x0010BE30,0x0010C014,160
scePadPortClose,0x0010C018,0x0010C028,16
scePadGetDmaStr,0x0010C0D0,0x0010C0D8,8
scePadGetFrameCount,0x0010C130,0x0010C140,16
scePadRead,0x0010C180,0x0010C190,16
scePadGetState,0x0010C200,0x0010C210,16
scePadStateIntToStr,0x0010C278,0x0010C2AC,52
scePadSetReqState,0x0010C2B0,0x0010C2C0,16
scePadGetReqState,0x0010C318,0x0010C328,16
scePadReqIntToStr,0x0010C368,0x0010C39C,52
scePadInfoAct,0x0010C3A0,0x0010C3B0,16
scePadInfoComb,0x0010C4C0,0x0010C4D0,16
scePadInfoMode,0x0010C5E0,0x0010C5F0,16
scePadSetMainMode,0x0010C718,0x0010C7CC,180
scePadSetActDirect,0x0010C7D0,0x0010C888,184
scePadSetActAlign,0x0010C888,0x0010C960,216
scePadGetButtonMask,0x0010C960,0x0010C970,16
scePadSetButtonInfo,0x0010CA18,0x0010CAC8,176
scePadInfoPressMode,0x0010CAC8,0x0010CAD8,16
scePadEnterPressMode,0x0010CB28,0x0010CB38,16
scePadExitPressMode,0x0010CB80,0x0010CB90,16
scePadSetVrefParam,0x0010CBD8,0x0010CCA4,204
scePadGetPortMax,0x0010CCA8,0x0010CD0C,100
scePadGetSlotMax,0x0010CD10,0x0010CD78,104
scePadGetModVersion,0x0010CD78,0x0010CDDC,100
scePadSetWarningLevel,0x0010CDE0,0x0010CE48,104
CB_DelayTh,0x0010CE48,0x0010CE5C,20
sceCdDelayThread,0x0010CE70,0x0010CED8,104
sceCdCallback,0x0010CED8,0x0010CF2C,64
_sceCd_cd_callback,0x0010CF30,0x0010CFD0,160
_Cdvd_cbLoop,0x0010CFD0,0x0010D08C,184
sceCdInitEeCB,0x0010D090,0x0010D164,212
_sceCd_cd_read_intr,0x0010D168,0x0010D208,160
cmd_sem_init,0x0010D208,0x0010D29C,148
cdvd_exit,0x0010D2A0,0x0010D304,92
sceCdPOffCallback,0x0010D320,0x0010D358,56
_sceCd_Poff_Intr,0x0010D390,0x0010D3CC,60
PowerOffCB,0x0010D3D0,0x0010D408,56
sceCdSearchFile,0x0010D558,0x0010D854,752
_sceCd_ncmd_prechk,0x0010D858,0x0010D9C8,364
sceCdNcmdDiskReady,0x0010D9C8,0x0010DA60,140
sceCdSync,0x0010DA60,0x0010DB00,160
sceCdSyncS,0x0010DB00,0x0010DB6C,108
_sceCd_scmd_prechk,0x0010DB70,0x0010DCE0,364
sceCdInit,0x0010DCE0,0x0010DFC0,736
sceCdDiskReady,0x0010DFC0,0x0010E1B8,476
sceCdMmode,0x0010E1B8,0x0010E27C,184
sceMcInit,0x0010E280,0x0010E3B0,268
_lmcGetClientPtr,0x0010E438,0x0010E468,48
sceMcChangeThreadPriority,0x0010E468,0x0010E51C,172
sceMcGetSlotMax,0x0010E520,0x0010E5E0,172
sceMcOpen,0x0010E5E0,0x0010E714,292
sceMcMkdir,0x0010E718,0x0010E74C,52
sceMcClose,0x0010E750,0x0010E804,172
sceMcSeek,0x0010E808,0x0010E8DC,204
mceIntrReadFixAlign,0x0010E8E0,0x0010E970,144
sceMcRead,0x0010E970,0x0010EA8C,276
sceMcWrite,0x0010EA90,0x0010EC0C,296
mcHearAlarm,0x0010EC10,0x0010EC24,20
mcDelayThread,0x0010EC38,0x0010EC7C,68
sceMcSync,0x0010EC80,0x0010ED60,216
mceGetInfoApdx,0x0010ED60,0x0010EDB4,84
sceMcGetInfo,0x0010EDB8,0x0010EF3C,380
sceMcGetDir,0x0010EF40,0x0010F098,328
mceStorePwd,0x0010F098,0x0010F11C,124
sceMcChdir,0x0010F120,0x0010F270,320
sceMcFormat,0x0010F270,0x0010F338,192
sceMcDelete,0x0010F338,0x0010F460,280
sceMcFlush,0x0010F460,0x0010F514,172
sceMcSetFileInfo,0x0010F518,0x0010F6F0,376
sceMcRename,0x0010F6F0,0x0010F858,264
sceMcUnformat,0x0010F858,0x0010F920,192
sceMcGetEntSpace,0x0010F920,0x0010FA38,264
sceSdRemoteInit,0x0010FA38,0x0010FAD8,128
sceSdTransToIOP,0x0010FAF8,0x0010FB68,112
sceSdCallBack,0x0010FB68,0x0010FB74,12
sceSdRemote,0x0010FB78,0x0010FD7C,516
__ieee754_sqrt,0x0010FD80,0x00110084,772
__ieee754_asinf,0x00110088,0x00110424,924
__ieee754_atan2f,0x00110428,0x00110710,744
__ieee754_rem_pio2f,0x00110710,0x00110AF0,988
__ieee754_sqrtf,0x00110AF0,0x00110C28,308
__kernel_rem_pio2f,0x00110C28,0x00111574,2380
__kernel_tanf,0x00111578,0x0011180C,656
fabs,0x00111810,0x00111844,52
isinf,0x00111848,0x00111890,72
isnan,0x00111890,0x001118C8,56
matherr,0x001118C8,0x001118EC,36
atanf,0x001118F0,0x00111B98,676
copysignf,0x00111B98,0x00111BC8,48
fabsf,0x00111BC8,0x00111BE4,28
floorf,0x00111BE8,0x00111CCC,228
isnanf,0x00111CD0,0x00111CF4,36
scalbnf,0x00111CF8,0x00111E58,344
tanf,0x00111E58,0x00111EE0,136
sqrt,0x00111EE0,0x00111FEC,268
asinf,0x00111FF0,0x001120EC,252
atan2f,0x001120F0,0x00112218,296
sqrtf,0x00112218,0x0011232C,276
abort,0x00112330,0x00112350,32
__assert,0x00112350,0x00112384,52
_calloc_r,0x00112388,0x00112444,188
_close_r,0x00112448,0x001124A0,88
quorem,0x001124A0,0x001126B4,400
_dtoa_r,0x001126B8,0x00113884,4416
__errno,0x00113888,0x00113894,12
exit,0x00113898,0x00113948,176
fflush,0x00113948,0x00113A4C,260
std,0x00113A50,0x00113AA8,88
__sfmoreglue,0x00113AA8,0x00113ABC,20
__sfp,0x00113B18,0x00113BF8,224
_cleanup_r,0x00113BF8,0x00113C04,12
_cleanup,0x00113C08,0x00113C14,12
__sinit,0x00113C18,0x00113CA4,140
fiprintf,0x00113CA8,0x00113CDC,52
fprintf,0x00113CE0,0x00113D14,52
_free_r,0x00113D18,0x00114034,796
_malloc_trim_r,0x00114038,0x001141A4,364
_fstat_r,0x001141A8,0x00114204,92
__sfvwrite,0x00114208,0x001145E0,984
_fwalk,0x001145E0,0x00114674,148
_setlocale_r,0x00114678,0x001146FC,132
_localeconv_r,0x00114700,0x0011470C,12
setlocale,0x00114710,0x0011473C,44
localeconv,0x00114740,0x00114764,36
_lseek_r,0x00114768,0x001147C8,96
__smakebuf,0x001147C8,0x00114918,336
malloc_extend_top,0x00114918,0x00114B6C,596
_malloc_r,0x00114B70,0x001152E8,1912
_mbtowc_r,0x001152E8,0x00115324,60
memchr,0x00115328,0x00115408,160
memcmp,0x00115408,0x0011549C,96
memcpy,0x001154A0,0x00115550,88
memmove,0x00115550,0x00115654,168
memset,0x00115658,0x00115718,192
__malloc_lock,0x00115718,0x00115720,8
__malloc_unlock,0x00115720,0x00115728,8
_Balloc,0x00115728,0x001157D0,168
_Bfree,0x001157D0,0x001157FC,44
_multadd,0x00115800,0x00115914,252
_s2b,0x00115918,0x00115A60,328
_hi0bits,0x00115A60,0x00115AE4,132
_lo0bits,0x00115AE8,0x00115BA8,192
_i2b,0x00115BA8,0x00115BE0,56
_multiply,0x00115BE0,0x00115E0C,556
_pow5mult,0x00115E10,0x00115F10,252
_lshift,0x00115F10,0x00116088,376
__mcmp,0x00116088,0x001160F0,104
__mdiff,0x001160F0,0x00116280,400
_ulp,0x00116280,0x00116318,152
_b2d,0x00116318,0x00116494,380
_d2b,0x00116498,0x00116614,380
_ratio,0x00116618,0x001166D8,192
_mprec_log10,0x001166D8,0x00116744,108
_printf_r,0x00116748,0x00116784,60
printf,0x00116788,0x001167D8,80
qsort,0x001167D8,0x001171FC,424
_read_r,0x00117200,0x00117260,96
_sbrk_r,0x00117260,0x001172BC,92
_init_signal_r,0x001172C0,0x00117330,112
_signal_r,0x00117330,0x001173BC,140
_raise_r,0x001173C0,0x001174B0,240
__sigtramp_r,0x001174B0,0x00117568,184
raise,0x00117568,0x00117590,40
signal,0x00117590,0x001175BC,44
_init_signal,0x001175C0,0x001175E4,36
__sigtramp,0x001175E8,0x00117610,40
_kill_r,0x00117610,0x0011766C,92
_getpid_r,0x00117670,0x0011768C,28
_sprintf_r,0x00117690,0x001176F8,104
sprintf,0x001176F8,0x00117768,112
__sread,0x00117768,0x001177CC,100
__swrite,0x001177D0,0x00117850,128
__sseek,0x00117850,0x001178B8,104
__sclose,0x001178B8,0x001178D8,32
strcmp,0x001178D8,0x00117A1C,204
strcpy,0x00117A20,0x00117B34,184
strlen,0x00117B38,0x00117C70,196
strncmp,0x00117C70,0x00117E28,276
strncpy,0x00117E28,0x00117FE4,304
__sprint,0x00117FE8,0x0011802C,68
__sbprintf,0x00118030,0x001180E4,180
vfiprintf,0x001180E8,0x00118160,120
_vfiprintf_r,0x00118160,0x00118D2C,1756
__sprint,0x00118D30,0x00118D74,68
__sbprintf,0x00118D78,0x00118E2C,180
vfprintf,0x00118E30,0x00118EA8,120
_vfprintf_r,0x00118EA8,0x0011A3C0,3628
cvt,0x0011A3C0,0x0011A570,432
exponent,0x0011A570,0x0011A650,224
_write_r,0x0011A650,0x0011A6B0,96
__swsetup,0x0011A6B0,0x0011A7BC,268
__divdi3,0x0011A7C0,0x0011AEAC,1032
__fixunsdfdi,0x0011AEB0,0x0011AF9C,236
__floatdidf,0x0011AFA0,0x0011B038,152
__moddi3,0x0011B038,0x0011B6A0,1028
__muldi3,0x0011B6A0,0x0011B700,96
__udivdi3,0x0011B700,0x0011BCD0,744
__umoddi3,0x0011BCD0,0x0011C210,732
__pack_d,0x0011C210,0x0011C33C,300
__unpack_d,0x0011C340,0x0011C3DC,152
_fpadd_parts,0x0011C3E0,0x0011C620,576
dpadd,0x0011C620,0x0011C678,88
dpsub,0x0011C678,0x0011C6DC,100
dpmul,0x0011C6E0,0x0011C988,680
dpdiv,0x0011C988,0x0011CAF0,356
__fpcmp_parts_d,0x0011CAF0,0x0011CC04,276
dpcmp,0x0011CC08,0x0011CC54,76
litodp,0x0011CC58,0x0011CD10,184
dptoli,0x0011CD10,0x0011CDA4,148
dptoul,0x0011CDA8,0x0011CE48,160
__negdf2,0x0011CE48,0x0011CE80,56
__make_dp,0x0011CE80,0x0011CEAC,44
dptofp,0x0011CEB0,0x0011CF04,84
__pack_f,0x0011CF08,0x0011D014,268
__unpack_f,0x0011D018,0x0011D0A8,144
_fpadd_parts,0x0011D0A8,0x0011D2DC,564
fpadd,0x0011D2E0,0x0011D338,88
fpsub,0x0011D338,0x0011D39C,100
fpmul,0x0011D3A0,0x0011D594,500
fpdiv,0x0011D598,0x0011D6F8,352
__fpcmp_parts_f,0x0011D6F8,0x0011D80C,276
fpcmp,0x0011D810,0x0011D85C,76
sitofp,0x0011D860,0x0011D918,184
fptosi,0x0011D918,0x0011D9A4,140
fptoui,0x0011D9A8,0x0011DA40,152
__negsf2,0x0011DA40,0x0011DA78,56
__make_fp,0x0011DA78,0x0011DAA4,44
fptodp,0x0011DAA8,0x0011DAE8,64
Em10_set_chi,0x0011DAF0,0x0011DAF4,4
Em10_set_chi2,0x0011DBE0,0x0011DC00,32
Em10_set_chi_swd,0x0011DCC0,0x0011DCC4,4
Em10_pl_dm_effect_shotgun,0x0011DDC0,0x0011DDDC,28
Em10_weapon_set_chi,0x0011DE60,0x0011DE64,4
Em10_color_set,0x0011E080,0x0011E0CC,76
Em10_dm_ck,0x0011E0D0,0x0011E0E0,16
Em10_move,0x0011F840,0x0011F844,4
Em10_R0_init,0x0011FAA0,0x0011FAAC,12
Em10_R0_move,0x001202E0,0x00120330,80
Em10_R1_br_wait_sit,0x00120340,0x00120348,8
Em10_R1_wait_sit,0x00120350,0x00120358,8
Em10_R1_br_wait_stand,0x00120660,0x00120668,8
Em10_R1_wait_stand,0x00120670,0x00120674,4
Em10_R1_br_wait_air,0x00120940,0x00120A50,272
Em10_R1_wait_air,0x00120AD0,0x00120AD4,4
Em10_R1_br_fall,0x00120DE0,0x00120DE8,8
Em10_R1_fall,0x00120DF0,0x00120E6C,120
Em10_R1_br_landing,0x00120F00,0x00120F08,8
Em10_R1_landing,0x00120F10,0x00120F14,4
Em10_R1_br_evt_move00,0x00121020,0x00121028,8
Em10_R1_evt_move00,0x00121030,0x00121034,4
Em10_R1_br_evt_move01,0x00121400,0x00121408,8
Em10_R1_evt_move01,0x00121410,0x00121414,4
Em10_act_chk_normal,0x001216A0,0x001216A8,8
Em10_act_chk_stronger,0x00121B80,0x00121B88,8
Em10_act_chk_red,0x001220F0,0x001220F8,8
Em10_act_chk_berserk,0x00122710,0x00122718,8
Em10_act_chk_jumper,0x00122B00,0x00122B08,8
Em10_act_chk_sniper,0x00122FF0,0x00122FF8,8
Em10_act_chk_s_sniper,0x001236D0,0x001236D8,8
Em10_act_chk_screamer,0x00123E00,0x00123E08,8
Em10_act_chk_runner,0x00124420,0x00124428,8
Em10_act_chk_dancer,0x001249A0,0x001249A8,8
Em10_R1_br_walk,0x00124F20,0x00125180,604
Em10_R1_walk,0x00125190,0x00125194,4
Em10_R1_br_evt_walk,0x001255C0,0x001255F4,52
Em10_R1_evt_walk,0x00125600,0x001257C8,376
Em10_R1_br_walk_away,0x001257E0,0x001257E8,8
Em10_R1_walk_away,0x001257F0,0x001257F4,4
Em10_R1_br_run_away,0x00125AA0,0x00125AA8,8
Em10_R1_run_away,0x00125AB0,0x00125AB4,4
Em10_R1_br_catch,0x00125E10,0x00125EBC,168
Em10_R1_catch,0x00125ED0,0x00125F78,92
Em10_R1_br_long_catch,0x00125FE0,0x00126094,180
Em10_R1_long_catch,0x001260B0,0x001262B4,148
Em10_R1_br_catch_front,0x00126300,0x00126308,8
Em10_R1_catch_front,0x00126310,0x00126318,8
Em10_R1_br_catch_back,0x00126B60,0x00126B68,8
Em10_R1_catch_back,0x00126B70,0x00126B78,8
Em10_R1_br_catch_critical,0x001273E0,0x001273E8,8
Em10_R1_catch_critical,0x001273F0,0x001274C4,168
Em10_R1_br_catch_miss,0x001274E0,0x001274E8,8
Em10_R1_catch_miss,0x001274F0,0x001274F4,4
Em10_R1_br_turn,0x001275E0,0x001275E8,8
Em10_R1_turn,0x001275F0,0x001275F4,4
Em10_R1_br_attack_small,0x001277A0,0x001277A8,8
Em10_R1_attack_small,0x001277B0,0x001277B4,4
Em10_R1_br_attack_throw,0x00127D60,0x00127D68,8
Em10_R1_attack_throw,0x00127D70,0x00127D74,4
Em10_R1_br_weapon_reset,0x00127EF0,0x00127EF8,8
Em10_R1_weapon_reset,0x00127F00,0x00127F04,4
Em10_R1_br_play,0x00128070,0x00128078,8
Em10_R1_play,0x00128080,0x00128084,4
Em10_R1_br_attack_vomit,0x00128140,0x00128148,8
Em10_R1_attack_vomit,0x00128150,0x00128154,4
Em10_shotgun_fire,0x00128260,0x00128268,8
Em10_R1_br_shot_gun,0x00128630,0x001286BC,140
Em10_R1_shot_gun,0x001286C0,0x001286C4,4
Em10_R1_br_attack_gun,0x001287F0,0x001287F8,8
Em10_R1_attack_gun,0x00128800,0x00128804,4
Em10_R1_br_scream,0x00128A80,0x00128A88,8
Em10_R1_scream,0x00128A90,0x00128A9C,12
Em10_R1_br_threat,0x00128CE0,0x00128CE8,8
Em10_R1_threat,0x00128CF0,0x00128CF8,8
Em10_R1_br_threat_atk,0x001290B0,0x001290B8,8
Em10_R1_threat_atk,0x001290C0,0x001290C4,4
Em10_R1_br_guard,0x001295E0,0x001295E8,8
Em10_R1_guard,0x001295F0,0x001295F4,4
Em10_R1_br_sword_reflect,0x00129830,0x00129838,8
Em10_R1_sword_reflect,0x00129840,0x00129844,4
Em10_R1_br_guard_break,0x001299C0,0x001299C8,8
Em10_R1_guard_break,0x001299D0,0x001299D4,4
Em10_R0_damage,0x00129C30,0x00129C80,80
Em10_R1_dm_br_small,0x00129C90,0x00129C98,8
Em10_R1_dm_small,0x00129CA0,0x00129CA4,4
Em10_R1_dm_br_blow_front,0x00129E90,0x00129E98,8
Em10_R1_dm_blow_front,0x00129EA0,0x00129EA4,4
Em10_R1_dm_br_blow_back,0x0012A1B0,0x0012A1B8,8
Em10_R1_dm_blow_back,0x0012A1C0,0x0012A1C4,4
Em10_R1_dm_br_blow_front2,0x0012A4D0,0x0012A4D8,8
Em10_R1_dm_blow_front2,0x0012A4E0,0x0012A4E4,4
Em10_R1_dm_br_upper,0x0012A700,0x0012A708,8
Em10_R1_dm_upper,0x0012A710,0x0012A714,4
Em10_R1_dm_br_upper2,0x0012AA60,0x0012AA68,8
Em10_R1_dm_upper2,0x0012AA70,0x0012AA74,4
Em10_R0_die,0x0012AE30,0x0012AE80,80
Em10_R1_die_br_catch_f,0x0012AE90,0x0012AE98,8
Em10_R1_die_catch_f,0x0012AEA0,0x0012AEA4,4
Em10_R1_die_br_catch_b,0x0012B230,0x0012B238,8
Em10_R1_die_catch_b,0x0012B240,0x0012B244,4
Em10_R1_die_br_down,0x0012B5E0,0x0012B5E8,8
Em10_R1_die_down,0x0012B5F0,0x0012B5F4,4
Em10_R1_die_br_blow_front,0x0012B970,0x0012B978,8
Em10_R1_die_blow_front,0x0012B980,0x0012B984,4
Em10_R1_die_br_blow_back,0x0012BD10,0x0012BD18,8
Em10_R1_die_blow_back,0x0012BD20,0x0012BD24,4
Em10_set_soul,0x0012C0B0,0x0012C0C0,16
Em10_bend_backward,0x0012C110,0x0012C118,8
Em10_move_backward,0x0012C230,0x0012C234,4
Em10_eye_catch,0x0012C330,0x0012C448,268
Em10_wep_move_set,0x0012C450,0x0012C458,8
Em10_wep_move,0x0012C9D0,0x0012C9D4,4
Em10_wep_move_reflect,0x0012CE60,0x0012CE64,4
Em10_wep_on_pl,0x0012D0C0,0x0012D0D0,16
Em10_flying_weapon,0x0012D240,0x0012D244,4
Em10_catch_ck,0x0012D4D0,0x0012D62C,336
Em10_devil_ck,0x0012D630,0x0012D634,4
Em10_set_crystal,0x0012D7B0,0x0012D7C8,24
Em10_die_scream,0x0012D7F0,0x0012D88C,156
Em10_hang_line_set,0x0012D890,0x0012D894,4
Em10_hang_line_disp,0x0012DA30,0x0012DA34,4
Em10_scream_disp,0x0012E1B0,0x0012E490,176
Em10_parts_bomb_01,0x0012E4A0,0x0012E4B0,16
Em10_parts_bomb_02,0x0012E750,0x0012E760,16
Em10_parts_bomb,0x0012E9E0,0x0012EA48,96
Em10_R0_reset,0x0012EA50,0x0012EA74,36
Em10_R1_reset00,0x0012EA80,0x0012EA84,4
Em10_R1_reset01,0x0012EC50,0x0012EC54,4
Em10_R1_reset02,0x0012EE20,0x0012EE24,4
Em10_R1_reset03,0x0012EF00,0x0012EF04,4
Pl_em_dam_em10_catch_f,0x0012EFC0,0x0012EFC4,4
Pl_em_dam_em10_catch_b,0x0012F320,0x0012F324,4
Pl_em_dam_em10_hang,0x0012F690,0x0012F818,168
FUN_0012f9c0,0x0012F9C0,0x0012F9DC,28
FUN_0012f9f8,0x0012F9F8,0x0012FCC0,388
FUN_0012fcc0,0x0012FCC0,0x0012FD58,148
FUN_0012fd60,0x0012FD60,0x0012FD6C,12
Hang_line_disp,0x0012FD80,0x0012FD84,4
Em10_pl_hang_neck_move,0x00130270,0x001302E4,116
Pl_em_die_em10_catch_f,0x001302F0,0x0013038C,136
Pl_em_die_em10_catch_b,0x001303C0,0x0013045C,136
Em10_die_lost,0x00130490,0x00130508,120
Em10_blur_set,0x00130520,0x00130528,8
Em10_blur_trans,0x001306B0,0x001306B8,8
Em10_set_effect_water,0x00130940,0x00130948,8
Scr_set,0x00130BE0,0x00130DBC,476
Scr_load,0x00130DD0,0x00130DD8,8
Scr_draw,0x00130DE0,0x00130EC0,224
Scr_parts_move,0x00130ED0,0x00130EE0,16
Trans_scr_parts,0x00131220,0x0013122C,12
Sort_scr_parts,0x001313E0,0x001313E8,8
Scr_ot_init,0x001314B0,0x00131538,136
Scr_ot_set_tag,0x00131540,0x00131598,88
Scr_com_work_set,0x001315A0,0x001315A4,4
Scr_mod_mapping,0x00131630,0x00131670,64
Scr_parts_info_set,0x00131670,0x00131678,8
Scr_parts_flg0_set,0x00131730,0x00131738,8
pScr_model_work_init2,0x00131830,0x00131834,4
Scr_first_env_def_set,0x00131E70,0x00131EA0,48
Scr_parts_env_get_work,0x00131EA0,0x00131EAC,12
Scr_parts_env_def_set,0x001320E0,0x001320E4,4
Scr_parts_env_al_set0,0x001321E0,0x001321E4,4
Scr_parts_env_al_set1,0x00132260,0x00132278,24
Scr_parts_env_zbuff_set,0x00132280,0x00132294,20
Scr_parts_grp_env_def_set,0x001322A0,0x001324A0,512
Scr_parts_grp_work_set,0x001324A0,0x001325C8,292
Scr_parts_trans_set,0x001325D0,0x001326B8,232
Scr_parts_tex_ofs_set,0x001326D0,0x00132724,84
Scr_group_tex_ofs_move,0x00132730,0x001327D0,160
Alpha_set,0x001327D0,0x001327F4,36
Scr_parts_info_wite,0x00132800,0x00132880,128
Scr_parts_tex_copy,0x00132880,0x0013292C,172
Scr_parts_tex_move_kan,0x00132930,0x00132934,4
Ck_scr_near_clip_init,0x00132B10,0x00132B24,20
Ck_scr_near_clip,0x00132B30,0x00132B3C,12
katVu0ViewVolumeClip,0x00132D20,0x00132D68,72
katVu0SetClip,0x00132D70,0x00132D94,36
katVu0Clip_ld,0x00132DA0,0x00132DBC,28
katVu0Clip2_st,0x00132DC0,0x00132DCC,12
InterpNode,0x00132DD0,0x00132EBC,236
ClipCheck2,0x00132EC0,0x00132EF0,48
katVu0RotTransPersQ,0x00132EF0,0x00132F3C,76
Scr_parts_near_trans,0x00132F40,0x00132F44,4
Scr_parts_disp_chg,0x00133F50,0x00133FD0,128
Game_main,0x00133FD0,0x00134188,432
Game_init,0x001341A0,0x001341A4,4
Game_scene_init,0x00134410,0x00134418,8
Game_loop,0x00134A40,0x00134A44,4
Game_nop,0x00134FC0,0x00134FC8,8
Game_now_loading,0x00134FD0,0x00135088,184
Game_ending,0x001350B0,0x001350B4,4
Status_check,0x00136200,0x00136820,1276
Em_died_check,0x001368A0,0x00136ACC,548
Soft_reset_check,0x00136AD0,0x00136AD8,8
Movie_task_scheduler,0x00136AE0,0x00136AE4,4
Movie_task_exec,0x00136B40,0x00136B4C,12
Movie_task_exec2,0x00136E60,0x00136E68,8
Game_sp_effect,0x00136F90,0x00137048,184
Game_work_init,0x001370E0,0x00137110,48
Timer_disp,0x00137110,0x00137120,16
Timer_set,0x00137300,0x00137320,32
Timer_off,0x00137320,0x0013732C,12
Timer_get,0x00137330,0x0013733C,12
Count_disp,0x00137340,0x00137358,24
Count_set,0x001373E0,0x00137408,40
Count_off,0x00137410,0x0013741C,12
Player_set,0x00137420,0x00137424,4
Load_player_core,0x00137990,0x0013799C,12
Set_player_devil,0x00137AF0,0x00137AF4,4
Load_player_devil,0x00137BF0,0x00137BF8,8
Pl_md_set,0x00137D30,0x00137D34,4
Pl_md_ch_init,0x00137E30,0x00137E34,4
Pl_md_ch,0x00137EB0,0x00137EB8,8
Load_sword,0x00137F90,0x00137FA0,16
Load_weapon,0x001381B0,0x001381B4,4
Coat_md_set,0x00138540,0x00138544,4
Wing_md_set,0x001385F0,0x00138680,144
Coat_vst_set,0x00138690,0x00138694,4
Coat_offset_set,0x001388B0,0x00138948,152
Pl_r0_init,0x00138960,0x00138968,8
Pl_scene_init,0x00139250,0x00139458,520
Pl_mirror_set,0x00139470,0x00139478,8
Pl_r0_move,0x00139700,0x00139734,52
Pl_r1_wait,0x00139750,0x00139758,8
Pl_r1_walk,0x00139B60,0x00139D28,344
Pl_r1_run,0x00139F80,0x0013A148,344
Pl_r1_run_dash,0x0013A3A0,0x0013A568,344
Pl_r1_ladder,0x0013A7A0,0x0013A7C0,32
Pl_r1_jump,0x0013A7C0,0x0013A7C4,4
Pl_r1_jump_down,0x0013B030,0x0013B068,56
Pl_r1_handrail,0x0013B360,0x0013B398,56
Pl_r1_handrail_jump,0x0013B780,0x0013B7B8,56
Pl_r1_fall,0x0013BBA0,0x0013BDAC,260
Pl_r1_push,0x0013BE40,0x0013BE60,32
Pl_r1_climb_up,0x0013BE60,0x0013BE64,4
Pl_r1_jump_climb_up,0x0013C280,0x0013C284,4
Pl_r1_climb_up2,0x0013C460,0x0013C464,4
Pl_r1_pick_up,0x0013C800,0x0013C820,32
Pl_r1_s_jump_down,0x0013C820,0x0013C858,56
Pl_r1_sh_jump,0x0013CB60,0x0013CB80,32
Pl_r1_hi_jump,0x0013CB80,0x0013CBA0,32
Pl_r1_s_slope,0x0013CBA0,0x0013CBC0,32
Pl_r1_s_slope_b,0x0013CBC0,0x0013CBE0,32
Pl_r1_s_slope_run,0x0013CBE0,0x0013CC00,32
Pl_r1_step_aside,0x0013CC00,0x0013CCD8,108
Pl_r1_change_devil,0x0013CDA0,0x0013CE64,128
Pl_r1_use_item,0x0013CF80,0x0013D0C4,248
Pl_r1_change_legend,0x0013D170,0x0013D208,100
Pl_r1_provocation,0x0013D3B0,0x0013D3B4,4
Pl_r1_free_time,0x0013D690,0x0013D6C8,56
Pl_r1_free_time2,0x0013D9B0,0x0013DAE8,184
Pl_chg_type,0x0013DB20,0x0013DB28,8
Pl_r1_evt_move,0x0013DD30,0x0013DD4C,28
Pl_r1_evt_wait,0x0013DD50,0x0013DE74,100
Pl_r1_evt_turn,0x0013DE90,0x0013DF7C,176
Pl_r1_evt_tool,0x0013DF90,0x0013E058,192
Pl_r1_stairs,0x0013E070,0x0013E090,32
Pl_r0_damage,0x0013E090,0x0013E0CC,60
Pl_r1_dm_small,0x0013E0D0,0x0013E1E0,184
Pl_r1_dm_middle,0x0013E290,0x0013E3A0,184
Pl_r1_dm_big,0x0013E450,0x0013E59C,164
Pl_r1_dm_air,0x0013E620,0x0013E658,56
Pl_r1_dm_upper,0x0013E910,0x0013E948,56
Pl_r0_die,0x0013EC30,0x0013EC6C,60
Pl_r1_die_normal,0x0013EC70,0x0013EDA8,176
Pl_r1_die_air,0x0013EDF0,0x0013EE28,56
Pl_r0_em_damage,0x0013F0F0,0x0013F140,80
Pl_r0_em_die,0x0013F140,0x0013F174,52
Pl_r0_dead,0x0013F180,0x0013F1A0,32
Pl_r0_scenario,0x0013F1A0,0x0013F2C8,268
Pl_r0_sce_com,0x0013F2E0,0x0013F3C8,224
Player_move,0x0013F3E0,0x0013F3E8,8
Pl_tag_init,0x0013FD20,0x0013FD28,8
Swd_tag_init,0x0013FF00,0x0013FF08,8
Wep_tag_init,0x00140040,0x0014007C,60
Swd_tag_trans,0x00140090,0x0014009C,12
Wep_tag_trans,0x00140220,0x00140294,116
Pl_tag_trans,0x001402B0,0x001402BC,12
Pl_clut_anim_control,0x00140650,0x00140B74,884
Swd_clut_anim_control,0x00140D30,0x0014104C,780
Wep_clut_anim_control,0x00141070,0x00141380,768
Pl_highlight_on,0x001413A0,0x001413AC,12
Pl_parts_ck,0x001417C0,0x001418AC,236
Player_trans,0x001418B0,0x001418BC,12
Wep_move,0x001421C0,0x001421CC,12
Swd_move,0x001425A0,0x001425A8,8
Swd_boomerang_move,0x001435F0,0x001435F8,8
Wep_trans,0x00143C40,0x00143C44,4
Pl_tail_move,0x00143D90,0x00143D9C,12
Wing_move,0x00143F50,0x00143F54,4
Plwing_r0_normal,0x001440B0,0x0014411C,88
Plwing_r0_change,0x00144130,0x00144208,152
Plwing_r0_dash,0x00144220,0x0014428C,88
Plwing_r0_flutter,0x001442A0,0x0014430C,88
Plwing_r0_turn_r,0x00144320,0x0014438C,88
Plwing_r0_turn_l,0x001443A0,0x0014440C,88
Plwing_r0_atk_r,0x00144420,0x0014448C,88
Plwing_r0_atk_l,0x001444A0,0x0014450C,88
Plwing_r0_atk_m,0x00144520,0x0014458C,88
Plwing_r0_atk_r2,0x001445A0,0x0014460C,88
Plwing_r0_atk_r_e,0x00144620,0x0014468C,88
Plwing_r0_atk_l_e,0x001446A0,0x0014470C,88
Wing_trans,0x00144720,0x001447DC,188
Pl_legend_wing_move,0x001447F0,0x00144864,112
Sword_locus_disp,0x00144880,0x00144884,4
Set_vib_wep,0x001457F0,0x0014585C,108
Check_trajectory,0x00145870,0x00145880,16
Shotgun_wall_hit_effect,0x001468B0,0x001468B8,8
Pl_light_control,0x001469E0,0x001469EC,12
Pl_light_control2_set,0x00147AF0,0x00147B00,16
Pl_light_control2,0x00147B20,0x00147B28,8
Plom_water_move,0x00148090,0x00148098,8
Wep01_move,0x00148340,0x001484D4,400
Wep02_move,0x001484F0,0x001484FC,12
Wep03_move,0x00148780,0x001488D4,336
Wep04_move,0x001488F0,0x00148AD0,96
Pl_status_check,0x00148AD0,0x00148DE4,788
Pl_change,0x00148DF0,0x00148DF4,4
Pl_debug_skl_on,0x00149140,0x00149148,8
Blur_on,0x00149150,0x00149154,4
Blur_off,0x00149210,0x001492A0,144
Blur_exec,0x001492B0,0x001492B4,4
Screen_blur_init,0x00149390,0x001493D0,64
Screen_blur_scheduler,0x001493D0,0x00149518,300
Blur_st_ed_check,0x00149530,0x00149570,60
Screen_blur,0x00149570,0x001495B0,64
Normal_blur,0x00149630,0x00149880,588
Underwater_blur,0x00149890,0x00149894,4
Underwater_blur2,0x0014A240,0x0014A248,8
Hot_blur,0x0014AC20,0x0014AC24,4
Dance_blur_set,0x0014B910,0x0014B9D8,200
Mysterious_dance_blur,0x0014B9E0,0x0014B9E4,4
Quake_check,0x0014C480,0x0014C504,132
Quake_init,0x0014C510,0x0014C564,84
Quake_exec,0x0014C570,0x0014C5D8,100
Quake_kill,0x0014C5E0,0x0014C638,88
Quake_scheduler,0x0014C640,0x0014C6F0,176
Quake_main,0x0014C6F0,0x0014C6F4,4
Etc_test,0x0014C810,0x0014C818,8
Out_focus_init,0x0014C820,0x0014C850,48
Out_focus_set,0x0014C850,0x0014C8E8,148
Out_focus_rate_set,0x0014C8F0,0x0014C910,32
Out_focus,0x0014C910,0x0014C914,4
Tbl_cmp,0x0014CAD0,0x0014CAE0,16
Out_focus_disp,0x0014CAE0,0x0014CAEC,12
setTileTagDiv,0x0014D1A0,0x0014D284,152
setSprtUVTagDiv,0x0014D290,0x0014D3E4,216
setSprtTagDiv,0x0014D400,0x0014D58C,232
setPolyFT4Tag,0x0014D590,0x0014D67C,236
setDmaTag,0x0014D680,0x0014D6D0,80
sceVu0FMATRIX_Normal,0x0014D6D0,0x0014D6F4,36
sceVu0FMATRIX_Normal_Super,0x0014D7F0,0x0014D814,36
Get_Camera_Roll,0x0014D8C0,0x0014D8DC,28
Change_Camera_Pos_Inter_Sys,0x0014D960,0x0014D970,16
Change_Camera_Pos_Inter_Roll,0x0014DB20,0x0014DB30,16
Change_Camera_Pos_Inter,0x0014DCF0,0x0014DD00,16
Change_Camera_Dist,0x0014DEB0,0x0014DEB8,8
Change_Camera_DollyR,0x0014E010,0x0014E020,16
Change_Camera_Pos_CX,0x0014E110,0x0014E118,8
Change_Camera_Pos_CY,0x0014E1D0,0x0014E1D8,8
Change_Camera_Pos_CZ,0x0014E290,0x0014E298,8
Change_Camera_Inter_CX,0x0014E350,0x0014E358,8
Change_Camera_Inter_CY,0x0014E410,0x0014E418,8
Trans_Camera,0x0014E4D0,0x0014E4D4,4
Make_RotMat,0x0014E5D0,0x0014E5E0,16
Hit_ck_polyhedron,0x0014E710,0x0014E714,4
Hit_ck_cylinder,0x0014E870,0x0014E8EC,60
solve_normal_hexahedron,0x0014E900,0x0014E904,4
Get_cam_dir,0x0014EAD0,0x0014EAF0,32
Cam_to_pos_dir,0x0014EB10,0x0014EB30,32
Get_cam_pos_view,0x0014EBC0,0x0014EBCC,12
Make_inter_to_pos_matrix,0x0014EC70,0x0014EC78,8
Make_pos_to_inter_matrix,0x0014ED20,0x0014ED28,8
Em_dummy_dm_ck,0x0014EDD0,0x0014EDF0,32
Em_init_move,0x0014EDF0,0x0014EDF4,4
Em_move,0x0014EEB0,0x0014EEC0,16
Em_alpha_ctrl,0x0014F8E0,0x0014F9C4,220
Em_dummy_move,0x0014F9E0,0x0014F9E8,8
Regist_search_work,0x0014F9F0,0x0014F9F4,4
Enemy_bgm_ck,0x0014FD00,0x0014FD98,152
Search_enemy,0x0014FDA0,0x0014FDA8,8
Search_enemy_joy,0x00150130,0x00150134,4
Search_enemy_water,0x00150390,0x00150394,4
Search_enemy_near,0x00150650,0x0015065C,12
Search_enemy_near2,0x00150860,0x0015086C,12
Search_enemy_near3,0x00150AA0,0x00150AA4,4
Check_lock_enemy,0x00150CA0,0x00150CA4,4
Trace_enemy_pos,0x00150EE0,0x00150EE8,8
Trace_enemy_pos_init,0x00151170,0x00151174,4
Pl_upper_rotation,0x00151450,0x001514B4,100
Pl_upper_rotation2,0x001514C0,0x001515C4,260
Pl_upper_rotation3,0x001515D0,0x0015160C,60
Pl_waist_hokan_rotation,0x00151610,0x00151658,72
Pl_waist_hokan_rotation_b,0x001516D0,0x001516D4,4
Pl_pos_hosei,0x00151840,0x0015184C,12
Pl_pos_hosei_jump,0x00151A70,0x00151A7C,12
Pl_pos_hosei_sky,0x00151BD0,0x00151BDC,12
Pl_pos_hosei_swim,0x00151E10,0x00151E1C,12
Lever_gacya_check,0x00151F80,0x00151F84,4
Pl_cancel_lev_gacya,0x001520E0,0x00152184,164
Lever_gacya_set,0x001521A0,0x001521BC,28
Lever_gacya_delete,0x001521C0,0x001521C8,8
Pl_call_quake,0x00152380,0x00152390,16
Pl_call_quake_s,0x00152430,0x00152440,16
Pl_eff_cloud_of_dust,0x001524E0,0x0015253C,92
Pl_eff_cloud_of_dust2,0x00152590,0x001525EC,92
Player_damage_check,0x00152640,0x00152644,4
Get_joystick_theta,0x00152B70,0x00152B74,4
Get_joystick_cam_theta,0x00152BF0,0x00152C14,36
Get_joystick_dir,0x00152C40,0x00152E08,452
Get_joystick_dir_reverse,0x00152E10,0x00152EC0,176
Uji_drop,0x00152EC0,0x00152F10,80
Set_hit_stop,0x00152F10,0x00152F18,8
Check_in_water,0x00152F20,0x00152FD8,176
Check_walk_run,0x00152FE0,0x001530D8,244
Check_steep_slope,0x001530E0,0x001530E8,8
Check_step_aside,0x001530F0,0x00153128,56
Check_step_aside_floor,0x00153160,0x00153258,188
Check_handrail,0x00153270,0x00153274,4
Check_handrail_LR,0x001534D0,0x001534D8,8
Check_sce_jump,0x00153670,0x00153678,8
Check_jump,0x00153830,0x00153834,4
Check_super_jump,0x00153D10,0x00153D1C,12
Check_handrail_jump,0x00153F40,0x00153F48,8
Check_footing,0x00153F50,0x00153F54,4
Check_sce_hi_jump,0x00154610,0x00154614,4
Check_hi_jump,0x00154780,0x00154788,8
Check_jump_climb_up,0x00154950,0x00154958,8
Check_climb_up,0x00154A90,0x00154A98,8
Get_atk_joy_type,0x00154CD0,0x00154E2C,304
Pl_swd_rtn_set,0x00154E50,0x00154E5C,12
Easy_swd_ck,0x00155740,0x0015574C,12
Set_atk_rtn,0x00156600,0x00156714,264
Check_gun_set,0x001568B0,0x00156960,172
Check_legend_punch,0x00156970,0x001569F4,128
Check_escape_jump,0x00156A00,0x00156AF8,244
Check_action_swi,0x00156B00,0x00156B54,84
Check_escape_jump_pad,0x00156CC0,0x00156F2C,512
Check_sword_pad,0x00156F40,0x00156FA8,104
Input_cancel_action,0x00156FB0,0x00156FC8,24
Check_cancel_action,0x00156FE0,0x0015706C,140
Check_front_kick_wall,0x00157080,0x00157088,8
Check_fall_action,0x00157270,0x0015727C,12
Check_devil_mode,0x00157DF0,0x00158708,1608
Pl_devil_off,0x00158720,0x0015887C,284
Pl_stop_time_off,0x00158890,0x0015895C,176
Pl_muteki_off,0x00158970,0x001589D4,100
Check_change_devil,0x001589E0,0x00158B44,336
Check_time_stop,0x00158B50,0x00158C20,204
Get_em_dir_type,0x00158C20,0x00158C24,4
Get_em_dir_theta,0x00158FD0,0x001590C8,140
Pl_front_atari_check,0x001590E0,0x001590EC,12
Get_hosei_pos,0x001592D0,0x001592D4,4
Pl_scr_hosei,0x00159360,0x00159368,8
Pl_scr_hosei2,0x00159430,0x0015943C,12
Pl_scr_hosei3,0x00159520,0x00159528,8
Check_front_wall,0x001595F0,0x001595F4,4
KI_deb_cam_move4,0x001597D0,0x001597DC,12
KI_deb_cam_move5,0x00159E90,0x00159EFC,108
Get_theta_AB,0x00159F10,0x00159F88,116
Rot_theta_AB,0x00159F90,0x0015A060,188
Rot_theta_AB2,0x0015A070,0x0015A134,192
Adjust_theta,0x0015A140,0x0015A2B8,196
Soft_reset,0x0015A2D0,0x0015A3B4,228
Set_bg_mode,0x0015A550,0x0015A664,276
Reset_bg_mode,0x0015A670,0x0015A770,256
Fade_set,0x0015A770,0x0015A834,184
Fade_trans,0x0015A840,0x0015A844,4
Fade_kill,0x0015AB50,0x0015AB78,40
Fade_status,0x0015AB80,0x0015ABA8,40
Fade_init,0x0015ABB0,0x0015AC00,80
Main_Vramview_check,0x0015AC00,0x0015ADB4,424
Mem_alloc,0x0015ADC0,0x0015AE74,176
Mem_free,0x0015AE80,0x0015AEE4,88
Mem_alloc_R,0x0015AEF0,0x0015AEF4,4
Mem_free_R,0x0015AFE0,0x0015B030,80
Mem_alloc_R_check,0x0015B030,0x0015B09C,108
Mem_alloc_R_ptr_reset,0x0015B0A0,0x0015B0AC,12
Mem_alloc_R_ptr_set,0x0015B0B0,0x0015B0DC,44
Cinema_scope,0x0015B0E0,0x0015B0E8,8
main,0x0015B3A0,0x0015B3A8,8
Main_Get_Vsync,0x0015BA10,0x0015BA88,120
Main_init,0x0015BA90,0x0015BA94,4
Main_draw_clear,0x0015BEB0,0x0015BF20,112
Main_draw_ot,0x0015BF30,0x0015BF4C,28
Main_draw_ot_movie,0x0015C0B0,0x0015C0BC,12
Main_draw_ot_env_set,0x0015C1F0,0x0015C200,16
MainGsSwapDBuffDc,0x0015C300,0x0015C308,8
MainGsSwapDBuffDc_movie,0x0015C590,0x0015C5AC,28
MainGsSetDefDBuffDc,0x0015C6A0,0x0015C6B0,16
MainSetRect,0x0015C990,0x0015CA98,264
MainResetRect,0x0015CAA0,0x0015CAF0,80
MainSetRect_movie,0x0015CAF0,0x0015CB28,56
MainResetRect_movie,0x0015CB30,0x0015CB68,56
MainSetPalMovieEnv,0x0015CB70,0x0015CC40,208
Vram_info_init,0x0015CC40,0x0015CEC4,644
Main_malloc,0x0015CEE0,0x0015CF4C,108
eprintf2,0x0015CF90,0x0015CFB4,36
Moji_env_set,0x0015CFC0,0x0015D094,212
Moji_init,0x0015D2D0,0x0015D2FC,44
Moji_prim_init,0x0015D310,0x0015D34C,60
Moji_sys_init,0x0015D350,0x0015D378,40
Disp_err_mess,0x0015D380,0x0015D388,8
Calc_Intersection,0x0015D390,0x0015D3A0,16
Hcd_Divide,0x0015D470,0x0015D47C,12
Scr_Atari_4_nolnk,0x0015D8B0,0x0015D8BC,12
Scr_Atari_4,0x0015DA40,0x0015DA4C,12
get_next_4,0x0015DBE0,0x0015DBE8,8
atari_check_4,0x0015DCA0,0x0015DCDC,60
Scr_Atari_4R,0x0015DEF0,0x0015DEFC,12
get_next_4R,0x0015E080,0x0015E088,8
atari_check_4R,0x0015E140,0x0015E17C,60
Scr_Atari_4R_BACK,0x0015E390,0x0015E394,4
get_next_4R_BACK,0x0015E4D0,0x0015E4D8,8
atari_check_4R_BACK,0x0015E5F0,0x0015E5F4,4
Scr_Atari_4_ck,0x0015EA00,0x0015EA04,4
get_next_4_ck,0x0015EB50,0x0015EB58,8
atari_check_4_ck,0x0015EC90,0x0015EC94,4
Scr_Atari_Cylinder_Hosei_4,0x0015F060,0x0015F06C,12
Em_scr_at,0x0015F400,0x0015F408,8
Em_scr_at_ck,0x0015F930,0x0015F938,8
Em_scr_at3_nogaiheki,0x0015FAC0,0x0015FAC8,8
Em_scr_at3,0x00160270,0x00160278,8
Em_scr_at4,0x00160A20,0x00160A28,8
Em_scr_at5,0x00161120,0x00161128,8
Em_scr_at6,0x001618E0,0x001618E8,8
get_next_Cylinder_4,0x00162040,0x00162048,8
next_Cy,0x00162190,0x001621E0,80
atari_check_Cylinder_4,0x001621F0,0x001621F4,4
atari_check_Cylinder_Sub_4,0x001625E0,0x001625E8,8
Scr_Atari_cam,0x00162A70,0x00162A7C,12
get_next_cam,0x00162C10,0x00162C18,8
atari_check_cam,0x00162D30,0x00162D34,4
Init_lnk_atari,0x00163130,0x0016313C,12
Set_lnk_atari,0x001634E0,0x00163514,52
Set_work_lnk_atari,0x00163520,0x0016352C,12
Atari_lnk_4,0x001638C0,0x001638C8,8
Atari_lnk_4R,0x001639D0,0x001639D8,8
Atari_lnk_Cy,0x00163AE0,0x00163AEC,12
Mul_lnk_atari,0x00163C00,0x00163C04,4
Mul_lnk_atari_set,0x00164180,0x00164184,4
Ak_set,0x001646E0,0x001646E4,4
Ak_mat_change,0x001648C0,0x00164938,120
Mul_lnk_at,0x00164940,0x00164944,4
Scr_AtCy4,0x001649B0,0x001649BC,12
Fget_next_Cylinder,0x00164B80,0x00164B88,8
Fatari_check_Cylinder,0x00164CD0,0x00164CD4,4
Fatari_check_Cylinder_Sub_4,0x001650C0,0x001650C8,8
Fatari_lnk_Cy,0x001656A0,0x001656AC,12
Scr_Atari_flg2no_onoff,0x001657F0,0x0016581C,44
get_next_onoff,0x00165820,0x00165828,8
Or_ak_set,0x001658D0,0x0016591C,76
And_ak_set,0x00165920,0x0016596C,76
Ak_morph,0x00165970,0x00165978,8
Morph_ak_mul,0x00165AD0,0x00165AD4,4
Em_set_init,0x00165F40,0x00165F44,4
Em_work_set,0x001660D0,0x00166110,64
Em_set_main,0x00166280,0x00166284,4
Em_acl_init,0x00166FB0,0x00166FE0,48
Reset_em,0x00166FE0,0x00166FE8,8
Set_em_tex_trans,0x00167190,0x001671AC,28
Mod_vram_info_set,0x00167280,0x00167444,320
Mod_vram_info_rewrite,0x00167450,0x001675FC,328
Set_light_matrix,0x00167600,0x00167604,4
Set_light_matrix_p,0x00168120,0x00168124,4
Set_sz,0x00168AB0,0x00168AC4,20
Turn_dest_matrix,0x00168BF0,0x00168BF8,8
Turn_dest,0x00168DB0,0x00168DE4,52
Turn_dir,0x00168F00,0x0016900C,256
Turn_dest_Y,0x00169010,0x00169018,8
Turn_dest_rev,0x00169310,0x00169324,20
Hit_ck_mat,0x001693A0,0x001693D0,48
Dest_ck,0x001693E0,0x00169414,52
Dest_dir_ck,0x00169510,0x001695F8,224
Dest_calc,0x00169600,0x0016962C,44
Dest_pos,0x001696B0,0x001697B4,260
Dest_dir,0x001697D0,0x001697E4,20
Add_speedXZ,0x00169800,0x00169818,24
Add_speedXYZ,0x00169870,0x001698C8,88
Add_speedXZ2,0x001698E0,0x00169918,56
Add_speedXYZ2,0x00169940,0x00169974,52
Cdir_ck,0x00169990,0x00169A58,196
Cdir_plck,0x00169A60,0x00169B5C,248
Pdir_ck,0x00169B60,0x00169D1C,316
Dist_order_ck,0x00169D30,0x00169D9C,108
Dest_adjust,0x00169DA0,0x00169DB0,16
Get_adjust_empl_pos,0x00169EA0,0x00169EC4,36
Get_adjust_empl_pos2,0x00169F50,0x00169F7C,44
Adjust_em_pos,0x00169FE0,0x00169FFC,28
Adjust_em_pos_pl,0x0016A080,0x0016A084,4
Em_pos_hosei,0x0016A130,0x0016A138,8
Em_pos_hosei_jump,0x0016A320,0x0016A328,8
Em_pos_fall,0x0016A460,0x0016A468,8
Em_set_lock_no,0x0016A610,0x0016A614,4
Get_height,0x0016A710,0x0016A718,8
Get_height_nolnk,0x0016A850,0x0016A858,8
Get_height_sp,0x0016A990,0x0016A998,8
Get_height_pl,0x0016AAE0,0x0016AAF0,16
Get_height_pos,0x0016AD50,0x0016ADB4,100
Get_height_pos_or,0x0016ADF0,0x0016ADF4,4
Get_height_pos2,0x0016AE90,0x0016AECC,60
Get_ceiling,0x0016AF00,0x0016AF04,4
Get_ceiling_swim,0x0016AFE0,0x0016AFE4,4
Get_ceiling2,0x0016B0C0,0x0016B0CC,12
Get_vertex_buff,0x0016B150,0x0016B2C8,376
Em_neck_init,0x0016B2D0,0x0016B334,100
Em_neck_move,0x0016B340,0x0016B348,8
Check_em_pl_wall,0x0016B490,0x0016B540,152
Check_em_pl_wall2,0x0016B540,0x0016B544,4
Check_em_pl_gaiheki,0x0016B630,0x0016B634,4
Check_em_front_wall,0x0016B700,0x0016B704,4
Ck_em_work,0x0016B790,0x0016B8D8,324
Calc_md,0x0016B8E0,0x0016BA24,324
Set_em_meisai,0x0016BA30,0x0016BA34,4
Set_em_parts_meisai,0x0016BAB0,0x0016BAB8,8
Set_em_meisai_ura,0x0016BB50,0x0016BB58,8
Em_scenario,0x0016BC00,0x0016BDE4,408
Evt_player_tex_set,0x0016BE00,0x0016BE10,16
Player_tex_set,0x0016BE30,0x0016BE40,16
Em_alive_num,0x0016BE60,0x0016BEDC,124
Em_exp_main,0x0016BEE0,0x0016BF30,80
Em_addexp,0x0016BF30,0x0016BF44,20
Em_add_hyouka_p,0x0016C070,0x0016C078,8
Em_dm_atr_eff_lightning,0x0016C0C0,0x0016C0C4,4
Em_in_screen_ck,0x0016C210,0x0016C214,4
Pl_dam_eff00,0x0016C370,0x0016C380,16
Pl_dam_eff01,0x0016C540,0x0016C550,16
Em_lock_ck,0x0016C710,0x0016C764,84
Em_stop_ck,0x0016C7E0,0x0016C954,372
Room_fog_set,0x0016C960,0x0016CA40,216
Set_room_light_main,0x0016CA50,0x0016CA60,16
Set_room_light,0x0016CFB0,0x0016D048,152
Scr_light_set_game,0x0016D060,0x0016D068,8
Scr_light_set_sub,0x0016D0E0,0x0016D0E4,4
Scr_light_set,0x0016D550,0x0016D554,4
capTransposeMatrix,0x0016D890,0x0016D891,1
Get_light_str,0x0016D8E0,0x0016D91C,60
Calc_scr_light,0x0016D920,0x0016D9E4,196
Set_sys_light,0x0016D9F0,0x0016DABC,44
Get_sys_light,0x0016DAC0,0x0016DBC0,76
Sys_light_set_amb,0x0016DBD0,0x0016DC2C,92
Set_sys_light_pos,0x0016DC30,0x0016DC7C,76
Set_sys_light_pos_super,0x0016DC80,0x0016DC98,24
Set_sys_light_force,0x0016DCF0,0x0016DD60,108
Set_sys_light_effect,0x0016DD60,0x0016DDD0,108
Get_eff_light,0x0016DDD0,0x0016DDE0,16
Set_light_bank,0x0016DEA0,0x0016DF40,156
Set_light_bank_ev,0x0016DF50,0x0016DFB4,100
Move_light_init,0x0016DFC0,0x0016E004,68
Move_light_move,0x0016E010,0x0016E014,4
Move_light_col,0x0016E190,0x0016E1AC,28
Move_light_hls,0x0016E2F0,0x0016E310,32
Hls_value,0x0016E610,0x0016E6F8,220
Move_light_pos,0x0016E700,0x0016E7C0,192
Move_light_force,0x0016E7C0,0x0016E888,200
Move_light_effect,0x0016E8A0,0x0016E968,200
Set_move_light,0x0016E980,0x0016E990,16
Get_move_light,0x0016E9E0,0x0016EA34,84
Set_move_light_pos,0x0016EA50,0x0016EA58,8
Set_move_light_pos_super,0x0016EA80,0x0016EA88,8
Set_move_light_pos_super2,0x0016EAF0,0x0016EB08,24
Set_move_light_col,0x0016EBD0,0x0016EBFC,44
Set_move_light_brink,0x0016EC20,0x0016EC5C,60
Set_move_light_force,0x0016EC70,0x0016ECFC,140
Set_move_light_effect,0x0016ED00,0x0016ED8C,140
Set_move_light_force_move,0x0016ED90,0x0016EDCC,60
Set_move_light_force_switch,0x0016EDD0,0x0016EE0C,60
Set_move_light_flg,0x0016EE20,0x0016EE90,112
Set_move_light_on,0x0016EE90,0x0016EEDC,76
Set_move_light_off,0x0016EEE0,0x0016EF5C,124
ClearOt,0x0016EF60,0x0016EFA4,68
AddPrim,0x0016EFB0,0x0016EFE0,48
DrawOt,0x0016EFE0,0x0016EFF0,16
DmaSendPacket,0x0016F140,0x0016F188,72
CreatPacketReg,0x0016F1B0,0x0016F1E0,48
CreatPacketPoint,0x0016F1E0,0x0016F240,96
CreatPacketTile,0x0016F240,0x0016F2BC,124
CreatPacketLineF5,0x0016F2C0,0x0016F3A0,224
CreatPacketLineFn,0x0016F3A0,0x0016F490,240
CreatPacketLineG2,0x0016F490,0x0016F51C,140
CreatPacketSprt,0x0016F520,0x0016F5E4,196
CreatPacketSprtUV,0x0016F5F0,0x0016F6FC,268
CreatPacketPolyF3,0x0016F700,0x0016F770,112
CreatPacketPolyF4,0x0016F770,0x0016F7F0,128
CreatPacketPolyFT3,0x0016F7F0,0x0016F8A4,180
CreatPacketPolyFT4,0x0016F8B0,0x0016F984,212
CreatPacketPolyFT4UV,0x0016F990,0x0016FA44,180
CreatPacketPolyG3,0x0016FA50,0x0016FAD8,136
CreatPacketPolyG4,0x0016FAE0,0x0016FB8C,172
CreatPacketPolyGT3,0x0016FB90,0x0016FC5C,204
CreatPacketPolyGT4,0x0016FC60,0x0016FD5C,252
CreatPacketNop,0x0016FD60,0x0016FD68,8
LoadImageTim2,0x0016FD70,0x0016FD78,8
Tim2LoadImage,0x0016FF30,0x0016FF34,4
Tim2LoadClut,0x001701C0,0x001701C8,8
Tim2LoadTexture,0x00170590,0x00170594,4
Tim2CalcBufWidth,0x00170880,0x00170944,196
Tim2CalcBufSize,0x00170950,0x00170A38,232
Tim2GetLog2,0x00170A40,0x00170A88,72
MoveImage,0x00170A90,0x00170BC0,304
MoveImage2,0x00170BE0,0x00170D20,320
MappingT32,0x00170D40,0x00170D44,4
LoadImageT32s,0x001710D0,0x00171118,72
Get_clut_addr,0x00171160,0x001711A8,68
Get_clut_addr16,0x001711B0,0x00171204,80
Vram_clr,0x00171210,0x00171214,4
Coordinate2,0x001712C0,0x001712C8,8
Get_Inter_Position,0x001719C0,0x001719C8,8
Angle_selector,0x00171C30,0x00171C38,8
Homing2,0x001721C0,0x001721C4,4
Homing3,0x00172730,0x00172738,8
Roll_get,0x001729B0,0x001729D4,36
Camera_2nd_joy,0x001729E0,0x001729EC,12
Area_Data_Clear,0x00173410,0x00173418,8
Get_spiral_camera,0x00173640,0x0017364C,12
Get_Dist,0x001737C0,0x001737EC,44
Battle_area_ck,0x00173800,0x00173818,24
Set_zelda_default,0x00173820,0x00173860,64
Grifon_camera_set,0x00173860,0x001738D0,112
Camera_init,0x001738D0,0x00173938,104
Cam_rate_init,0x001739A0,0x00173A70,208
Camera_move,0x00173A70,0x00173A74,4
camera_wait,0x00173BF0,0x00173BF8,8
camera_joy,0x00173C00,0x00173C0C,12
camera_scene,0x00173C10,0x00173C24,20
hokan_set,0x00173CB0,0x00173CE8,56
total_check,0x00173CF0,0x00173D28,56
camera_hokan,0x00173D30,0x00173D34,4
rate_back,0x00174570,0x00174608,136
rate_sincos,0x00174610,0x00174614,4
Normal_hokan_set,0x00174740,0x00174798,80
Cut_data_load,0x001747A0,0x00174828,136
Cut_data_load_main,0x00174840,0x00174848,8
camera_pan_init,0x00174AF0,0x00174AF4,4
Camera_pan,0x00174C70,0x00174C78,8
camera_auto_trackud_init,0x00174D70,0x00174DD8,104
Camera_auto_trackud,0x00174DF0,0x00174DFC,12
camera_dolly_init,0x001756E0,0x001756E8,8
Camera_dolly,0x001756F0,0x001756F8,8
camera_zoom_init,0x00175700,0x00175724,36
Camera_zoom,0x001757B0,0x001757B8,8
railmove_init,0x001765E0,0x001765FC,28
Railmove_main,0x001766D0,0x001766D8,8
Camera_transration1_init,0x00176B20,0x00176B40,32
Camera_transration1,0x00176BA0,0x00176BDC,60
Camera_transration2_init,0x00176C50,0x00176C74,36
Camera_transration2,0x00176CF0,0x00176D2C,60
Camera_Subjection_init,0x00176E70,0x00176E90,32
Camera_Subjection,0x00176EF0,0x00176EF4,4
Camera_Fix_init,0x00176FF0,0x00176FF4,4
Camera_Fix,0x00177180,0x00177198,24
Camera_spiral_init,0x001771B0,0x001771B4,4
Camera_spiral,0x001772C0,0x001772FC,60
Camera_zelda_init,0x00177350,0x001773F8,148
Camera_zelda,0x00177410,0x0017741C,12
Camera_devil_sky_start,0x00177840,0x00177848,8
Camera_devil_sky,0x00177850,0x00177858,8
Camera_devil_sky_end,0x00177860,0x00177870,16
Camera_water,0x001778A0,0x001778A8,8
camera_devil_init,0x001778B0,0x001778C8,24
camera_deviltrigger,0x00177990,0x0017799C,12
camera_devil_jump_init,0x00177AB0,0x00177AD0,32
camera_devil_jump_main,0x00177B20,0x00177B24,4
Camera_change,0x00177CF0,0x00177D20,48
Cam_scheduler,0x00177D20,0x00177D30,16
Hand_cam_tunble,0x00177F60,0x00177F70,16
H_cam_set,0x00178500,0x00178504,4
H_cam_task_all_kill,0x001785F0,0x00178620,48
camera_battle_init,0x00178620,0x00178778,344
Camera_battle,0x00178780,0x00178788,8
BTL_get_pos,0x00178B40,0x00178B44,4
BTL_get_vec,0x00178EA0,0x00178EA8,8
BTL_get_rot_x,0x00179260,0x00179348,184
BTL_inter_calc,0x00179360,0x00179374,20
BTL_tbl_set,0x00179650,0x00179658,8
BTL_cam_trans,0x00179950,0x00179A6C,276
BTL_scr_ck,0x00179B90,0x00179B94,4
BTL_screen_ck,0x00179F70,0x00179F7C,12
BTL_pl_screen_check,0x0017A690,0x0017A694,4
Get_new_cam_pos,0x0017A880,0x0017A888,8
Camera_battle_next,0x0017A950,0x0017AA18,108
Set_camera_mundus,0x0017AA60,0x0017AB74,148
Camera_mundus_type_a,0x0017AB80,0x0017AB8C,12
Camera_mundus_type_b,0x0017B330,0x0017B340,16
Set_camera_mundus2,0x0017BC70,0x0017BCA0,48
Set_camera_mundus3,0x0017BCA0,0x0017BCC0,32
Camera_mundus_type_c,0x0017BCC0,0x0017BCC8,8
Player_camera_check,0x0017C130,0x0017C13C,12
camera_area_check,0x0017CA20,0x0017CA24,4
Camera_Changer,0x0017CBD0,0x0017CBD4,4
Cam_reset,0x0017CF80,0x0017CF8C,12
Change_cam_area,0x0017D1A0,0x0017D204,100
Camera_scr_disp_off,0x0017D220,0x0017D2F0,208
Set_cam_area,0x0017D2F0,0x0017D350,92
Get_btl_cam_type,0x0017D350,0x0017D354,4
Check_btl_area,0x0017D520,0x0017D524,4
View_control,0x0017DC30,0x0017DEBC,640
Get_view,0x0017DEC0,0x0017DF7C,188
Get_zoom_view,0x0017E020,0x0017E024,4
Camera_battle_zoom,0x0017E370,0x0017E37C,12
camera_sp_cam,0x0017E550,0x0017E554,4
Oba_init,0x0017EA50,0x0017EA6C,28
Oba_link,0x0017EA70,0x0017EAF0,128
Oba_ck_hit,0x0017EB40,0x0017EB44,4
Oba_set_pos,0x0017ECD0,0x0017ECDC,12
Oba_ck_hit_sub,0x0017ED90,0x0017EDA0,16
Eff_work_init,0x0017F400,0x0017F40C,12
Srp_tag_init,0x0017F960,0x0017F96C,12
Eff_common_load,0x0017FA40,0x0017FBE8,424
Eff_room_load,0x0017FC00,0x0017FC80,128
Eff_status_init,0x0017FC90,0x0017FC9C,12
Eff_status_data_set,0x0017FCA0,0x0017FCB4,20
Eff_ctrl_set,0x0017FD40,0x0017FDB8,120
Eff_status_vramset,0x0017FDC0,0x0017FE00,64
Eff_vram_set,0x0017FE10,0x001800EC,436
Eff_amm_set,0x00180100,0x00180104,4
ann2d_ana,0x001805A0,0x001805AC,12
Eff_send_texture,0x00180D40,0x00180D50,16
Eff_status_exit,0x00180DC0,0x00180E80,192
get_eff2d_work,0x00180E90,0x00180EE8,88
get_sp_eff2d_work,0x00180EF0,0x00180F54,92
get_strip_work,0x00180F60,0x00180FB8,88
get_sp_strip_work,0x00180FC0,0x00181024,92
get_ectrl_work,0x00181030,0x00181088,88
get_sp_ectrl_work,0x00181090,0x001810F4,92
Esp_init,0x00181100,0x00181104,4
Eff2d_set,0x00181540,0x0018154C,12
Srp_init,0x001818E0,0x001818E4,4
Srp_set,0x00181CF0,0x00181CFC,12
Strip_set,0x001821B0,0x001821B8,8
Strip_set_sp,0x001822B0,0x001822BC,12
Ectr_set,0x00182490,0x00182494,4
Eff_move,0x00182790,0x00182794,4
Eff_stat_move,0x00182A70,0x00182A74,4
Eff_trans,0x00182C70,0x00182C74,4
Eff_stat_trans,0x00182E00,0x00182E98,152
close_eff2d_wk,0x00182EB0,0x00182F40,144
close_strip_wk,0x00182F40,0x00182FF0,176
close_ectrl_wk,0x00182FF0,0x00183080,144
eff2d_draw_sprite,0x00183080,0x00183084,4
eff2d_draw_polygon,0x00183740,0x00183744,4
eff2d_draw_poly_3d,0x00183FA0,0x00183FAC,12
eff2d_draw_sprite_status,0x00184830,0x00184838,8
eff2d_draw_polygon_status,0x00184C50,0x00184C54,4
strip_draw_polyline,0x00185220,0x00185228,8
strip_draw_3d,0x00185DC0,0x00185DC4,4
strip_draw_simple_3d,0x001864E0,0x001864E4,4
Ef2d_del,0x001874E0,0x001875A8,200
Ef2d_del_2ch,0x001875B0,0x00187600,80
Ef2d_reference,0x00187600,0x001876D0,208
Ef2d_next,0x001876D0,0x001877C0,240
Ef2d_cut,0x001877C0,0x00187870,176
Ef2d_again,0x00187870,0x00187920,176
Srp_del,0x00187920,0x001879E8,200
Srp_reference_num,0x001879F0,0x00187A90,160
Srp_cut,0x00187A90,0x00187B40,176
Srp_again,0x00187B40,0x00187BF0,176
Ectrl_del,0x00187BF0,0x00187C90,160
Ectrl_reference,0x00187C90,0x00187D38,168
Ectrl_next,0x00187D40,0x00187E08,200
Ectrl_cut,0x00187E10,0x00187EB0,160
Ectrl_again,0x00187EB0,0x00187F50,160
Eff_wep_del,0x00187F50,0x00187F70,32
Eff_pl_sp_del,0x00187FB0,0x00187FD8,40
Eff_pl_disp,0x001880A0,0x0018847C,528
Eff_em_disp,0x00188480,0x001886A4,308
Eff_event_disp,0x001886B0,0x001888E4,324
Eff_event_del,0x001888F0,0x00188910,32
Eff_event_del_no_pl,0x00188A70,0x00188A90,32
Eff_event_em_disp,0x00188B10,0x00188C24,172
Esp_orb_disp_and_move,0x00188C30,0x00188D28,248
Esp_orb_move,0x00188D30,0x00188DC8,152
Eff_map_point_move,0x00188DD0,0x00188E28,88
Esp_critical_scr_del,0x00188E30,0x00188E38,8
Rck_noset,0x00189110,0x00189144,52
Rck_set,0x00189150,0x001891F4,156
Rck_main,0x00189200,0x00189204,4
Rck_area_ck,0x00189280,0x00189284,4
Rck_box_hit_ck,0x00189390,0x0018939C,12
Rck_area_set,0x00189560,0x00189570,16
Rck_area_flg_ck,0x00189A70,0x00189A7C,12
Em06_move,0x00189B30,0x00189B38,8
Em06_mrp_move,0x0018A270,0x0018B288,760
Em06_R0_init,0x0018B580,0x0018B584,4
Em06_R0_move,0x0018BF50,0x0018BF58,8
Em06_R1_br_wait,0x0018C1C0,0x0018C1C8,8
Em06_R1_wait,0x0018C1D0,0x0018C300,204
Em06_R1_br_walk,0x0018C310,0x0018C314,4
Em06_R1_walk,0x0018C5C0,0x0018C78C,180
Em06_R1_br_run,0x0018C7A0,0x0018C7A4,4
Em06_R1_run,0x0018C9C0,0x0018C9C4,4
Em06_R1_br_turn,0x0018CD20,0x0018CD28,8
Em06_R1_turn,0x0018CD30,0x0018CEE4,372
Em06_R1_br_shake,0x0018CF90,0x0018CF98,8
Em06_R1_shake,0x0018CFA0,0x0018D050,160
Em06_R1_br_ikaku,0x0018D090,0x0018D098,8
Em06_R1_ikaku,0x0018D0A0,0x0018D144,144
Em06_R1_br_step,0x0018D220,0x0018D228,8
Em06_R1_step,0x0018D230,0x0018D238,8
Em06_R1_br_h_step,0x0018D930,0x0018D938,8
Em06_R1_h_step,0x0018D940,0x0018D948,8
Em06_R1_br_run_fly,0x0018DF90,0x0018DF98,8
Em06_R1_run_fly,0x0018DFA0,0x0018E1F8,500
Em06_R1_br_fly,0x0018E240,0x0018E244,4
Em06_R1_fly,0x0018E470,0x0018E47C,12
Em06_R1_br_fly_506,0x0018E880,0x0018E888,8
Em06_R1_fly_506,0x0018E890,0x0018E898,8
Em06_R1_br_hover_move_506,0x0018F5F0,0x0018F604,20
Em06_R1_hover_move_506,0x0018F670,0x0018F694,36
Em06_R1_br_hover_506,0x0018F8E0,0x0018F8E8,8
Em06_R1_hover_506,0x0018F8F0,0x0018F8F4,4
Em06_R1_br_atk_ele_506,0x0018FCD0,0x0018FCD8,8
Em06_R1_atk_ele_506,0x0018FCE0,0x0018FCE8,8
Em06_R1_br_atk_tenchu_506,0x00190620,0x00190628,8
Em06_R1_atk_tenchu_506,0x00190630,0x0019063C,12
Em06_R1_br_hover_hune_506,0x00190B90,0x00190B94,4
Em06_R1_hover_hune_506,0x00190EC0,0x00190EC8,8
Em06_R1_br_fly_recover,0x001911A0,0x001911A8,8
Em06_R1_fly_recover,0x001911B0,0x00191268,168
Em06_R1_br_hover_move,0x001912C0,0x00191414,340
Em06_R1_hover_move,0x00191430,0x00191438,8
Em06_R1_br_hover_step,0x001919C0,0x001919C8,8
Em06_R1_hover_step,0x001919D0,0x001919D8,8
Em06_R1_br_hover_b_step,0x00191E30,0x00191E38,8
Em06_R1_hover_b_step,0x00191E40,0x00191E48,8
Em06_R1_br_hover_step_506,0x001921F0,0x001921F8,8
Em06_R1_hover_step_506,0x00192200,0x00192204,4
Em06_R1_br_hover_bak_506,0x00192550,0x00192558,8
Em06_R1_hover_bak_506,0x00192560,0x00192564,4
Em06_R1_br_atk_jump_506,0x00192990,0x00192998,8
Em06_R1_atk_jump_506,0x001929A0,0x001929AC,12
Em06_R1_br_land_run,0x001933A0,0x001933A8,8
Em06_R1_land_run,0x001933B0,0x001933B4,4
Em06_R1_br_atk_tsuki,0x00193A50,0x00193A58,8
Em06_R1_atk_tsuki,0x00193A60,0x00193AD0,96
Em06_R1_br_atk_land,0x00193B60,0x00193B68,8
Em06_R1_atk_land,0x00193B70,0x00193B74,4
Em06_R1_br_atk_ele_walk,0x00193F30,0x00193F38,8
Em06_R1_atk_ele_walk,0x00193F40,0x00193F48,8
Em06_R1_br_atk_ele_fly,0x00194370,0x00194378,8
Em06_R1_atk_ele_fly,0x00194380,0x00194388,8
Em06_R1_br_atk_ele,0x001949D0,0x001949D8,8
Em06_R1_atk_ele,0x001949E0,0x001949E8,8
Em06_R1_br_atk_ji_ele,0x00195340,0x00195348,8
Em06_R1_atk_ji_ele,0x00195350,0x0019535C,12
Em06_R1_br_atk_heven_ele,0x00196170,0x00196178,8
Em06_R1_atk_heven_ele,0x00196180,0x00196184,4
Em06_R1_br_atk_jump,0x00196B60,0x00196B68,8
Em06_R1_atk_jump,0x00196B70,0x00196B74,4
Em06_R1_br_atk_hane,0x00197650,0x00197658,8
Em06_R1_atk_hane,0x00197660,0x00197664,4
Em06_R1_br_atk_2tuki,0x00197930,0x00197938,8
Em06_R1_atk_2tuki,0x00197940,0x00197944,4
Em06_R1_br_atk_bom,0x00197C80,0x00197C88,8
Em06_R1_atk_bom,0x00197C90,0x00197C98,8
Em06_R1_br_atk_down_tou,0x001982D0,0x001982D8,8
Em06_R1_atk_down_tou,0x001982E0,0x001982E4,4
Em06_R1_br_atk_syo,0x00198580,0x00198588,8
Em06_R1_atk_syo,0x00198590,0x00198594,4
Em06_dm_ck,0x001986C0,0x001986CC,12
Em06_R0_damage,0x00199420,0x001994D8,184
Em06_R1_dm_handgun,0x001994F0,0x001995AC,152
Em06_R1_dm_land,0x00199600,0x001999D4,364
Em06_R1_dm_handgun_fly,0x00199A80,0x00199AAC,44
Em06_R1_dm_506,0x0019A060,0x0019A138,196
Em06_R1_dm_216,0x0019A1F0,0x0019A25C,88
Em06_R0_die,0x0019A2B0,0x0019A368,184
Em06_R1_die_handgun,0x0019A380,0x0019A608,560
Em06_R1_die_escape,0x0019A620,0x0019A62C,12
Em06_R1_die_bourei,0x0019ADB0,0x0019AFD0,128
Em06_R1_br_fall_down,0x0019B0A0,0x0019B0A8,8
Em06_R1_fall_down,0x0019B0B0,0x0019B270,388
Em06_R1_br_fall_down2,0x0019B2A0,0x0019B2A8,8
Em06_R1_fall_down2,0x0019B2B0,0x0019B4C0,428
Em06_event_end,0x0019B4D0,0x0019B508,56
Em06_event_end_R506,0x0019B560,0x0019B59C,60
Pl_em_dam_em06_atk_ele,0x0019B600,0x0019B608,8
Get_height_em06,0x0019BD50,0x0019BD58,8
Em06_hom_th_init,0x0019BE90,0x0019BEB8,40
Em06_hom_th_move,0x0019BEC0,0x0019BECC,12
Em06_hom_th_set,0x0019C4F0,0x0019C540,64
Em06_hom_th_set1,0x0019C540,0x0019C590,64
Em06_hom_th_set2,0x0019C590,0x0019C620,128
Em06_hom_syo_init,0x0019C630,0x0019C638,8
Em06_hom_syo_move,0x0019C7B0,0x0019C7B4,4
Em06_om06_dm_ck,0x0019DAF0,0x0019DBAC,152
Em06_hom_syo_set,0x0019DC30,0x0019DC64,52
Get_height_pos_or_em06,0x0019DC90,0x0019DC94,4
Sce_at_init,0x0019DD40,0x0019DD94,84
Sce_at,0x0019DDC0,0x0019DDC4,4
Sce_at_flg_check,0x0019DF40,0x0019DF44,4
Sce_at_check,0x0019E070,0x0019E074,4
Sat_door,0x0019E470,0x0019E474,4
Sat_item,0x0019E620,0x0019E66C,76
Sat_normal,0x0019E680,0x0019E688,8
Sat_flg,0x0019E690,0x0019E72C,156
Sat_mess,0x0019E730,0x0019E760,48
Sat_ladder,0x0019E780,0x0019E7A4,36
Sat_exec,0x0019E7B0,0x0019E7D4,36
Sat_water,0x0019E810,0x0019E8A4,148
Sat_jump,0x0019E8B0,0x0019E8F8,72
Sat_jump2,0x0019E910,0x0019E958,72
Sat_use,0x0019E970,0x0019E9C8,84
Sat_water_out,0x0019E9E0,0x0019E9E4,4
Sat_shop,0x0019EAB0,0x0019EB04,84
Sat_orb,0x0019EB10,0x0019EB90,128
Sat_damage,0x0019ED40,0x0019ED44,4
Sat_look,0x0019EE50,0x0019EE98,72
Sat_look_sub,0x0019EEA0,0x0019EEA4,4
Sat_look_stop_off,0x0019F470,0x0019F4F4,132
Sat_look_stop_off_sce,0x0019F500,0x0019F510,16
Water_check,0x0019F5C0,0x0019F5C8,8
scheduler_main,0x0019F730,0x0019F734,4
Task_execute,0x0019F820,0x0019F870,80
Task_chain,0x0019F870,0x0019F8A0,48
Task_kill,0x0019F8C0,0x0019F914,84
Task_exit,0x0019F930,0x0019F950,32
Task_suspend,0x0019F970,0x0019F998,40
Task_signal,0x0019F9A0,0x0019F9C8,40
Task_sleep,0x0019F9D0,0x0019FA00,48
Task_status,0x0019FA20,0x0019FA40,32
scheduler_init,0x0019FA40,0x0019FAF4,180
capVu0Sqrt,0x0019FB00,0x0019FB28,40
capVu0Length,0x0019FB30,0x0019FB5C,44
capVu0LengthAB,0x0019FB60,0x0019FB94,52
capVu0UnitVector,0x0019FBA0,0x0019FBA8,8
capVu0AddVectorXYZ,0x0019FBB0,0x0019FBC4,20
capVu0SubVectorXYZ,0x0019FBD0,0x0019FBE4,20
capVu0NormalizeW,0x0019FBF0,0x0019FC14,36
capVu0ScaleVector,0x0019FC20,0x0019FC40,32
capVu0ScaleVectorXYZ2,0x0019FC40,0x0019FC60,32
capVu0Sin,0x0019FC60,0x0019FD18,184
capVu0Cos,0x0019FD20,0x0019FDDC,188
capVu0SinCos,0x0019FDE0,0x0019FE90,176
capVu0Atan2,0x0019FE90,0x001A0000,368
capVu0Acos,0x001A0000,0x001A0030,48
capVu0ITOF12Vector,0x001A0040,0x001A0050,16
capVu0ApplyMatrixXYZ,0x001A0050,0x001A0074,36
capVu0MulMatrix2,0x001A0080,0x001A00F4,116
capVu0MulMatrix,0x001A0100,0x001A0174,116
capVu0MulMatrix_r,0x001A0180,0x001A01E4,100
capCopyMatrix,0x001A01F0,0x001A0214,36
Seed_set,0x001A0220,0x001A0234,20
Rand_set1_1,0x001A0240,0x001A0268,40
Rand_set0_1,0x001A0270,0x001A028C,28
Rand_set_sp1_1,0x001A0290,0x001A02C8,56
Rand_set_sp0_1,0x001A02D0,0x001A02FC,44
capVu0Compare,0x001A0300,0x001A0334,52
capVu0UnitMatrix_r,0x001A0340,0x001A0368,40
Rnd,0x001A0370,0x001A03B4,68
_capVu0ecossin,0x001A03C0,0x001A0434,116
capVu0RotMatrixZ_r,0x001A0440,0x001A0448,8
capVu0UnitRotMatrixZ,0x001A0520,0x001A0524,4
capVu0UnitRotMatrixZ_r,0x001A05D0,0x001A05D4,4
capVu0RotMatrixX_r,0x001A0680,0x001A0688,8
capVu0UnitRotMatrixX,0x001A0760,0x001A0764,4
capVu0UnitRotMatrixX_r,0x001A0820,0x001A0824,4
capVu0RotMatrixY_r,0x001A08D0,0x001A08D8,8
capVu0UnitRotMatrixY,0x001A09B0,0x001A09B4,4
capVu0UnitRotMatrixY_r,0x001A0A70,0x001A0A74,4
capVu0RotMatrixXYZ,0x001A0B20,0x001A0B28,8
SndInit,0x001A0B90,0x001A0CDC,332
SndOutputMode,0x001A0CF0,0x001A0D0C,28
SndBgmTblInit,0x001A0D10,0x001A0DC4,180
SndControl,0x001A0DE0,0x001A0DEC,12
SndSeCall,0x001A17D0,0x001A17D8,8
SndSeCallDirect,0x001A1B60,0x001A1BA4,68
SndSeStop,0x001A1BB0,0x001A1BE0,48
SndSeAllStop,0x001A1BF0,0x001A1C1C,44
SndAllStop,0x001A1C30,0x001A1C84,84
SndBgmPlay,0x001A1C90,0x001A1C98,8
SndBgmPlay2,0x001A1CA0,0x001A1D20,128
SndBgmStop,0x001A1D30,0x001A1D8C,92
SndSceneInit,0x001A1DA0,0x001A1DBC,28
SndSceneBgmStart,0x001A1DE0,0x001A1DF0,16
SndBgmRestart,0x001A2060,0x001A2068,8
SndBgmVolSet,0x001A2100,0x001A2140,64
SndBgmFadeSet,0x001A2150,0x001A21D4,132
SndBgmLoadCk,0x001A21E0,0x001A21E4,4
DoorSeCk,0x001A24A0,0x001A25C4,280
SndAdsBindPlay,0x001A25E0,0x001A25E4,4
SndAdsStop,0x001A2790,0x001A2808,120
SndAdsFadeout,0x001A2820,0x001A2864,68
SndAdsPlayCk,0x001A2880,0x001A28E8,96
SndAdsBindPlaySet,0x001A2900,0x001A2904,4
SndAdsStandbyCk,0x001A2AB0,0x001A2B4C,148
SndAdsStart,0x001A2B60,0x001A2BD4,116
SndAdsVolSet,0x001A2BE0,0x001A2C44,100
BgmTblSet,0x001A2C60,0x001A32D4,1616
SndStatusVolSet,0x001A32E0,0x001A3350,108
foot_se_chk,0x001A3360,0x001A3364,4
FlrAtInit,0x001A34E0,0x001A3534,84
SndEffMove,0x001A3540,0x001A3548,8
SndEffSet,0x001A3850,0x001A38AC,68
SndEffKill,0x001A38C0,0x001A3974,176
PlSeReplace,0x001A3980,0x001A3990,16
SeTransSpu,0x001A3990,0x001A39F4,100
GetSdt,0x001A3A10,0x001A3A34,36
Pad_init,0x001A3A40,0x001A3B38,228
Pad_read,0x001A3B50,0x001A3B54,4
Key_set,0x001A4020,0x001A4224,508
Pad_set,0x001A4230,0x001A4238,8
Pad_act_set,0x001A4510,0x001A4584,116
Pad_actuater,0x001A4590,0x001A4594,4
Pad_act_start,0x001A46A0,0x001A4798,248
Pad_act_stop,0x001A47A0,0x001A47A8,8
Pad_act_all_stop,0x001A47B0,0x001A47F0,64
Key_stop_mask,0x001A47F0,0x001A4894,164
Pad_stop_disarm,0x001A48A0,0x001A48C8,40
Title_task,0x001A48D0,0x001A49CC,244
Title_warning,0x001A49D0,0x001A49D4,4
Title_trial_warning,0x001A4BF0,0x001A4BF4,4
Title_capcom_logo_load,0x001A4E10,0x001A4EB0,132
Title_capcom_logo,0x001A4EC0,0x001A4EC4,4
Title_load,0x001A50A0,0x001A51D8,312
Title_init,0x001A5200,0x001A5204,4
Title_main,0x001A5870,0x001A599C,224
Title_move,0x001A59B0,0x001A59B8,8
Title_game_character_select,0x001A5D40,0x001A5D48,8
Title_game_level_select,0x001A5FB0,0x001A5FB8,8
Title_trans,0x001A6240,0x001A624C,12
Title_start_effect,0x001A6730,0x001A68F0,296
Title_normal_fade_out,0x001A6900,0x001A6984,116
Title_trial_caution,0x001A69A0,0x001A69A4,4
Title_exit,0x001A6BA0,0x001A6BA8,8
Mem_win_disp,0x001A6D60,0x001A6D68,8
Mem_win_ctrl,0x001A6D70,0x001A6D78,8
Vramview2,0x001A6D80,0x001A6DD0,80
Vramview_init,0x001A6DD0,0x001A6DF4,36
alignment,0x001A6E20,0x001A6E50,48
Vramview_ctrl_init,0x001A6E50,0x001A6EB4,100
Vramview_disp_init,0x001A6EC0,0x001A6EDC,28
Main_win_init,0x001A6EF0,0x001A6EF4,4
Color_edit_win_init,0x001A7410,0x001A74F0,224
Vramview_ctrl,0x001A74F0,0x001A753C,68
Main_win_ctrl,0x001A7540,0x001A758C,68
Pixel_CLUT_ctrl,0x001A7590,0x001A7594,4
Color_edit_ctrl,0x001A7B80,0x001A7DA8,552
Vramview_disp,0x001A7DB0,0x001A7DFC,68
Main_win_disp,0x001A7E00,0x001A7E6C,108
Usage_disp,0x001A7E80,0x001A7ECC,68
Pixel_CLUT_ctrl_Usage,0x001A7ED0,0x001A7EF8,40
Color_edit_ctrl_Usage,0x001A80B0,0x001A80D8,40
Pixel_disp,0x001A8230,0x001A8238,8
Scrollbar_disp,0x001A8B80,0x001A8B88,8
MIPMAP_disp,0x001A8E00,0x001A8E04,4
CLUT_disp,0x001A9810,0x001A981C,12
Color_edit_disp,0x001AA0B0,0x001AA0B8,8
Color_edit_cursol_disp,0x001AA6B0,0x001AA828,376
Color_edit_win_disp,0x001AA850,0x001AA854,4
Information_disp,0x001AAD90,0x001AAD94,4
eff2d_00_init,0x001AB130,0x001AB158,40
eff2d_00_move,0x001AB170,0x001AB178,8
Eff2d_00,0x001AB180,0x001AB1A0,32
eff2d_01_init00,0x001AB1A0,0x001AB1C8,40
eff2d_01_move10,0x001AB230,0x001AB29C,108
eff2d_01_move20,0x001AB2A0,0x001AB35C,160
Eff2d_01,0x001AB370,0x001AB3B0,64
eff2d_02_init00,0x001AB3C0,0x001AB3FC,60
eff2d_02_move10,0x001AB430,0x001AB434,4
eff2d_02_move20,0x001AB600,0x001AB624,36
Eff2d_02,0x001AB650,0x001AB670,32
eff2d_09_init,0x001AB670,0x001AB698,40
eff2d_09_move,0x001AB720,0x001AB728,8
Eff2d_09,0x001AB9B0,0x001AB9D0,32
eff2d_0b_init00,0x001AB9D0,0x001AB9F8,40
eff2d_0b_move10,0x001ABA30,0x001ABAEC,188
eff2d_0b_move30,0x001ABAF0,0x001ABB1C,44
eff2d_0b_move40,0x001ABB20,0x001ABC10,240
Eff2d_0b,0x001ABC10,0x001ABC30,32
eff2d_0c_init00,0x001ABC30,0x001ABC58,40
eff2d_0c_move10_t00,0x001ABC70,0x001ABCC4,84
eff2d_0c_move10_t01,0x001ABCD0,0x001ABCEC,28
Eff2d_0c,0x001ABD10,0x001ABDC0,168
eff2d_0e_init00,0x001ABDC0,0x001ABDE8,40
eff2d_0e_move10,0x001ABE10,0x001ABE24,20
eff2d_0e_wait20,0x001ABF70,0x001ABF78,8
Eff2d_0e,0x001ABF80,0x001ABFA0,32
eff2d_10_init00_r01,0x001ABFA0,0x001AC098,248
eff2d_10_move10_r01,0x001AC0D0,0x001AC0D4,4
eff2d_10_move20_r01,0x001AC190,0x001AC198,8
eff2d_10_init00_r02,0x001AC1A0,0x001AC1B4,20
eff2d_10_move10_r02,0x001AC240,0x001AC244,4
eff2d_10_init00_r03,0x001AC480,0x001AC494,20
eff2d_10_move10_r03,0x001AC520,0x001AC524,4
eff2d_10_init00_r04,0x001AC6B0,0x001AC6B4,4
eff2d_10_wait10_r04,0x001AC910,0x001ACA04,196
eff2d_10_wait20_r04,0x001ACA50,0x001ACA64,20
eff2d_10_move30_r04,0x001ACD00,0x001ACEC4,236
eff2d_10_end40_r04,0x001ACFE0,0x001AD110,216
exp_light_set,0x001AD150,0x001AD154,4
Eff2d_10,0x001AD2C0,0x001AD2F0,48
eff2d_12_init00,0x001AD2F0,0x001AD318,40
eff2d_12_move10,0x001AD330,0x001AD338,8
eff2d_12_end20,0x001AD340,0x001AD374,52
Eff2d_12,0x001AD380,0x001AD3A0,32
eff2d_14_init00,0x001AD3A0,0x001AD3C8,40
eff2d_14_move10,0x001AD3E0,0x001AD3F0,16
Eff2d_14,0x001AD4C0,0x001AD4E0,32
eff2d_15_move10_r01,0x001AD4E0,0x001AD518,56
eff2d_15_init00_r02,0x001AD520,0x001AD548,40
eff2d_15_init00_r03,0x001AD570,0x001AD598,40
eff2d_15_move10_r03,0x001AD5D0,0x001AD690,192
eff2d_15_wait20_r03,0x001AD690,0x001AD6D8,72
eff2d_15_vanish30_r03,0x001AD6E0,0x001AD7B0,208
Eff2d_15,0x001AD7B0,0x001AD7E0,48
eff2d_17_init00,0x001AD7E0,0x001AD808,40
eff2d_17_move10,0x001AD820,0x001AD840,32
Eff2d_17,0x001AD8F0,0x001AD910,32
eff2d_1a_init00,0x001AD910,0x001AD938,40
eff2d_1a_move10,0x001AD950,0x001AD974,36
Eff2d_1a,0x001AD9C0,0x001AD9E0,32
Eff2d_1b,0x001AD9E0,0x001ADA5C,124
Ot_init,0x001ADA70,0x001ADB10,160
Mod_ot_init,0x001ADB20,0x001ADC0C,236
Mod_ot_set_tag,0x001ADC10,0x001ADC80,112
Mod_ot_ss_init,0x001ADC80,0x001ADDA4,292
Mod_ot_ss_set,0x001ADDB0,0x001ADDB8,8
Mod_ot_ss_cb_init,0x001ADDC0,0x001ADDC8,8
H_ot_init,0x001ADDD0,0x001ADE88,184
Ot_set_tag0,0x001ADE90,0x001ADEE8,88
Ot_set_tag1,0x001ADEF0,0x001ADF58,104
Ot_set_tag_om,0x001ADF60,0x001ADFC8,104
Eff_md_ot_set_tag,0x001ADFD0,0x001AE028,88
Eff_md_ot_set_tag_alpha,0x001AE030,0x001AE088,88
Sg_ot_init,0x001AE090,0x001AE11C,140
Sg_ot0_set_tag,0x001AE120,0x001AE174,84
Sg_ot1_set_tag,0x001AE180,0x001AE1D4,84
Draw_Sg_ot,0x001AE1E0,0x001AE1FC,28
Draw_Sg_ot1,0x001AE230,0x001AE24C,28
Initset_VU1_DIRECT_WORK,0x001AE280,0x001AE290,16
Set_VU1_DIRECT_WORK,0x001AE290,0x001AE2EC,92
Set_VU1_DIRECT_IMAGE_WORK,0x001AE2F0,0x001AE34C,92
End_VU1_DIRECT_WORK,0x001AE350,0x001AE37C,44
Mk_vu1_direct_tag,0x001AE380,0x001AE400,128
Mk_free_tag,0x001AE400,0x001AE494,148
Rain_set,0x001AE4A0,0x001AE4A4,4
Rain_pos_init,0x001AE670,0x001AE680,16
Rain_vol_set,0x001AE790,0x001AE7AC,28
Rain_move,0x001AE7B0,0x001AE7B8,8
Rain_center_calc,0x001AECA0,0x001AECAC,12
Rain_trans,0x001AED90,0x001AED9C,12
Rain_env_set,0x001AF500,0x001AF504,4
Rain_env_set_ot0,0x001AF630,0x001AF650,32
Rain_env_set_ot1,0x001AF650,0x001AF670,32
Rain_env_set_ot2,0x001AF670,0x001AF690,32
Rain_env_set_ot3,0x001AF690,0x001AF6B0,32
Rain_set_stencil,0x001AF6B0,0x001AF738,136
Rain_trans_end,0x001AF750,0x001AF760,16
Rain_trans_end_ot0,0x001AF8C0,0x001AF8C8,8
Rain_trans_end_ot1,0x001AF8D0,0x001AF8D4,4
Rain_trans_end_ot2,0x001AFA20,0x001AFA24,4
Rain_trans_end_ot3,0x001AFB70,0x001AFB74,4
Rain_reset_stencil,0x001AFCC0,0x001AFD60,156
Wind_init,0x001AFD60,0x001AFDC4,100
Wind_ck,0x001AFDE0,0x001AFDF0,16
Water_dust_set,0x001B0290,0x001B02FC,108
Water_dust_move,0x001B03E0,0x001B03F0,16
Water_dust_trans,0x001B0790,0x001B079C,12
Water_dust_env_set,0x001B0920,0x001B09EC,204
Water_dust_trans_end,0x001B09F0,0x001B0A98,168
Morph_init,0x001B0AA0,0x001B0DA8,776
Morph_reset,0x001B0DC0,0x001B0EFC,316
Em_morph_init,0x001B0F00,0x001B13D8,1240
Em_morph_set,0x001B13F0,0x001B147C,140
Em_morph_set_rate,0x001B1480,0x001B14FC,124
Em_morph_move,0x001B1500,0x001B1724,548
Morph,0x001B1740,0x001B1744,4
Morph2,0x001B18B0,0x001B18B4,4
Morph3,0x001B1A10,0x001B1A14,4
Scr_morph_init,0x001B1D10,0x001B1F20,528
Scr_morph,0x001B1F30,0x001B1F34,4
Morph_sub_h,0x001B2090,0x001B2104,116
Morph_calc_h,0x001B2110,0x001B21A8,152
Face_morph,0x001B21B0,0x001B21B4,4
Om_morph_init,0x001B23F0,0x001B28D0,1248
Get_scr_morph_pos,0x001B28E0,0x001B28E4,4
Coat_matrix_calc,0x001B29B0,0x001B29B8,8
Regist_damage_work,0x001B44B0,0x001B4714,612
Trajectory_atari_check,0x001B4720,0x001B4724,4
Line_at_ck,0x001B4D30,0x001B4D34,4
Sword_atari_check,0x001B55B0,0x001B55B4,4
Em_catch_pl,0x001B5C50,0x001B5C60,16
Ryu_catch_pl,0x001B5F80,0x001B5F84,4
Ck_player,0x001B6220,0x001B6224,4
Em_attack_ck,0x001B6340,0x001B634C,12
Em_attack_ck2,0x001B6820,0x001B6824,4
Em_attack_ck4,0x001B6EE0,0x001B6EE4,4
Life_down_set,0x001B7550,0x001B7A54,1248
Add_rank,0x001B7A60,0x001B7B80,288
Ck_rank_timer,0x001B7B80,0x001B7C1C,156
Pl_r1_attack,0x001B7C20,0x001B7E54,560
Plw_lock_off_trg_ck,0x001B7E70,0x001B7F58,232
Plw_lock_on_trg_ck,0x001B7F60,0x001B8014,180
Plw_atk_trg_ck,0x001B8020,0x001B8538,1296
Set_atk_on_off_w01,0x001B8540,0x001B8598,68
Set_atk_on_off_w02,0x001B85A0,0x001B85F8,68
Set_atk_on_off_w03,0x001B8600,0x001B86AC,156
Set_atk_on_off_w04,0x001B86B0,0x001B875C,156
Check_special_rtn,0x001B8760,0x001B8764,4
Plw01_move,0x001B8A20,0x001B8A68,72
Plw01_move00,0x001B8A70,0x001B8B60,240
Plw01_move01,0x001B8B60,0x001B8EC8,844
Plw01_atk00_off,0x001B8EE0,0x001B8FA8,148
Plw01_atk00_on,0x001B8FE0,0x001B8FE4,4
Plw01_atk00_atk,0x001B9160,0x001B9260,180
Plw01_atk01_off,0x001B9280,0x001B93D4,312
Plw01_atk01_on,0x001B93F0,0x001B9554,328
Plw01_atk01_atk,0x001B9570,0x001B96A4,300
Plw01_atk02_off,0x001B96C0,0x001B981C,320
Plw01_atk02_on,0x001B9840,0x001B99AC,336
Plw01_atk02_atk,0x001B99D0,0x001B9B04,300
Plw01_atk03_off,0x001B9B20,0x001B9C74,312
Plw01_atk03_on,0x001B9C90,0x001B9DF4,328
Plw01_atk03_atk,0x001B9E10,0x001B9F44,300
Plw01_atk04_off,0x001B9F60,0x001BA0B4,312
Plw01_atk04_on,0x001BA0D0,0x001BA234,328
Plw01_atk04_atk,0x001BA250,0x001BA384,300
Plw01_atk05_off,0x001BA3A0,0x001BA4FC,320
Plw01_atk05_on,0x001BA520,0x001BA68C,336
Plw01_atk05_atk,0x001BA6B0,0x001BA7E4,300
Pl_r1_jump_handgun,0x001BA800,0x001BA804,4
Pl_r1_jump_shotgun,0x001BB1F0,0x001BB1F4,4
Pl_r1_jump_laser,0x001BBB80,0x001BBB84,4
Plw02_move,0x001BC540,0x001BC588,72
Plw02_move00,0x001BC590,0x001BC680,240
Plw02_move01,0x001BC680,0x001BC9A0,768
Plw02_atk00_off,0x001BC9B0,0x001BCAA8,192
Plw02_atk00_on,0x001BCAE0,0x001BCAE4,4
Plw02_atk00_atk,0x001BCC90,0x001BCDB0,236
Plw02_atk01_off,0x001BCDD0,0x001BCF24,312
Plw02_atk01_on,0x001BCF40,0x001BD0A4,328
Plw02_atk01_atk,0x001BD0C0,0x001BD1E4,284
Plw02_atk03_off,0x001BD200,0x001BD354,312
Plw02_atk03_on,0x001BD370,0x001BD4D4,328
Plw02_atk03_atk,0x001BD4F0,0x001BD614,284
Plw02_atk04_off,0x001BD630,0x001BD784,312
Plw02_atk04_on,0x001BD7A0,0x001BD904,328
Plw02_atk04_atk,0x001BD920,0x001BDA44,284
Plw02_atk05_off,0x001BDA60,0x001BDBB4,312
Plw02_atk05_on,0x001BDBD0,0x001BDD34,328
Plw02_atk05_atk,0x001BDD50,0x001BDE74,284
Plw03_move,0x001BDE90,0x001BDF00,112
Plw03_move00,0x001BDF10,0x001BE004,244
Plw03_move01,0x001BE010,0x001BE34C,796
Plw03_atk00_off,0x001BE360,0x001BE428,148
Plw03_atk00_on,0x001BE460,0x001BE464,4
Plw03_atk00_atk,0x001BE5E0,0x001BE6D4,192
Plw03_atk01_off,0x001BE6F0,0x001BE844,312
Plw03_atk01_on,0x001BE860,0x001BE9C4,328
Plw03_atk03_off,0x001BE9E0,0x001BEB34,312
Plw03_atk03_on,0x001BEB50,0x001BECB4,328
Plw03_atk04_off,0x001BECD0,0x001BEE24,312
Plw03_atk04_on,0x001BEE40,0x001BEFA4,328
Plw03_atk05_off,0x001BEFC0,0x001BF114,312
Plw03_atk05_on,0x001BF130,0x001BF294,328
Plw04_move,0x001BF2B0,0x001BF320,112
Plw04_move00,0x001BF330,0x001BF420,240
Plw04_move01,0x001BF420,0x001BF75C,796
Plw04_atk00_off,0x001BF770,0x001BF838,148
Plw04_atk00_on,0x001BF870,0x001BF874,4
Plw04_atk00_atk,0x001BF9F0,0x001BF9F8,8
Plw04_atk01_off,0x001BFF10,0x001C0064,312
Plw04_atk01_on,0x001C0080,0x001C01E4,328
Plw04_atk03_off,0x001C0200,0x001C0354,312
Plw04_atk03_on,0x001C0370,0x001C04D4,328
Plw04_atk04_off,0x001C04F0,0x001C0644,312
Plw04_atk04_on,0x001C0660,0x001C07C4,328
Plw04_atk05_off,0x001C07E0,0x001C0934,312
Plw04_atk05_on,0x001C0950,0x001C0AB4,328
Pl_r1_escape_F,0x001C0AD0,0x001C0AD4,4
Pl_r1_escape_FT,0x001C17B0,0x001C17B4,4
Pl_r1_escape_FK,0x001C25F0,0x001C25F4,4
Pl_r1_escape_BK,0x001C3380,0x001C3384,4
Pl_r1_escape_VK,0x001C4180,0x001C4184,4
Pl_r1_escape_B,0x001C4B90,0x001C4B94,4
Pl_r1_escape_F2,0x001C58C0,0x001C6714,96
Pl_r1_escape_L,0x001C6730,0x001C67D0,116
Pl_r1_escape_R,0x001C6880,0x001C6924,120
Pl_r1_escape_V,0x001C69D0,0x001C69D4,4
Clear_trajectory,0x001C7420,0x001C7450,48
Set_trajectory,0x001C7450,0x001C7454,4
Set_trajectory2,0x001C7A20,0x001C7A24,4
Disp_trajectory_line,0x001C7B00,0x001C7B04,4
Wep01_damage_check,0x001C7BB0,0x001C7BB4,4
Wep04_damage_check,0x001C83E0,0x001C83E4,4
Wep05_damage_check,0x001C9170,0x001C9174,4
Pl_screw_atk_ck,0x001C9510,0x001C951C,12
Gp_set_texflush_tag,0x001C9690,0x001C96C0,48
Gp_Sttexture_init,0x001C96C0,0x001C96CC,12
Gp_Sttexture2_init,0x001C9A80,0x001C9A9C,28
Gp_Sttexture_set,0x001C9E20,0x001C9E54,52
Gp_Sttexture_uv_add,0x001C9E60,0x001C9EE8,136
Gp_Rengt416_init,0x001C9EF0,0x001CA7A8,2232
Gp_Rengt416_init2,0x001CA7B0,0x001CA7D8,40
Gp_Rengt4N_mk_free_tag,0x001CA7E0,0x001CA8E4,260
Gp_Rengt4N_init_work,0x001CA8F0,0x001CA8F8,8
Gp_Rengt4N_color_set,0x001CACC0,0x001CACC4,4
Gp_RengtN_mul_ver_w,0x001CAEF0,0x001CAEF4,4
Gp_RengtN_mul_ver1_w,0x001CB1D0,0x001CB1D4,4
Gp_RengtN_mul_ver2_w,0x001CB6E0,0x001CB6E4,4
Gp_RengtN_mul_ver3_w,0x001CBD70,0x001CBD74,4
Gp_SQGT4_init_work,0x001CC080,0x001CC084,4
Gp_chfr_tost_init,0x001CC320,0x001CC438,280
Gp_bkfr_init,0x001CC440,0x001CC4D0,144
Gp_bkfr_mul,0x001CC4D0,0x001CC518,68
Gp_ston_init,0x001CC520,0x001CC730,528
Gp_texline_init,0x001CC730,0x001CC8B8,392
Gp_set_anim_tag_memory,0x001CC8C0,0x001CCA2C,364
Clut_hokan,0x001CCA40,0x001CCA8C,76
Dset_mode,0x001CCB40,0x001CCB48,8
Gdma_set_t_screen_sprite_tag0,0x001CCCF0,0x001CCE4C,348
Gdma_set_stencil_sprite_tag0,0x001CCE50,0x001CCFA4,340
Efm_wave_index_set,0x001CCFB0,0x001CCFB4,4
Efm_wave_index_set2,0x001CD280,0x001CD284,4
Efm_1wave_mul2,0x001CD5D0,0x001CD5D8,8
Efm_1wave_mul3,0x001CDD10,0x001CDD18,8
Movie_on,0x001CE330,0x0039C660,12
Movie_set,0x001CE340,0x001CE344,4
Movie_task_init,0x001CE4F0,0x001CE50C,28
Movie_ctrl,0x001CE510,0x001CE518,8
MovieEndCheck,0x001CE8D0,0x001CE8F0,32
MovieStatus,0x001CE8F0,0x001CE934,68
Cd_init,0x001CE940,0x001CEA44,236
CdReadCheck,0x001CEA50,0x001CEA74,36
CdReadCheck2,0x001CEA80,0x001CEA8C,12
CdReadManager,0x001CEA90,0x001CEA98,8
CallCdModule,0x001CEAA0,0x001CEAA4,4
CallCdModule2,0x001CEE70,0x001CEE74,4
CdItemRead,0x001CF000,0x001CF03C,60
CdMovieRead,0x001CF050,0x001CF078,40
CdMovieTrans,0x001CF090,0x001CF0B8,40
CdFileRead,0x001CF0D0,0x001CF10C,60
CdFsdRead,0x001CF120,0x001CF170,80
CdGetEETransSize,0x001CF190,0x001CF1AC,28
CdMovieExit,0x001CF1C0,0x001CF1DC,28
CdMovieEndCheck,0x001CF1F0,0x001CF20C,28
CdRead00,0x001CF220,0x001CF238,24
CdBindRead,0x001CF240,0x001CF258,24
Scene_load,0x001CF260,0x001CF264,4
make_dummy_scene_head,0x001CF660,0x001CF698,56
Make_default_scene_info,0x001CF6D0,0x001CF880,432
Check_scene_info,0x001CF880,0x001CF9D0,336
Make_default_scene2_info,0x001CF9D0,0x001CFB08,312
Check_scene2_info,0x001CFB10,0x001CFC10,256
Get_tex_no,0x001CFC10,0x001CFC40,44
Scene_vinfo_init,0x001CFC40,0x001CFD10,208
Set_pl_light,0x001CFD10,0x001CFFD4,668
Lightning_reset,0x001CFFE0,0x001D0060,128
Lightning_light_init,0x001D0060,0x001D0070,16
Lightning_light_move,0x001D0290,0x001D02F8,96
Lightning_light_stop,0x001D0300,0x001D0330,48
Lightning_light_start,0x001D0340,0x001D0364,36
Lightning_light_move_auto,0x001D0370,0x001D07B4,612
Lightning_light_on,0x001D07D0,0x001D07E8,24
Lightning_light_col_move,0x001D08F0,0x001D0904,20
Lightning_light_col_move2,0x001D09F0,0x001D09FC,12
Lightning_light_off,0x001D0AD0,0x001D0AD4,4
Lightning_light_off2,0x001D0B70,0x001D0B74,4
Lightning_light_rate_set,0x001D0C10,0x001D0C30,32
LL_manual_set,0x001D0C30,0x001D0C40,16
LL_manual_on,0x001D0C40,0x001D0C58,24
Lightning_light_move_manual,0x001D0C60,0x001D0F20,304
Eff_md_mod_mapping,0x001D0F30,0x001D0FD4,164
Eff_md_work_init,0x001D0FE0,0x001D0FE4,4
Eff_md_make_tags,0x001D10A0,0x001D10F4,84
Eff_md_obj_trans_set,0x001D1100,0x001D1108,8
Eff_md_obj_trans_mir_set,0x001D12D0,0x001D1400,304
Eff_md_env_get_work,0x001D1400,0x001D1404,4
Eff_md_grp_env_def_set,0x001D1880,0x001D1964,228
Eff_md_make_tags_db,0x001D1970,0x001D1974,4
Eff_md_make_tags_mirror_db,0x001D2010,0x001D2014,4
Eff_md_draw_entry_db,0x001D2690,0x001D2694,4
Eff_md_set_sz,0x001D2990,0x001D29C0,48
Eff_md_set_no_light_matrix,0x001D2A80,0x001D2A90,16
Eff_md_set_light_matrix,0x001D2CE0,0x001D2CE4,4
Eff_md_set_light_matrix_p,0x001D3570,0x001D3574,4
Efm_parts_env_al_set0_all_db,0x001D3F00,0x001D3F10,16
Efm_parts_env_al_set0,0x001D3F80,0x001D4030,160
Efm_parts_env_al_set1,0x001D4040,0x001D4058,24
Efm_parts_env_test_set,0x001D4060,0x001D4074,20
Efm_set_vutype,0x001D4080,0x001D4088,8
Efm_set_vutype_db,0x001D40F0,0x001D40F8,8
Efm_set_prim,0x001D44C0,0x001D44C8,8
Efm_set_prim_db,0x001D4530,0x001D4678,328
Efm_get_vertex_buff,0x001D4680,0x001D480C,396
Efm_get_normal_buff,0x001D4810,0x001D49D4,452
Efm_get_st_buff,0x001D49E0,0x001D4B5C,380
Efm_get_rgb_buff,0x001D4B70,0x001D4B80,16
Efm_get_mat_buff,0x001D4D20,0x001D4D3C,28
Efm_get_db,0x001D4EF0,0x001D4EF8,8
Efm_set_meisai2,0x001D4F90,0x001D4F94,4
Efm_set_meisai_ura,0x001D5040,0x001D5048,8
Efm_parts_set_tex0_db,0x001D50F0,0x001D51B8,200
Efm_set_parts_light,0x001D51C0,0x001D5234,116
Efm_set_parts_light_on,0x001D5240,0x001D5244,4
Efm_set_fog_off,0x001D52C0,0x001D53F8,312
Mk_index_env,0x001D5400,0x001D5464,100
Mk_index_gif_tag,0x001D5470,0x001D54AC,60
Mk_index_set_xyzf,0x001D54B0,0x001D5500,40
Mk_index_set_f,0x001D5500,0x001D5518,24
Mk_index_set_flg,0x001D5520,0x001D552C,12
Mk_index_data_one_parts_obj,0x001D5530,0x001D553C,12
Mk_index_data_obj,0x001D55A0,0x001D55A4,4
Init_index_data_obj,0x001D5840,0x001D5844,4
Mk_index_set_st,0x001D5BE0,0x001D5E34,572
sceVu0SetRotTransPers,0x001D5E40,0x001D5E74,52
Mul_index_data_obj,0x001D5E80,0x001D5E84,4
Mul_index_data_obj2,0x001D62B0,0x001D62B4,4
Mul_index_data_obj3,0x001D6820,0x001D6824,4
Mul_index_data_obj4,0x001D6DC0,0x001D6DC8,8
Mul_index_data_obj5,0x001D7350,0x001D7358,8
Mul_index_data_obj6,0x001D78A0,0x001D78A4,4
Mul_index_data_obj7,0x001D7C90,0x001D7C94,4
Mul_index_data_obj8,0x001D81D0,0x001D81D4,4
Mul_index_data_obj9,0x001D85C0,0x001D85C4,4
Mul_index_data_obj10,0x001D8B30,0x001D8B34,4
Mul_index_data_obj11,0x001D9010,0x001D9014,4
Mul_index_data_obj12,0x001D94D0,0x001D94D4,4
Trans_index_data_one_parts_obj,0x001D9900,0x001D9908,8
Shw_ot_init,0x001D9B70,0x001D9B78,8
Shw2_ot_init,0x001D9D70,0x001D9D78,8
Shw_ot2_init,0x001D9F70,0x001DA034,196
Shw_tag_set,0x001DA040,0x001DA09C,92
Shw_tag_set2,0x001DA0A0,0x001DA0FC,92
Set_packet_shw_scr,0x001DA100,0x001DA188,136
Shw_otset_em,0x001DA1A0,0x001DA1A8,8
Shw_otset_scr,0x001DA460,0x001DA4D4,116
Shw_init,0x001DA4F0,0x001DA530,64
Shw_mul_ver,0x001DA530,0x001DA534,4
Shw_packet_set_em,0x001DA5D0,0x001DA6C0,240
Shw_packet_set_scr,0x001DA6C0,0x001DA7B0,240
katVu0Setmat4_shw,0x001DA7B0,0x001DA7F4,68
katVu0Clip_shw_wc,0x001DA800,0x001DA85C,92
katVu0Clip_shw_tmc,0x001DA860,0x001DA8A8,72
katVu0OuterProduct,0x001DA8B0,0x001DA8D8,40
katVu0RotTransPers_shw,0x001DA8E0,0x001DA9D4,244
Shw_trans_tag,0x001DA9E0,0x001DA9E4,4
Shw_trans_tag_scr,0x001DB090,0x001DB094,4
Shw_trans_tag_up,0x001DBD40,0x001DBD44,4
Opening_Shw_tag,0x001DC6C0,0x001DC790,208
Finish_shw_tag,0x001DC790,0x001DC9F4,612
Em0b_dm_ck,0x001DCA00,0x001DCA0C,12
Em0b_move,0x001DDAE0,0x001DDAE8,8
Em0b_R0_init,0x001DE220,0x001DE224,4
Em0b_R0_move,0x001DF010,0x001DF018,8
Em0b_R1_br_mv00,0x001DF650,0x001DF69C,76
Em0b_R1_mv00,0x001DF6C0,0x001DF728,100
Em0b_R1_br_mv01,0x001DF740,0x001DF748,8
Em0b_R1_mv01,0x001E0040,0x001E0044,4
Em0b_R1_br_mv02,0x001E03D0,0x001E03D8,8
Em0b_R1_mv02,0x001E0840,0x001E0848,8
Em0b_R1_br_mv03,0x001E1060,0x001E1064,4
Em0b_R1_mv03,0x001E1310,0x001E15E8,560
Em0b_R1_br_mv04,0x001E1640,0x001E1648,8
Em0b_R1_mv04,0x001E1650,0x001E1658,8
Em0b_R1_br_mv05,0x001E1660,0x001E1668,8
Em0b_R1_mv05,0x001E1670,0x001E1674,4
Em0b_R1_br_mv06,0x001E1BF0,0x001E1BF8,8
Em0b_R1_mv06,0x001E1C00,0x001E1C04,4
Em0b_R1_br_mv07,0x001E24D0,0x001E24D8,8
Em0b_R1_mv07,0x001E24E0,0x001E24F0,16
Em0b_R1_br_mv08,0x001E2D00,0x001E2D08,8
Em0b_R1_mv08,0x001E2D10,0x001E2D18,8
Em0b_R1_br_mv09,0x001E2D20,0x001E2D28,8
Em0b_R1_mv09,0x001E2D30,0x001E2D38,8
Em0b_R1_br_mv0b,0x001E2D40,0x001E2D48,8
Em0b_R1_mv0b,0x001E2D50,0x001E2D54,4
Em0b_R1_br_mv0e,0x001E34F0,0x001E34F8,8
Em0b_R1_mv0e,0x001E3500,0x001E37C0,628
Em0b_R1_br_mv0f,0x001E3820,0x001E3828,8
Em0b_R1_mv0f,0x001E3830,0x001E3834,4
Em0b_R1_br_mv10,0x001E3B10,0x001E3B18,8
Em0b_R1_mv10,0x001E3B20,0x001E3B28,8
Em0b_R1_br_mv11,0x001E3B30,0x001E3C94,152
Em0b_R1_mv11,0x001E3CC0,0x001E3CCC,12
Em0b_R1_br_mv12,0x001E41C0,0x001E41C8,8
Em0b_R1_mv12,0x001E41D0,0x001E41D4,4
Em0b_R1_br_mv13,0x001E4480,0x001E4488,8
Em0b_R1_mv13,0x001E4490,0x001E4498,8
Em0b_R1_br_mv14,0x001E47E0,0x001E47E8,8
Em0b_R1_mv14,0x001E47F0,0x001E47F8,8
Em0b_R1_br_mv15,0x001E4D30,0x001E4D38,8
Em0b_R1_mv15,0x001E4D40,0x001E4EC4,232
Em0b_R1_br_mv16,0x001E4F30,0x001E4F38,8
Em0b_R1_mv16,0x001E4F40,0x001E4F44,4
Em0b_R1_br_mv17,0x001E52F0,0x001E52F8,8
Em0b_R1_mv17,0x001E5300,0x001E5468,260
Em0b_R1_br_mv18,0x001E54D0,0x001E54D8,8
Em0b_R1_mv18,0x001E54E0,0x001E54E8,8
Em0b_R0_damage,0x001E5690,0x001E56CC,60
Em0b_R1_dm00,0x001E56D0,0x001E56D4,4
Em0b_R1_dm01,0x001E5BA0,0x001E5BA8,8
Em0b_R1_dm02,0x001E6040,0x001E6050,16
Em0b_R1_dm03,0x001E6510,0x001E651C,12
Em0b_R0_die,0x001E6980,0x001E69A0,32
Em0b_R1_die00,0x001E69A0,0x001E69A4,4
Em0b_R0_reset,0x001E72F0,0x001E7314,36
Em0b_R1_reset00,0x001E7320,0x001E7610,448
Em0b_R1_reset01,0x001E76E0,0x001E79D0,448
Em0b_R1_reset02,0x001E7AA0,0x001E7AA8,8
Em0b_R1_reset03,0x001E7AB0,0x001E7AB8,8
Em0b_R1_reset10,0x001E7AC0,0x001E7BC0,216
Em0b_hasa_init,0x001E7C70,0x001E7C9C,44
Em0b_hasa_move,0x001E7CA0,0x001E7CAC,12
Em0b_lvmax_br,0x001E8290,0x001E8410,384
Em0b_dm_move,0x001E8410,0x001E88E4,1236
Em0b_neck_move,0x001E88F0,0x001E88FC,12
Em0b_kabe_kage,0x001E8A30,0x001E8A34,4
Em0b_devil_mode,0x001E8D70,0x001E8D78,8
srp_00_init,0x001E90B0,0x001E90C0,16
srp_00_move,0x001E9470,0x001E947C,12
srp_00_set2d,0x001E9BA0,0x001E9BB0,16
srp_00_set_and_end,0x001E9BB0,0x001E9BC0,16
Strip_00,0x001E9BC0,0x001E9BE0,32
srp_01_init00,0x001E9BE0,0x001E9BE8,8
srp_01_wait10,0x001E9E70,0x001E9E78,8
srp_01_move20,0x001EA0D0,0x001EA0D8,8
Strip_01,0x001EA3C0,0x001EA3E0,32
srp_02_init,0x001EA3E0,0x001EA404,36
srp_02_move,0x001EA420,0x001EA428,8
Strip_02,0x001EA430,0x001EA450,32
Srp_bunki_check,0x001EA450,0x001EA45C,12
srp_04_init,0x001EA8A0,0x001EA8B0,16
srp_04_move,0x001EAC20,0x001EAC28,8
srp_04_set2d,0x001EB240,0x001EB250,16
srp_04_set_and_end,0x001EB250,0x001EB260,16
Strip_04,0x001EB260,0x001EB280,32
srp_05_init,0x001EB280,0x001EB290,16
srp_05_move,0x001EB5E0,0x001EB5E8,8
srp_05_set2d,0x001EC190,0x001EC1A0,16
srp_05_set_and_end,0x001EC1A0,0x001EC1B0,16
Strip_05,0x001EC1B0,0x001EC1D0,32
srp_06_init,0x001EC1D0,0x001EC1F4,36
srp_06_move,0x001EC350,0x001EC35C,12
srp_06_set2d,0x001EC730,0x001EC740,16
srp_06_set_and_end,0x001EC740,0x001EC750,16
Strip_06,0x001EC750,0x001EC770,32
srp_0a_init,0x001EC770,0x001EC77C,12
srp_0a_move,0x001EC780,0x001EC788,8
Strip_0a,0x001EC790,0x001EC7B0,32
srp_12_init,0x001EC7B0,0x001EC7D4,36
srp_12_move,0x001EC9B0,0x001EC9BC,12
srp_12_set2d,0x001ECCC0,0x001ECCD0,16
srp_12_set_and_end,0x001ECCD0,0x001ECCE0,16
Strip_12,0x001ECCE0,0x001ECD00,32
srp_13_init,0x001ECD00,0x001ECD24,36
srp_13_move00,0x001ECF00,0x001ECF08,8
srp_13_move01,0x001ED210,0x001ED218,8
srp_13_move02,0x001ED360,0x001ED368,8
srp_13_move03,0x001ED640,0x001ED648,8
Strip_13,0x001ED920,0x001ED940,32
ectrl00_init00,0x001ED940,0x001ED97C,60
ectrl00_move10,0x001ED980,0x001EDB08,316
Ectrl_00,0x001EDB20,0x001EDB40,32
Em05_move,0x001EDB40,0x001EDB4C,12
Em05_body_ele,0x001EE620,0x001EE624,4
Em05_aim_posy,0x001EE7F0,0x001EE804,20
Em05_pos_hosei,0x001EE980,0x001EE984,4
Em05_mrp_move,0x001EEB00,0x001EFAC8,776
Em05_R0_init,0x001EFDC0,0x001EFDD0,16
Em05_event_end,0x001F09B0,0x001F09E4,52
Em05_moge_on,0x001F0A50,0x001F0AE0,144
Em05_R0_move,0x001F0AE0,0x001F0B6C,140
Em05_R1_br_wait,0x001F0B80,0x001F0BBC,60
Em05_R1_wait,0x001F0BC0,0x001F0BC4,4
Em05_R1_br_ikaku,0x001F0C80,0x001F0C88,8
Em05_R1_ikaku,0x001F0C90,0x001F0D80,200
Em05_R1_br_step,0x001F0DC0,0x001F0DC8,8
Em05_R1_step,0x001F0DD0,0x001F0DD8,8
Em05_R1_br_h_step,0x001F1560,0x001F1568,8
Em05_R1_h_step,0x001F1570,0x001F1578,8
Em05_R1_br_down,0x001F1C40,0x001F1C90,80
Em05_R1_down,0x001F1C90,0x001F1D00,108
Em05_R1_br_up,0x001F1D90,0x001F1DE4,84
Em05_R1_up,0x001F1DF0,0x001F1E5C,104
Em05_R1_br_walk,0x001F1F20,0x001F1F24,4
Em05_R1_walk,0x001F2250,0x001F2588,516
Em05_R1_br_run,0x001F25A0,0x001F25A4,4
Em05_R1_run,0x001F2860,0x001F2864,4
Em05_R1_br_turn,0x001F3120,0x001F3128,8
Em05_R1_turn,0x001F3130,0x001F331C,444
Em05_R1_br_shake,0x001F33D0,0x001F33D8,8
Em05_R1_shake,0x001F33E0,0x001F3490,160
Em05_R1_br_jump,0x001F34D0,0x001F34D8,8
Em05_R1_jump,0x001F34E0,0x001F34E4,4
Em05_R1_br_fly,0x001F3860,0x001F3910,176
Em05_R1_fly,0x001F3910,0x001F391C,12
Em05_R1_br_land,0x001F4340,0x001F4348,8
Em05_R1_land,0x001F4350,0x001F4354,4
Em05_land_eff,0x001F48A0,0x001F48C8,40
Em05_land_eff2,0x001F4A40,0x001F4A44,4
Em05_R1_br_hover,0x001F4C20,0x001F4C28,8
Em05_R1_hover,0x001F4C30,0x001F4CAC,100
Em05_R1_br_hover_move,0x001F4D80,0x001F4D98,24
Em05_R1_hover_move,0x001F4DB0,0x001F5040,252
Em05_R1_br_warp,0x001F5050,0x001F50E4,148
Em05_R1_warp,0x001F50F0,0x001F50F4,4
Em05_R1_br_warp_up,0x001F5B00,0x001F5B84,132
Em05_R1_warp_up,0x001F5B90,0x001F5BA0,16
Em05_R1_br_atk_ele,0x001F6370,0x001F6378,8
Em05_R1_atk_ele,0x001F6380,0x001F6388,8
Em05_R1_br_atk_ele_land,0x001F6EF0,0x001F6EF8,8
Em05_R1_atk_ele_land,0x001F6F00,0x001F6F04,4
Em05_R1_br_atk_tenchu,0x001F7840,0x001F7848,8
Em05_R1_atk_tenchu,0x001F7850,0x001F785C,12
Em05_R1_br_atk_eat,0x001F7ED0,0x001F7ED8,8
Em05_R1_atk_eat,0x001F7EE0,0x001F7EE4,4
Em05_R1_br_atk_pick,0x001F8290,0x001F8298,8
Em05_R1_atk_pick,0x001F82A0,0x001F82A4,4
Pl_em_dam_em05_atk_pick,0x001F8640,0x001F8644,4
Pl_em_dam_em05_atk_eat,0x001F8790,0x001F8794,4
Pl_em_dam_em05_atk_osae,0x001F8930,0x001F8934,4
Pl_em_dam_em05_atk_ele,0x001F8B00,0x001F8B08,8
Em05_R1_br_revive,0x001F9250,0x001F9258,8
Em05_R1_revive,0x001F9260,0x001F92FC,120
Em05_R1_br_atk_tsuki,0x001F9360,0x001F9368,8
Em05_R1_atk_tsuki,0x001F9370,0x001F93D0,76
Em05_R1_br_atk_osae,0x001F9430,0x001F9438,8
Em05_R1_atk_osae,0x001F9440,0x001F9584,148
Em05_R1_br_atk_ji_ele,0x001F9690,0x001F9698,8
Em05_R1_atk_ji_ele,0x001F96A0,0x001F96AC,12
Em05_R1_br_atk_heven_ele,0x001FA7F0,0x001FA7F8,8
Em05_R1_atk_heven_ele,0x001FA800,0x001FA804,4
Em05_R1_br_atk_jump,0x001FB0A0,0x001FB0A8,8
Em05_R1_atk_jump,0x001FB0B0,0x001FB0B4,4
Em05_R1_br_atk_hane,0x001FBC50,0x001FBC58,8
Em05_R1_atk_hane,0x001FBC60,0x001FBCD0,96
Em05_R1_br_atk_2tuki,0x001FBED0,0x001FBED8,8
Em05_R1_atk_2tuki,0x001FBEE0,0x001FBEE4,4
Em05_R1_br_atk_bom,0x001FC190,0x001FC198,8
Em05_R1_atk_bom,0x001FC1A0,0x001FC1A8,8
Em05_R1_br_atk_down_tou,0x001FC7A0,0x001FC7A8,8
Em05_R1_atk_down_tou,0x001FC7B0,0x001FC7B4,4
Em05_R1_br_atk_syo,0x001FCA20,0x001FCA28,8
Em05_R1_atk_syo,0x001FCA30,0x001FCA34,4
Em05_dm_ck,0x001FCB20,0x001FCB24,4
Em05_R0_damage,0x001FD9A0,0x001FDA5C,188
Em05_R1_dm_handgun,0x001FDA70,0x001FDB20,140
Em05_R1_dm_land,0x001FDB70,0x001FDF7C,364
Em05_R1_dm_handgun_fly,0x001FE0B0,0x001FE0DC,44
Em05_R0_die,0x001FE770,0x001FE820,176
Em05_R1_die_handgun,0x001FE830,0x001FEA9C,532
Em05_R1_br_appear,0x001FEAB0,0x001FED10,544
Em05_R1_appear,0x001FEDE0,0x001FEDE4,4
FUN_00200150,0x00200150,0x00200154,4
FUN_00200180,0x00200180,0x00200218,152
FUN_002003d0,0x002003D0,0x002003E0,16
FUN_002004e0,0x002004E0,0x00200550,112
FUN_002005d0,0x002005D0,0x00200630,32
FUN_00200ab0,0x00200AB0,0x00200BA8,248
FUN_00200c40,0x00200C40,0x00200F64,636
Em05_fix_foot,0x00200F80,0x00200F88,8
FUN_00201010,0x00201010,0x00201014,4
Em05_ele_land_effect,0x00201030,0x0020103C,12
Sce_scheduler_init,0x00201150,0x00201154,4
Sce_scene_init,0x002012A0,0x00201304,100
Sce_scene_init_after,0x002013D0,0x002013E0,16
Sce_get_orb_size,0x002017F0,0x00201858,52
Sce_get_orb_type,0x00201860,0x002018C0,52
Sce_orb_num_check,0x002018C0,0x00201910,52
Sce_game_loop_init,0x00201910,0x00201954,68
Sce_game_loop_init_after,0x00201960,0x00201980,32
Sce_scheduler,0x00201980,0x00201984,4
Sce_scheduler_main,0x00201A70,0x00201A74,4
Sce_exec,0x00201B80,0x00201B88,8
Sce_exec2,0x00201B90,0x00201B98,8
Sce_exec_main,0x00201BA0,0x00201C60,192
Sce_chain,0x00201C60,0x00201C98,56
Sce_kill,0x00201CB0,0x00201D20,108
Sce_kill_kind,0x00201D30,0x00201D38,8
Sce_exit,0x00201DC0,0x00201DE8,40
Sce_suspend,0x00201E00,0x00201E28,40
Sce_signal,0x00201E30,0x00201E58,40
Sce_sleep,0x00201E60,0x00201E98,56
Sce_status,0x00201EB0,0x00201ED0,32
Sce_skip_set,0x00201ED0,0x00201F20,80
Sce_skip_check,0x00201F20,0x002021F8,540
RFU000_FullReset,0x00202240,0x00202250,16
ResetEE,0x00202250,0x00202260,16
SetGsCrt,0x00202260,0x00202270,16
RFU003,0x00202270,0x00202280,16
Exit,0x00202280,0x00202290,16
RFU005,0x00202290,0x002022A0,16
LoadExecPS2,0x002022A0,0x002022B0,16
ExecPS2,0x002022B0,0x002022C0,16
RFU008,0x002022C0,0x002022D0,16
RFU009,0x002022D0,0x002022E0,16
AddSbusIntcHandler,0x002022E0,0x002022F0,16
RemoveSbusIntcHandler,0x002022F0,0x00202300,16
Interrupt2Iop,0x00202300,0x00202310,16
SetVTLBRefillHandler,0x00202310,0x00202320,16
SetVCommonHandler,0x00202320,0x00202330,16
SetVInterruptHandler,0x00202330,0x00202340,16
AddIntcHandler,0x00202340,0x00202350,16
AddIntcHandler2,0x00202350,0x00202360,16
RemoveIntcHandler,0x00202360,0x00202370,16
AddDmacHandler,0x00202370,0x00202380,16
AddDmacHandler2,0x00202380,0x00202390,16
RemoveDmacHandler,0x00202390,0x002023A0,16
_EnableIntc,0x002023A0,0x002023B0,16
_DisableIntc,0x002023B0,0x002023C0,16
_EnableDmac,0x002023C0,0x002023D0,16
_DisableDmac,0x002023D0,0x002023E0,16
SetAlarm,0x002023E0,0x002023F0,16
ReleaseAlarm,0x002023F0,0x00202400,16
_iEnableIntc,0x00202400,0x00202410,16
_iDisableIntc,0x00202410,0x00202420,16
_iEnableDmac,0x00202420,0x00202430,16
_iDisableDmac,0x00202430,0x00202440,16
iSetAlarm,0x00202440,0x00202450,16
iReleaseAlarm,0x00202450,0x00202460,16
CreateThread,0x00202460,0x00202470,16
DeleteThread,0x00202470,0x00202480,16
StartThread,0x00202480,0x00202490,16
ExitThread,0x00202490,0x002024A0,16
ExitDeleteThread,0x002024A0,0x002024B0,16
TerminateThread,0x002024B0,0x002024C0,16
iTerminateThread,0x002024C0,0x002024D0,16
DisableDispatchThread,0x002024D0,0x002024E0,16
EnableDispatchThread,0x002024E0,0x002024F0,16
ChangeThreadPriority,0x002024F0,0x00202500,16
iChangeThreadPriority,0x00202500,0x00202510,16
RotateThreadReadyQueue,0x00202510,0x00202520,16
_iRotateThreadReadyQueue,0x00202520,0x00202530,16
ReleaseWaitThread,0x00202530,0x00202540,16
iReleaseWaitThread,0x00202540,0x00202550,16
GetThreadId,0x00202550,0x00202560,16
ReferThreadStatus,0x00202560,0x00202570,16
iReferThreadStatus,0x00202570,0x00202580,16
SleepThread,0x00202580,0x00202590,16
WakeupThread,0x00202590,0x002025A0,16
_iWakeupThread,0x002025A0,0x002025B0,16
CancelWakeupThread,0x002025B0,0x002025C0,16
iCancelWakeupThread,0x002025C0,0x002025D0,16
SuspendThread,0x002025D0,0x002025E0,16
_iSuspendThread,0x002025E0,0x002025F0,16
ResumeThread,0x002025F0,0x00202600,16
iResumeThread,0x00202600,0x00202610,16
JoinThread,0x00202610,0x00202620,16
RFU060,0x00202620,0x00202630,16
RFU061,0x00202630,0x00202640,16
EndOfHeap,0x00202640,0x00202650,16
RFU063,0x00202650,0x00202660,16
CreateSema,0x00202660,0x00202670,16
DeleteSema,0x00202670,0x00202680,16
SignalSema,0x00202680,0x00202690,16
iSignalSema,0x00202690,0x002026A0,16
WaitSema,0x002026A0,0x002026B0,16
PollSema,0x002026B0,0x002026C0,16
iPollSema,0x002026C0,0x002026D0,16
ReferSemaStatus,0x002026D0,0x002026E0,16
iReferSemaStatus,0x002026E0,0x002026F0,16
RFU073,0x002026F0,0x00202700,16
SetOsdConfigParam,0x00202700,0x00202710,16
GetOsdConfigParam,0x00202710,0x00202720,16
GetGsHParam,0x00202720,0x00202730,16
GetGsVParam,0x00202730,0x00202740,16
SetGsHParam,0x00202740,0x00202750,16
SetGsVParam,0x00202750,0x00202760,16
RFU080_CreateEventFlag,0x00202760,0x00202770,16
RFU081_DeleteEventFlag,0x00202770,0x00202780,16
RFU082_SetEventFlag,0x00202780,0x00202790,16
RFU083_iSetEventFlag,0x00202790,0x002027A0,16
RFU084_ClearEventFlag,0x002027A0,0x002027B0,16
RFU085_iClearEventFlag,0x002027B0,0x002027C0,16
RFU086_WaitEvnetFlag,0x002027C0,0x002027D0,16
RFU087_PollEvnetFlag,0x002027D0,0x002027E0,16
RFU088_iPollEvnetFlag,0x002027E0,0x002027F0,16
RFU089_ReferEventFlagStatus,0x002027F0,0x00202800,16
RFU090_iReferEventFlagStatus,0x00202800,0x00202810,16
RFU091,0x00202810,0x00202820,16
EnableIntcHandler,0x00202820,0x00202830,16
iEnableIntcHandler,0x00202830,0x00202840,16
DisableIntcHandler,0x00202840,0x00202850,16
iDisableIntcHandler,0x00202850,0x00202860,16
EnableDmacHandler,0x00202860,0x00202870,16
iEnableDmacHandler,0x00202870,0x00202880,16
DisableDmacHandler,0x00202880,0x00202890,16
iDisableDmacHandler,0x00202890,0x002028A0,16
KSeg0,0x002028A0,0x002028B0,16
EnableCache,0x002028B0,0x002028C0,16
DisableCache,0x002028C0,0x002028D0,16
GetCop0,0x002028D0,0x002028E0,16
FlushCache,0x002028E0,0x002028F0,16
CpuConfig,0x002028F0,0x00202900,16
iGetCop0,0x00202900,0x00202910,16
iFlushCache,0x00202910,0x00202920,16
iCpuConfig,0x00202920,0x00202930,16
sceSifStopDma,0x00202930,0x00202940,16
SetCPUTimerHandler,0x00202940,0x00202950,16
SetCPUTimer,0x00202950,0x00202960,16
SetOsdConfigParam2,0x00202960,0x00202970,16
GetOsdConfigParam2,0x00202970,0x00202980,16
GsGetIMR,0x00202980,0x00202990,16
iGsGetIMR,0x00202990,0x002029A0,16
GsPutIMR,0x002029A0,0x002029B0,16
iGsPutIMR,0x002029B0,0x002029C0,16
SetPgifHandler,0x002029C0,0x002029D0,16
SetVSyncFlag,0x002029D0,0x002029E0,16
RFU116,0x002029E0,0x002029F0,16
_print,0x002029F0,0x00202A00,16
sceSifDmaStat,0x00202A00,0x00202A10,16
isceSifDmaStat,0x00202A10,0x00202A20,16
sceSifSetDma,0x00202A20,0x00202A30,16
isceSifSetDma,0x00202A30,0x00202A40,16
sceSifSetDChain,0x00202A40,0x00202A50,16
isceSifSetDChain,0x00202A50,0x00202A60,16
sceSifSetReg,0x00202A60,0x00202A70,16
sceSifGetReg,0x00202A70,0x00202A80,16
ExecOSD,0x00202A80,0x00202A90,16
Deci2Call,0x00202A90,0x00202AA0,16
PSMode,0x00202AA0,0x00202AB0,16
MachineType,0x00202AB0,0x00202AC0,16
GetMemorySize,0x00202AC0,0x00202AD0,16
sceResetttyinit,0x00202AD0,0x00202ADC,12
VSync,0x00202AE0,0x00202B20,64
VSync2,0x00202B20,0x00202B80,96
write,0x00202B80,0x00202BFC,124
read,0x00202C00,0x00202C74,116
open,0x00202C78,0x00202CA0,40
close,0x00202CA0,0x00202CA8,8
ioctl,0x00202CA8,0x00202CB0,8
lseek,0x00202CB0,0x00202CB8,8
sbrk,0x00202CB8,0x00202D64,128
isatty,0x00202D68,0x00202D70,8
fstat,0x00202D70,0x00202D84,20
getpid,0x00202D88,0x00202D90,8
kill,0x00202D90,0x00202DB8,40
stat,0x00202DB8,0x00202DE0,40
unlink,0x00202DE0,0x00202E08,40
_sceSDC,0x00202E08,0x00202EAC,164
SyncDCache,0x00202EB0,0x00202F2C,124
iSyncDCache,0x00202F30,0x00202F44,20
_sceIDC,0x00202F48,0x00202FEC,164
InvalidDCache,0x00202FF0,0x0020306C,124
iInvalidDCache,0x00203070,0x00203084,20
DisableIntc,0x00203088,0x002030F0,100
EnableIntc,0x002030F0,0x00203158,100
DisableDmac,0x00203158,0x002031C0,100
EnableDmac,0x002031C0,0x00203228,100
iEnableIntc,0x00203228,0x00203248,32
iDisableIntc,0x00203248,0x00203268,32
iEnableDmac,0x00203268,0x00203288,32
iDisableDmac,0x00203288,0x002032A8,32
setup,0x002032A8,0x002032B8,16
Copy,0x002032B8,0x002032C8,16
kCopy,0x002032C8,0x00203300,56
GetEntryAddress,0x00203300,0x00203310,16
InitAlarm,0x00203310,0x002033E4,148
topThread,0x002033E8,0x002034C0,216
InitThread,0x002034C0,0x00203594,212
iWakeupThread,0x00203598,0x0020362C,148
iRotateThreadReadyQueue,0x00203630,0x002036AC,124
iSuspendThread,0x002036B0,0x00203748,152
sceDeci2Open,0x00203748,0x0020378C,68
sceDeci2Close,0x00203790,0x002037B4,36
sceDeci2ReqSend,0x002037B8,0x002037E8,48
sceDeci2Poll,0x002037E8,0x0020380C,36
sceDeci2ExRecv,0x00203810,0x00203844,52
sceDeci2ExSend,0x00203848,0x0020387C,52
sceDeci2ExReqSend,0x00203880,0x002038B0,48
sceDeci2ExLock,0x002038B0,0x002038D4,36
sceDeci2ExUnLock,0x002038D8,0x002038FC,36
kputs,0x00203900,0x00203924,36
QueueInit,0x00203928,0x0020394C,36
QueuePeekWriteDone,0x00203950,0x0020398C,60
QueuePeekReadDone,0x00203990,0x002039CC,60
sceTtyHandler,0x002039D0,0x00203B64,400
sceTtyWrite,0x00203B68,0x00203BB4,76
FUN_00203c60,0x00203C60,0x00203C90,48
FUN_00203c94,0x00203C94,0x00203CB8,36
sceTtyRead,0x00203CB8,0x00203D88,208
sceTtyInit,0x00203D88,0x00203DA4,28
FUN_00203db0,0x00203DB0,0x00203E44,148
kputchar,0x00203E48,0x00203E80,56
deci2Putchar,0x00203E80,0x00203F30,176
serialPutchar,0x00203F30,0x00203F64,52
ftoi,0x00203F68,0x00203FF8,144
printfloat,0x00203FF8,0x00204160,352
_printf,0x00204160,0x002041E4,128
FUN_00204370,0x00204370,0x00204728,176
kprintf,0x00204728,0x00204760,56
scePrintf,0x00204760,0x002047C0,96
_set_sreg,0x002047C0,0x002047DC,28
_change_addr,0x002047E0,0x002047EC,12
sceSifGetSreg,0x002047F0,0x00204808,24
sceSifSetSreg,0x00204808,0x00204824,28
sceSifGetDataTable,0x00204828,0x00204834,12
sceSifInitCmd,0x00204838,0x00204858,32
sceSifExitCmd,0x00204AB8,0x00204AEC,52
sceSifSetCmdBuffer,0x00204AF0,0x00204B08,24
sceSifSetSysCmdBuffer,0x00204B08,0x00204B20,24
sceSifAddCmdHandler,0x00204B20,0x00204B4C,44
sceSifRemoveCmdHandler,0x00204B50,0x00204B78,40
_sceSifSendCmd,0x00204B78,0x00204CAC,308
sceSifSendCmd,0x00204CB0,0x00204CEC,60
isceSifSendCmd,0x00204CF0,0x00204D2C,60
_sceSifCmdIntrHdlr,0x00204D30,0x00204D44,20
FUN_00204e10,0x00204E10,0x00204E40,48
sceSifWriteBackDCache,0x00204E58,0x00204F04,172
sceSifInitRpc,0x00204F08,0x00204F20,24
FUN_00205024,0x00205024,0x002050A4,128
sceSifExitRpc,0x002050A8,0x002050CC,36
_sceRpcGetPacket,0x002050D0,0x002050E8,24
_sceRpcFreePacket,0x00205178,0x00205194,28
_sceRpcGetFPacket,0x00205198,0x002051C8,48
_sceRpcGetFPacket2,0x002051C8,0x00205200,56
FUN_00205200,0x00205200,0x00205208,8
_request_end,0x00205208,0x002052BC,180
_request_rdata,0x002052C0,0x00205320,96
sceSifGetOtherData,0x00205320,0x00205478,344
_search_svdata,0x00205478,0x002054C4,76
_request_bind,0x002054C8,0x00205578,176
sceSifBindRpc,0x00205578,0x00205640,200
FUN_00205640,0x00205640,0x00205648,8
FUN_00205670,0x00205670,0x002056B8,72
_request_call,0x002056B8,0x00205700,72
FUN_00205700,0x00205700,0x00205730,48
thunk_FUN_00406b30,0x00205730,0x00205738,8
FUN_00205738,0x00205738,0x00205744,12
sceSifCallRpc,0x00205748,0x00205780,56
FUN_00205780,0x00205780,0x002057C0,64
FUN_002057c0,0x002057C0,0x002058A0,224
FUN_002058a0,0x002058A0,0x002058AC,12
FUN_002058b8,0x002058B8,0x002058C0,8
FUN_002058c0,0x002058C0,0x002058E8,40
FUN_002058e8,0x002058E8,0x00205934,56
sceSifCheckStatRpc,0x00205938,0x00205974,48
FUN_00205960,0x00205960,0x0020596C,12
sceSifSetRpcQueue,0x00205978,0x00205988,16
FUN_00205988,0x00205988,0x00205994,12
FUN_002059a0,0x002059A0,0x002059E0,64
FUN_002059e0,0x002059E0,0x00205A00,32
FUN_00205a00,0x00205A00,0x00205A0C,12
sceSifRegisterRpc,0x00205A10,0x00205A20,16
FUN_00205a20,0x00205A20,0x00205A54,52
FUN_00205a70,0x00205A70,0x00205AA0,48
FUN_00205aa0,0x00205AA0,0x00205AD0,48
FUN_00205ad0,0x00205AD0,0x00205AE0,16
sceSifRemoveRpc,0x00205AE0,0x00205B00,32
FUN_00205b00,0x00205B00,0x00205B30,48
FUN_00205b30,0x00205B30,0x00205B50,32
FUN_00205b50,0x00205B50,0x00205B58,8
sceSifRemoveRpcQueue,0x00205B78,0x00205B90,24
FUN_00205b90,0x00205B90,0x00205BB0,32
FUN_00205bb0,0x00205BB0,0x00205BF0,64
sceSifGetNextRequest,0x00205C08,0x00205C20,24
FUN_00205c20,0x00205C20,0x00205C48,40
sceSifExecRequest,0x00205C60,0x00205C80,32
FUN_00205c80,0x00205C80,0x00205CD0,80
FUN_00205dc0,0x00205DC0,0x00205E24,100
sceSifRpcLoop,0x00205E28,0x00205E60,52
_sceFsIobSemaMK,0x00205E68,0x00205EC4,92
new_iob,0x00205EC8,0x00205F38,92
FUN_00205f10,0x00205F10,0x00205F1C,12
get_iob,0x00205F50,0x00205FA4,76
_sceFs_Rcv_Intr,0x00205FC0,0x00206044,132
FUN_00206060,0x00206060,0x00206070,16
FUN_002061b0,0x002061B0,0x002061E8,72
FUN_00206250,0x00206250,0x00206298,72
FUN_002062f8,0x002062F8,0x00206378,124
_sceFsSemInit,0x00206378,0x002063C4,76
_sceFsWaitS,0x002063C8,0x002063F4,44
_sceFsSigSema,0x002063F8,0x00206404,12
sceFsInit,0x00206408,0x00206434,44
_fs_version,0x002065A8,0x00206634,140
sceFsReset,0x00206638,0x0020665C,36
sceOpen,0x00206670,0x002066CC,92
sceClose,0x002068F8,0x0020692C,52
sceLseek,0x00206A78,0x00206ABC,68
sceRead,0x00206CB0,0x00206CFC,76
FUN_00206d00,0x00206D00,0x00206D60,96
FUN_00206d60,0x00206D60,0x00206F20,440
sceWrite,0x00206F20,0x00206F6C,76
sceIoctl,0x002071E0,0x0020722C,76
FUN_002073f8,0x002073F8,0x0020752C,236
sceIoctl2,0x00207530,0x00207584,84
_sceCallCode,0x00207708,0x00207748,64
sceRemove,0x002078B0,0x002078CC,28
sceMkdir,0x002078D0,0x00207910,64
sceRmdir,0x00207A80,0x00207A9C,28
sceFormat,0x00207AA0,0x00207AE8,72
sceAddDrv,0x00207D10,0x00207D3C,44
sceDelDrv,0x00207E30,0x00207E4C,28
sceDopen,0x00207E50,0x00207EEC,152
sceDclose,0x00207EF0,0x00207F24,52
sceDread,0x00208058,0x0020808C,52
sceGetstat,0x002081B0,0x002081F0,64
sceChstat,0x00208350,0x00208398,72
sceRename,0x00208590,0x002085CC,60
sceChdir,0x00208780,0x0020879C,28
sceSync,0x002087A0,0x002087DC,60
sceMount,0x00208938,0x00208988,80
sceUmount,0x00208BA8,0x00208BC4,28
sceLseek64,0x00208BC8,0x00208C0C,68
FUN_00208d68,0x00208D68,0x00208E00,152
sceDevctl,0x00208E00,0x00208E4C,76
sceSymlink,0x00209030,0x00209038,8
FUN_00209038,0x00209038,0x0020906C,52
FUN_002091e0,0x002091E0,0x00209210,48
sceReadlink,0x00209210,0x00209254,68
FUN_002092f0,0x002092F0,0x002093D8,232
sceSifInitIopHeap,0x002093D8,0x00209418,64
FUN_00209418,0x00209418,0x00209460,72
sceSifAllocIopHeap,0x00209460,0x002094D0,112
sceSifFreeIopHeap,0x002094D0,0x00209548,120
sceSifLoadIopHeap,0x00209548,0x00209638,240
_lf_bind,0x00209638,0x00209738,256
_lf_version,0x00209738,0x002097C4,140
sceSifLoadFileReset,0x002097C8,0x002097F0,40
_sceSifLoadModuleBuffer,0x00209800,0x00209A08,512
sceSifLoadModuleBuffer,0x00209A08,0x00209A24,28
sceSifLoadStartModuleBuffer,0x00209A28,0x00209A44,28
_sceSifLoadModule,0x00209A48,0x00209C6C,540
sceSifLoadModule,0x00209C70,0x00209C90,32
sceSifLoadStartModule,0x00209C90,0x00209CAC,28
_sceSifLoadElfPart,0x00209CB0,0x00209D38,136
FUN_00209d38,0x00209D38,0x00209DB4,124
sceSifLoadElfPart,0x00209DB8,0x00209DC0,8
FUN_00209dc0,0x00209DC0,0x00209DD4,20
sceSifLoadElf,0x00209DD8,0x00209E00,40
sceSifGetIopAddr,0x00209E00,0x00209EEC,236
sceSifSetIopAddr,0x00209EF0,0x00209F40,80
FUN_00209f40,0x00209F40,0x00209FCC,140
sceSifResetIop,0x00209FD0,0x0020A080,176
FUN_0020a080,0x0020A080,0x0020A0B0,48
FUN_0020a0b0,0x0020A0B0,0x0020A100,76
sceSifIsAliveIop,0x0020A100,0x0020A128,40
sceSifSyncIop,0x0020A128,0x0020A158,48
FUN_0020a158,0x0020A158,0x0020A170,20
sceSifRebootIop,0x0020A170,0x0020A208,144
FUN_0020a208,0x0020A208,0x0020A280,112
DIntr,0x0020A280,0x0020A2C8,36
EIntr,0x0020A2C8,0x0020A2D4,12
setup,0x0020A2E0,0x0020A2F0,16
InitSysCall,0x0020A2F0,0x0020A330,64
_InitSys,0x0020A330,0x0020A354,36
Set_effect_em10_00,0x0020A360,0x0020A36C,12
FUN_0020a3c0,0x0020A3C0,0x0020A44C,140
FUN_0020a4f8,0x0020A4F8,0x0020A550,88
FUN_0020a610,0x0020A610,0x0020A6FC,236
FUN_0020a778,0x0020A778,0x0020A780,8
FUN_0020a7e0,0x0020A7E0,0x0020A800,32
Set_effect_em10_01,0x0020A8B0,0x0020A8B4,4
FUN_0020a978,0x0020A978,0x0020A9B4,60
set_eff_2d_denki,0x0020AA30,0x0020AA34,4
FUN_0020aa48,0x0020AA48,0x0020AB58,272
FUN_0020ab90,0x0020AB90,0x0020AC9C,268
FUN_0020ad28,0x0020AD28,0x0020AD30,8
set_eff_light,0x0020AD30,0x0020AD3C,12
FUN_0020ad60,0x0020AD60,0x0020AE40,204
FUN_0020ae40,0x0020AE40,0x0020AEE0,160
set_eff_light_a,0x0020AF70,0x0020AF80,16
set_eff_light_sp,0x0020B1B0,0x0020B1B4,4
Effscr00_set,0x0020B3D0,0x0020B3D4,4
set_eff_BlackBall,0x0020B470,0x0020B478,8
set_eff_ColorBall,0x0020B690,0x0020B69C,12
FUN_0020b6f0,0x0020B6F0,0x0020B774,132
FUN_0020b790,0x0020B790,0x0020B848,184
set_eff_BlackBallChgSize,0x0020B8D0,0x0020B8D8,8
FUN_0020b980,0x0020B980,0x0020B9B0,48
FUN_0020b9b8,0x0020B9B8,0x0020BB14,92
set_eff_light2,0x0020BB40,0x0020BB44,4
FUN_0020bb50,0x0020BB50,0x0020BDC0,452
FUN_0020bc68,0x0020BC68,0x0020BCEC,132
set_eff_light3,0x0020BE70,0x0020BE78,8
set_eff_light2_blk,0x0020C1E0,0x0020C1E4,4
Set_effect_han_kemuri,0x0020C500,0x0020C510,16
Set_effect_room_kemuri,0x0020C750,0x0020C75C,12
Set_effect_room_kemuri2,0x0020C9C0,0x0020C9CC,12
Set_effect_nm_nebeneba,0x0020CC40,0x0020CC50,16
Set_effect_kaminari00,0x0020CE40,0x0020CE44,4
set_eff_denki_damage,0x0020CFE0,0x0020CFF0,16
FUN_0020d040,0x0020D040,0x0020D054,20
FUN_0020d0a0,0x0020D0A0,0x0020D0B0,16
Set_effect_hokori,0x0020D120,0x0020D12C,12
Set_effect_hahen,0x0020D2E0,0x0020D2F0,16
set_eff_fire_damage,0x0020D590,0x0020D598,8
set_eff_line,0x0020D750,0x0020D754,4
Set_effect_b_kaminari00,0x0020D880,0x0020D898,24
set_eff_SubBall,0x0020DA40,0x0020DA4C,12
FUN_0020db60,0x0020DB60,0x0020DC20,192
test_b_aura,0x0020DCB0,0x0020DCBC,12
set_eff_SaveEff,0x0020DF30,0x0020DF7C,76
set_eff_tentacle,0x0020DFB0,0x0020DFB4,4
FUN_0020dfe0,0x0020DFE0,0x0020E05C,124
set_eff_tentacle_reset,0x0020E140,0x0020E1A8,104
Set_effect_r203_denki00,0x0020E1B0,0x0020E1B4,4
FUN_0020e3d0,0x0020E3D0,0x0020E428,88
Set_effect_r203_denki01,0x0020E4B0,0x0020E4B4,4
Set_effect_r203_denki00_l,0x0020E7C0,0x0020E7C4,4
set_eff_sword_aura,0x0020EAC0,0x0020EAC8,8
Set_effect_w_denki00,0x0020ECC0,0x0020ECC4,4
eff_call_thunder,0x0020EF60,0x0020EF64,4
eff_call_thunder_del,0x0020EFD0,0x0020EFEC,28
eff_call_r401_thunder,0x0020F040,0x0020F048,8
R401_t_denki_atk,0x0020F0D0,0x0020F0D4,4
R401_t_denki_atk2,0x0020F190,0x0020F194,4
FUN_0020f230,0x0020F230,0x0020F234,4
SetEff_EM_DevilMode,0x0020F250,0x0020F25C,12
FUN_0020f3f0,0x0020F3F0,0x0020F46C,124
SetEff_EM02_DevilMode,0x0020F490,0x0020F498,8
SetEff_EM0D_DevilMode,0x0020F4A0,0x0020F4A8,8
SetEff_EM0E_DevilMode,0x0020F4B0,0x0020F4B8,8
SetEff_EM01_DevilMode,0x0020F4C0,0x0020F4C8,8
SetEff_EM09_DevilMode,0x0020F4D0,0x0020F4D8,8
SetEff_EM0A_DevilMode,0x0020F4E0,0x0020F4E8,8
SetEm1dLightDenki,0x0020F4F0,0x0020F4FC,12
FUN_0020f560,0x0020F560,0x0020F5B0,80
eff2d_03_init,0x0020F860,0x0020F864,4
eff2d_03_move,0x0020F970,0x0020F974,4
Eff2d_03,0x0020FE50,0x0020FE70,32
eff2d_04_init,0x0020FE70,0x0020FE98,40
eff2d_04_move,0x0020FEB0,0x0020FEB4,4
Eff2d_04,0x00210080,0x002100A0,32
eff2d_05_init,0x002100A0,0x002100D0,48
ChkHitPlane,0x002100E0,0x002100E8,8
eff2d_05_move,0x00210150,0x00210154,4
FUN_002105e0,0x002105E0,0x002105FC,28
FUN_00210810,0x00210810,0x00210868,88
Eff2d_05,0x00210880,0x002108A0,32
eff2d_06_init,0x002108A0,0x002108CC,44
eff2d_06_move,0x002108E0,0x002108E8,8
Eff2d_06,0x002108F0,0x00210910,32
eff2d_07_init,0x00210910,0x00210938,40
eff2d_07_type0_move,0x00210950,0x00210958,8
eff2d_07_type1_move,0x00210960,0x00210964,4
eff2d_07_type2_move,0x00210A70,0x00210AA0,48
eff2d_07_type3_move,0x00210AA0,0x00210AA4,4
eff2d_07_type4_move,0x00210B30,0x00210B34,4
eff2d_07_move,0x00210C10,0x00210C30,32
Eff2d_07,0x00210C30,0x00210C50,32
eff2d_0a_init_com,0x00210C50,0x00210C98,72
eff2d_0a_init_r3,0x00210CB0,0x00210CB8,8
eff2d_0a_init,0x00210DB0,0x00210DD0,32
eff2d_0a_move00,0x00210DD0,0x00210DD8,8
eff2d_0a_move01,0x00211510,0x00211514,4
FUN_00211520,0x00211520,0x00211528,8
eff2d_0a_move02,0x00211870,0x0021188C,28
eff2d_0a_move03,0x00211980,0x00211984,4
FUN_002119d0,0x002119D0,0x002119F0,32
FUN_00211a08,0x00211A08,0x00211A1C,20
FUN_00211a28,0x00211A28,0x00211A40,24
FUN_00211a40,0x00211A40,0x00211A78,56
eff2d_0a_com_move,0x00211AD0,0x00211AF0,32
Eff2d_0a,0x00211AF0,0x00211B10,32
eff2d_0f_init,0x00211B10,0x00211B38,40
eff2d_0f_move,0x00211B50,0x00211B58,8
Eff2d_0f,0x00211B60,0x00211B80,32
eff2d_11_init00,0x00211B80,0x00211BA8,40
FUN_00211bb0,0x00211BB0,0x00211BC4,20
eff2d_11_move10,0x00211BF0,0x00211CE0,172
FUN_00211c50,0x00211C50,0x00211C90,64
FUN_00211ce0,0x00211CE0,0x00211D7C,156
FUN_00211d90,0x00211D90,0x00211DAC,28
Eff2d_11,0x00211DC0,0x00211DE0,32
eff2d_13_init,0x00211DE0,0x00211DF0,16
FUN_00211df0,0x00211DF0,0x00211E28,56
eff2d_13_move00,0x00211E40,0x00211E50,16
FUN_00212078,0x00212078,0x0021208C,20
eff2d_13_move01,0x002122E0,0x00212354,116
FUN_00212480,0x00212480,0x002125D0,336
FUN_002125d0,0x002125D0,0x00212640,112
FUN_00212640,0x00212640,0x00212654,20
eff2d_13_move02,0x00212690,0x00212708,112
eff2d_13_move03,0x00212710,0x00212920,528
FUN_00212920,0x00212920,0x00212A84,356
eff2d_13_com_move,0x00212A90,0x00212AB0,32
Eff2d_13,0x00212AB0,0x00212AD0,32
eff2d_18_init00,0x00212AD0,0x00212AF8,40
eff2d_18_move10,0x00212B40,0x00212C24,228
Eff2d_18,0x00212C30,0x00212C50,32
get_need_cluster,0x00212C50,0x00212CA8,88
CardInit,0x00212CB0,0x00212CD4,36
ErrorSet,0x00212CE0,0x00212D08,40
Card_read,0x00212D10,0x00212D14,4
Card_write,0x00213070,0x00213074,4
CardInCheck,0x002133B0,0x0021347C,188
CardCheck,0x00213490,0x00213884,896
CardFileCheck,0x002138A0,0x002138A4,4
FUN_002139a0,0x002139A0,0x002139AC,12
FUN_00213ae0,0x00213AE0,0x00213BF8,64
FUN_00213df8,0x00213DF8,0x00213E00,8
FUN_00213e38,0x00213E38,0x00213EC8,136
FUN_00213ec8,0x00213EC8,0x00213EDC,20
FUN_00213f18,0x00213F18,0x00213F60,52
thunk_FUN_00214270,0x00213F60,0x00213F68,8
FUN_00213fe8,0x00213FE8,0x00213FF0,8
FUN_00214000,0x00214000,0x00214018,24
FUN_00214020,0x00214020,0x00214080,96
FUN_002140a0,0x002140A0,0x0021419C,224
FUN_00214228,0x00214228,0x00214230,8
FUN_00214230,0x00214230,0x0021423C,12
FUN_00214270,0x00214270,0x00214290,32
SaveDataSelect,0x002142B0,0x002142B4,4
FUN_00214390,0x00214390,0x00214398,8
FUN_002143a0,0x002143A0,0x00214490,204
thunk_FUN_002147ec,0x002143F0,0x002143F8,8
FUN_00214490,0x00214490,0x002144B0,32
FUN_00214500,0x00214500,0x002145BC,128
FUN_002147ec,0x002147EC,0x0021482C,52
IconSysMake,0x00214840,0x00214844,4
MakeCheckSum,0x00214990,0x00214A00,112
SaveDataMake,0x00214A00,0x00214A08,8
OverWriteCk,0x00214A90,0x00214A94,4
CardMakeDir,0x00214D20,0x00214E38,256
DataSaveMain,0x00214E50,0x00214E88,56
DataLoadMain,0x00215140,0x00215160,32
thunk_FUN_002151e4,0x00215160,0x0021516C,12
FUN_002151e4,0x002151E4,0x0021520C,40
CardFormat,0x00215220,0x00215224,4
FUN_00215270,0x00215270,0x00215274,4
FUN_002152f0,0x002152F0,0x002152F8,8
FUN_00215310,0x00215310,0x00215414,220
FUN_00215330,0x00215330,0x00215338,8
FUN_002154c0,0x002154C0,0x002154CC,12
FUN_00215520,0x00215520,0x00215544,36
FUN_002155d0,0x002155D0,0x002155D8,8
FUN_002155d8,0x002155D8,0x002155F4,28
CardError,0x00215610,0x002158F4,224
FUN_002157c0,0x002157C0,0x002157D8,24
CardDie,0x00215910,0x002159B0,116
CardScreenInit,0x002159C0,0x002159C8,8
FUN_00215a08,0x00215A08,0x00215A28,32
CardTrans,0x00215CE0,0x00215CE4,4
FUN_00216920,0x00216920,0x00216988,104
FUN_00216988,0x00216988,0x00216CF8,824
FUN_00216f30,0x00216F30,0x00217000,208
FUN_00217000,0x00217000,0x00217048,72
FUN_002170d0,0x002170D0,0x002171EC,284
FUN_00217540,0x00217540,0x002175A0,96
FUN_002177a0,0x002177A0,0x002177B0,16
FUN_002177b0,0x002177B0,0x002178C8,280
CardMesPrint,0x00217A80,0x00217B14,148
CardLoad,0x00217B30,0x00217B60,48
FUN_00217b70,0x00217B70,0x00217BCC,92
CardSave,0x00217BE0,0x00217C08,40
FUN_00217c60,0x00217C60,0x00217C84,72
DataFileSave,0x00217CA0,0x00217CA8,8
FUN_00217d50,0x00217D50,0x00217D58,8
DataFileLoad,0x00218090,0x00218094,4
get_info00,0x00218350,0x00218354,4
FUN_00218818,0x00218818,0x00218828,16
get_info10,0x00218AF0,0x00218AF4,4
get_info20,0x00218E30,0x00218EA4,116
get_info30,0x00218EC0,0x00218ECC,12
GetCardInfo,0x00219160,0x00219164,4
Em0c_dm_ck,0x00219360,0x0021936C,12
FUN_00219cb8,0x00219CB8,0x00219CDC,36
FUN_00219d78,0x00219D78,0x00219DAC,52
FUN_0021a050,0x0021A050,0x0021A0A0,80
FUN_0021a0e8,0x0021A0E8,0x0021A10C,36
FUN_0021a218,0x0021A218,0x0021A31C,240
Em0c_move,0x0021A530,0x0021A53C,12
FUN_0021a6a0,0x0021A6A0,0x0021A6AC,12
FUN_0021a8a8,0x0021A8A8,0x0021AB30,232
FUN_0021a948,0x0021A948,0x0021A954,12
FUN_0021a9b8,0x0021A9B8,0x0021A9CC,20
Em0c_R0_init,0x0021B060,0x0021B06C,12
Em0c_R0_move,0x0021BD90,0x0021BD94,4
Em0c_R1_br_mv00,0x0021C340,0x0021C38C,76
Em0c_R1_mv00,0x0021C3B0,0x0021C41C,100
Em0c_R1_br_mv01,0x0021C430,0x0021C438,8
FUN_0021c500,0x0021C500,0x0021C858,512
FUN_0021c860,0x0021C860,0x0021C97C,284
Em0c_R1_mv01,0x0021C9A0,0x0021CBFC,476
Em0c_R1_br_mv02,0x0021CC50,0x0021CC58,8
FUN_0021ce30,0x0021CE30,0x0021CEB0,72
FUN_0021ceb8,0x0021CEB8,0x0021CF00,72
FUN_0021cf00,0x0021CF00,0x0021CFAC,172
Em0c_R1_mv02,0x0021CFD0,0x0021CFE0,16
Em0c_R1_br_mv03,0x0021D550,0x0021D558,8
FUN_0021d900,0x0021D900,0x0021D944,68
Em0c_R1_mv03,0x0021D960,0x0021DB70,352
FUN_0021db70,0x0021DB70,0x0021DB78,8
Em0c_R1_br_mv04,0x0021DBD0,0x0021DBD8,8
Em0c_R1_mv04,0x0021DBE0,0x0021DBE8,8
Em0c_R1_br_mv05,0x0021DBF0,0x0021DBF8,8
Em0c_R1_mv05,0x0021DC00,0x0021DC08,8
Em0c_R1_br_mv06,0x0021DEB0,0x0021DEB8,8
Em0c_R1_mv06,0x0021DEC0,0x0021DEC8,8
Em0c_R1_br_mv07,0x0021DED0,0x0021DED8,8
Em0c_R1_mv07,0x0021DEE0,0x0021DEE8,8
Em0c_R1_br_mv08,0x0021DEF0,0x0021DEF8,8
Em0c_R1_mv08,0x0021DF00,0x0021DF04,4
Em0c_R1_br_mv09,0x0021E520,0x0021E528,8
Em0c_R1_mv09,0x0021E530,0x0021E534,4
Em0c_R1_br_mv0a,0x0021ED50,0x0021ED54,4
Em0c_R1_mv0a,0x0021EE40,0x0021EE50,16
FUN_0021f470,0x0021F470,0x0021F5DC,264
FUN_0021f6f0,0x0021F6F0,0x0021F85C,352
FUN_0021fa00,0x0021FA00,0x0021FA08,8
Em0c_R1_br_mv0b,0x0021FAF0,0x0021FB00,16
FUN_0021fb00,0x0021FB00,0x0021FBA4,164
Em0c_R1_mv0b,0x0021FBC0,0x0021FE14,444
Em0c_R1_br_mv0c,0x0021FE30,0x0021FE7C,76
Em0c_R1_mv0c,0x0021FEB0,0x0021FEB4,4
FUN_00220110,0x00220110,0x00220504,140
Em0c_R1_br_mv0d,0x00220520,0x00220528,8
Em0c_R1_mv0d,0x00220530,0x00220534,4
FUN_00220850,0x00220850,0x00220868,24
FUN_00220e20,0x00220E20,0x00220F90,368
Em0c_R1_br_mv10,0x00220FB0,0x00220FB8,8
Em0c_R1_mv10,0x00220FC0,0x00220FD0,16
Em0c_R1_br_mv11,0x00221300,0x00221308,8
Em0c_R1_mv11,0x00221310,0x00221314,4
FUN_002215e0,0x002215E0,0x002215F0,16
Em0c_R1_br_mv12,0x00221610,0x00221618,8
Em0c_R1_mv12,0x00221620,0x00221624,4
FUN_00221850,0x00221850,0x00221851,1
Em0c_R1_br_mv13,0x00221860,0x00221868,8
Em0c_R1_mv13,0x00221870,0x00221878,8
Em0c_R1_br_mv14,0x00221F60,0x00221F68,8
Em0c_R1_mv14,0x00221F70,0x00221F74,4
Em0c_R1_br_mv15,0x00222320,0x00222328,8
Em0c_R1_mv15,0x00222330,0x002223C0,140
Em0c_R1_br_mv16,0x002224C0,0x002224C8,8
Em0c_R1_mv16,0x002224D0,0x00222550,124
Em0c_R1_br_mv17,0x002225B0,0x002225B8,8
Em0c_R1_mv17,0x002225C0,0x00222780,280
Em0c_R1_br_mv18,0x002227F0,0x00222870,128
Em0c_R1_mv18,0x002228B0,0x002228B4,4
FUN_00222af0,0x00222AF0,0x00222B1C,44
Em0c_R0_damage,0x00222BC0,0x00222BE0,32
Em0c_R1_dm00,0x00222BE0,0x00222D78,112
Em0c_R1_dm01,0x00222DF0,0x00222DF4,4
FUN_00223120,0x00223120,0x00223190,112
FUN_00223190,0x00223190,0x002231E0,80
FUN_002231e0,0x002231E0,0x00223218,56
Em0c_R1_dm02,0x00223230,0x0022323C,12
FUN_00223730,0x00223730,0x00223744,20
FUN_00223790,0x00223790,0x002238AC,156
FUN_002237d0,0x002237D0,0x00223800,48
Em0c_R1_dm03,0x00223920,0x0022392C,12
FUN_002239a0,0x002239A0,0x002239E8,72
FUN_002239f0,0x002239F0,0x00223A40,68
Em0c_R0_die,0x00223DC0,0x00223DE0,32
Em0c_R1_die00,0x00223DE0,0x00223DE8,8
Em0c_R0_reset,0x002242D0,0x002242F4,36
Em0c_R1_reset00,0x00224300,0x002245B0,424
Em0c_R1_reset01,0x00224600,0x00224878,376
FUN_00224660,0x00224660,0x002246A0,64
FUN_002246a0,0x002246A0,0x002246B0,16
FUN_00224710,0x00224710,0x00224734,36
FUN_00224890,0x00224890,0x002248B0,32
Em0c_R1_reset02,0x00224900,0x00224908,8
Em0c_R1_reset03,0x00224910,0x00224918,8
Em0c_kama_init,0x00224920,0x00224940,32
FUN_00224940,0x00224940,0x00224958,24
Em0c_kama_move,0x00224960,0x00224964,4
FUN_00224d70,0x00224D70,0x00224D78,8
Pl_damage_em0c_00,0x002258C0,0x002258C8,8
Pl_damage_em0c_01,0x00225D20,0x00225D30,16
Em0b_kui_init,0x00226400,0x00226404,4
Em0b_kui_move,0x002264F0,0x002264FC,12
Em0d_dm_ck,0x00226FF0,0x00226FF8,8
FUN_00227110,0x00227110,0x0022725C,328
FUN_00227290,0x00227290,0x0022749C,524
FUN_002274a0,0x002274A0,0x002274F8,88
FUN_002274f8,0x002274F8,0x00227690,160
FUN_00227648,0x00227648,0x00227668,32
FUN_00227668,0x00227668,0x00227678,16
FUN_00227830,0x00227830,0x00227A30,352
FUN_00227950,0x00227950,0x00227988,32
FUN_002279c0,0x002279C0,0x002279E4,36
FUN_00227a30,0x00227A30,0x00227A88,88
FUN_00227b50,0x00227B50,0x00227EAC,812
FUN_00227d50,0x00227D50,0x00227D80,48
FUN_00227eac,0x00227EAC,0x00227F04,88
Em0d_move,0x00227F30,0x00227F3C,12
FUN_00228350,0x00228350,0x002283A4,84
FUN_00228410,0x00228410,0x00228474,100
Em0d_R0_init,0x00228740,0x0022874C,12
FUN_00228bc0,0x00228BC0,0x00228BE4,36
FUN_00228cf0,0x00228CF0,0x00228CFC,12
FUN_00228d78,0x00228D78,0x00228DD0,88
FUN_00228e80,0x00228E80,0x00228EB4,52
FUN_00228ed0,0x00228ED0,0x00228EDC,12
FUN_00228f90,0x00228F90,0x00228FD4,68
FUN_00229230,0x00229230,0x002292AC,124
FUN_002296e0,0x002296E0,0x00229718,56
Em0d_R0_move,0x0022A270,0x0022A274,4
FUN_0022a5d0,0x0022A5D0,0x0022A650,128
FUN_0022a650,0x0022A650,0x0022A760,272
Em0d_R1_br_mv00,0x0022A780,0x0022A78C,12
FUN_0022a810,0x0022A810,0x0022A8BC,160
Em0d_R1_mv00,0x0022A8E0,0x0022A8E4,4
FUN_0022a940,0x0022A940,0x0022A984,68
FUN_0022aaa0,0x0022AAA0,0x0022AAA8,8
Em0d_R1_br_mv01,0x0022AAC0,0x0022AAC8,8
FUN_0022acb0,0x0022ACB0,0x0022ACC4,20
Em0d_R1_mv01,0x0022ACE0,0x0022ACE8,8
FUN_0022ae30,0x0022AE30,0x0022AE3C,12
FUN_0022ae40,0x0022AE40,0x0022AEF8,60
FUN_0022ae50,0x0022AE50,0x0022AE60,16
FUN_0022aef8,0x0022AEF8,0x0022AF28,48
FUN_0022af28,0x0022AF28,0x0022AF54,44
Em0d_R1_br_mv02,0x0022AF80,0x0022AF84,4
FUN_0022afa0,0x0022AFA0,0x0022B12C,356
FUN_0022b000,0x0022B000,0x0022B004,4
Em0d_R1_mv02,0x0022B170,0x0022B174,4
FUN_0022b188,0x0022B188,0x0022B2B0,232
FUN_0022b210,0x0022B210,0x0022B21C,12
FUN_0022b2c8,0x0022B2C8,0x0022B2D0,8
FUN_0022b2d0,0x0022B2D0,0x0022B304,52
FUN_0022b308,0x0022B308,0x0022B324,28
FUN_0022b3e8,0x0022B3E8,0x0022B5F0,224
FUN_0022b4c0,0x0022B4C0,0x0022B530,112
Em0d_R1_br_mv03,0x0022B610,0x0022B614,4
Em0d_R1_mv03,0x0022B720,0x0022B750,48
FUN_0022b750,0x0022B750,0x0022B8F4,196
FUN_0022b7b0,0x0022B7B0,0x0022B7C0,16
FUN_0022b7c0,0x0022B7C0,0x0022B7C4,4
Em0d_R1_br_mv04,0x0022B910,0x0022B918,8
Em0d_R1_mv04,0x0022B920,0x0022B924,4
FUN_0022ba40,0x0022BA40,0x0022BAB0,112
FUN_0022bc20,0x0022BC20,0x0022BC30,16
Em0d_R1_br_mv05,0x0022BC50,0x0022BC54,4
FUN_0022be20,0x0022BE20,0x0022BE8C,108
Em0d_R1_mv05,0x0022BEA0,0x0022BEB0,16
FUN_0022c110,0x0022C110,0x0022C12C,28
FUN_0022c1e0,0x0022C1E0,0x0022C1F4,20
Em0d_R1_br_mv06,0x0022C470,0x0022C474,4
Em0d_R1_mv06,0x0022C6C0,0x0022C6C8,8
FUN_0022c930,0x0022C930,0x0022CE7C,460
Em0d_R1_br_mv07,0x0022CEA0,0x0022CEA4,4
FUN_0022cf10,0x0022CF10,0x0022D0D0,404
Em0d_R1_mv07,0x0022D0F0,0x0022D0F4,4
Em0d_R1_br_mv08,0x0022D580,0x0022D588,8
Em0d_R1_mv08,0x0022D590,0x0022D598,8
Em0d_R1_br_mv09,0x0022DAA0,0x0022DAA8,8
Em0d_R1_mv09,0x0022DAB0,0x0022DAB8,8
Em0d_R1_br_mv0a,0x0022DAC0,0x0022DAC8,8
Em0d_R1_mv0a,0x0022DAD0,0x0022DAEC,28
Em0d_R1_br_mv0b,0x0022DE80,0x0022DE88,8
Em0d_R1_mv0b,0x0022DE90,0x0022DE9C,12
FUN_0022e400,0x0022E400,0x0022E40C,12
FUN_0022e424,0x0022E424,0x0022E580,304
FUN_0022e4c0,0x0022E4C0,0x0022E4EC,44
FUN_0022e580,0x0022E580,0x0022E5A0,32
FUN_0022e5f0,0x0022E5F0,0x0022E628,56
FUN_0022e680,0x0022E680,0x0022E690,16
FUN_0022e770,0x0022E770,0x0022E858,204
FUN_0022e9a4,0x0022E9A4,0x0022EA54,176
FUN_0022ead0,0x0022EAD0,0x0022EAFC,44
Em0d_R1_br_mv0c,0x0022EB20,0x0022EB28,8
Em0d_R1_mv0c,0x0022EB30,0x0022EB40,16
FUN_0022ec20,0x0022EC20,0x0022EC68,72
FUN_0022ece0,0x0022ECE0,0x0022ED68,136
FUN_0022edf0,0x0022EDF0,0x0022EE3C,76
Em0d_R1_br_mv0d,0x0022F0F0,0x0022F0F4,4
FUN_0022f1b0,0x0022F1B0,0x0022F3B0,468
Em0d_R1_mv0d,0x0022F3D0,0x0022F3D4,4
FUN_0022f440,0x0022F440,0x0022F464,36
FUN_0022f670,0x0022F670,0x0022F694,36
Em0d_R1_br_mv0f,0x0022F9A0,0x0022F9A8,8
Em0d_R1_mv0f,0x0022F9B0,0x0022FF64,344
FUN_0022fc50,0x0022FC50,0x0022FC94,68
Em0d_R1_br_mv16,0x0022FF80,0x0022FF88,8
Em0d_R1_mv16,0x0022FF90,0x0022FF94,4
FUN_0022ffd0,0x0022FFD0,0x0022FFE8,24
FUN_00230018,0x00230018,0x00230040,40
FUN_002300d0,0x002300D0,0x002300D1,1
FUN_00230148,0x00230148,0x002301D0,136
FUN_002301d0,0x002301D0,0x002302CC,248
Em0d_R1_br_mv17,0x00230340,0x00230398,88
Em0d_R1_mv17,0x002303A0,0x002303A4,4
Em0d_R1_br_mv18,0x00230650,0x00230658,8
Em0d_R1_mv18,0x00230660,0x00230668,8
Em0d_R0_damage,0x00230B70,0x00230D04,404
Em0d_R1_dm00,0x00230D20,0x00230D24,4
Em0d_R1_dm01,0x00230FF0,0x00230FF4,4
Em0d_R1_dm03,0x002312A0,0x00231514,204
Em0d_R0_die,0x00231590,0x002315B0,32
Em0d_R1_die00,0x002315B0,0x002315B4,4
FUN_00231a60,0x00231A60,0x00231AA8,72
FUN_00231aa8,0x00231AA8,0x00231AB0,8
Em0d_kui_init,0x00231B20,0x00231B48,40
Em0d_kui_move,0x00231B50,0x00231B5C,12
FUN_00231b60,0x00231B60,0x00231B6C,12
FUN_00231bd8,0x00231BD8,0x00231C10,56
FUN_00231c60,0x00231C60,0x00231CF8,152
FUN_00231d50,0x00231D50,0x00231D60,16
Em0d_morph,0x00232E20,0x00232E24,4
Em0d_hasami_kemuri,0x00232F60,0x00232F74,20
Em0d_dm_move,0x002331D0,0x00233564,916
Em0d_face_red,0x00233570,0x00233578,8
Em0d_devil_mode,0x00233A90,0x00233A98,8
Em0d_ev_end,0x00233D00,0x00233D04,4
Em0e_dm_ck,0x00233DD0,0x00233DDC,12
Em0e_move,0x00234970,0x0023497C,12
FUN_00234ca0,0x00234CA0,0x00234CAC,12
FUN_00234d60,0x00234D60,0x00234DA4,68
Em0e_R0_init,0x002359A0,0x002359B0,16
FUN_00235d60,0x00235D60,0x00235D6C,12
FUN_00235f40,0x00235F40,0x00235F80,64
Em0e_R0_move,0x002368E0,0x002368E8,8
FUN_00236d40,0x00236D40,0x00236E00,192
FUN_00236e00,0x00236E00,0x00236E0C,12
Em0e_R1_br_mv00,0x00236E50,0x00236EB4,100
Em0e_R1_mv00,0x00236EC0,0x00236F90,176
Em0e_R1_br_mv01,0x00237040,0x00237048,8
Em0e_R1_mv01,0x002373A0,0x002373A8,8
Em0e_R1_br_mv02,0x00237740,0x00237744,4
Em0e_R1_mv02,0x00237970,0x0023797C,12
Em0e_R1_br_mv03,0x002381E0,0x002381E4,4
Em0e_R1_mv03,0x00238410,0x00238418,8
FUN_00238420,0x00238420,0x002387CC,452
FUN_00238550,0x00238550,0x00238558,8
FUN_002385f0,0x002385F0,0x002386F4,148
Em0e_R1_br_mv04,0x002387F0,0x002388AC,188
Em0e_R1_mv04,0x002388B0,0x002388BC,12
FUN_00238c40,0x00238C40,0x00238CF0,176
FUN_00238cf0,0x00238CF0,0x00238D00,16
FUN_00238d00,0x00238D00,0x00238D0C,12
FUN_00238dc0,0x00238DC0,0x00238EF8,312
Em0e_R1_br_mv05,0x00238F20,0x00238F28,8
Em0e_R1_mv05,0x00238F30,0x002390F8,244
Em0e_R1_br_mv06,0x00239110,0x00239118,8
Em0e_R1_mv06,0x00239120,0x00239124,4
FUN_00239310,0x00239310,0x00239430,160
Em0e_R1_br_mv07,0x002397C0,0x002397C8,8
Em0e_R1_mv07,0x002397D0,0x002397D8,8
Em0e_R1_br_mv08,0x002397E0,0x002397E8,8
Em0e_R1_mv08,0x002397F0,0x002397F8,8
Em0e_R1_br_mv09,0x00239800,0x00239804,4
FUN_00239810,0x00239810,0x00239968,204
FUN_002398b0,0x002398B0,0x002398C4,20
Em0e_R1_mv09,0x002399A0,0x002399AC,12
FUN_00239a20,0x00239A20,0x00239A3C,28
FUN_00239b50,0x00239B50,0x00239BA8,88
FUN_00239d00,0x00239D00,0x00239D18,24
FUN_00239d60,0x00239D60,0x00239E10,176
FUN_00239e10,0x00239E10,0x00239E24,20
FUN_00239f20,0x00239F20,0x00239F2C,12
FUN_00239fb0,0x00239FB0,0x0023A068,184
Em0e_R1_br_mv0a,0x0023A270,0x0023A278,8
Em0e_R1_mv0a,0x0023A280,0x0023A288,8
Em0e_R1_br_mv0b,0x0023A290,0x0023A298,8
Em0e_R1_mv0b,0x0023A2A0,0x0023A2A8,8
Em0e_R1_br_mv0c,0x0023A2B0,0x0023A2B8,8
Em0e_R1_mv0c,0x0023A2C0,0x0023A2C8,8
Em0e_R1_br_mv0d,0x0023A2D0,0x0023A2D8,8
Em0e_R1_mv0d,0x0023A2E0,0x0023A2EC,12
FUN_0023a600,0x0023A600,0x0023A60C,12
Em0e_R1_br_mv0e,0x0023A9A0,0x0023AA04,100
Em0e_R1_mv0e,0x0023AA10,0x0023AA18,8
Em0e_R1_br_mv0f,0x0023AFD0,0x0023AFD8,8
Em0e_R1_mv0f,0x0023AFE0,0x0023AFE8,8
FUN_0023b230,0x0023B230,0x0023B2F0,72
FUN_0023b350,0x0023B350,0x0023B550,212
FUN_0023b4f0,0x0023B4F0,0x0023B510,32
FUN_0023b550,0x0023B550,0x0023B5C8,120
Em0e_R1_br_mv10,0x0023B5F0,0x0023B5F8,8
Em0e_R1_mv10,0x0023B600,0x0023B614,20
Em0e_R1_br_mv11,0x0023B920,0x0023B974,84
Em0e_R1_mv11,0x0023B980,0x0023B994,20
Em0e_R1_br_mv12,0x0023BAD0,0x0023BAD8,8
Em0e_R1_mv12,0x0023BAE0,0x0023BAF4,20
FUN_0023bcc0,0x0023BCC0,0x0023BCE0,32
Em0e_R1_br_mv13,0x0023BD20,0x0023BD28,8
Em0e_R1_mv13,0x0023BD30,0x0023BD38,8
Em0e_R1_br_mv14,0x0023C490,0x0023C498,8
Em0e_R1_mv14,0x0023C4A0,0x0023C4A4,4
Em0e_R1_br_mv15,0x0023CB20,0x0023CD58,568
Em0e_R1_mv15,0x0023CD60,0x0023CD68,8
Em0e_R1_br_mv16,0x0023D300,0x0023D308,8
Em0e_R1_mv16,0x0023D310,0x0023D318,8
Em0e_R1_br_mv17,0x0023DBF0,0x0023DBF8,8
Em0e_R1_mv17,0x0023DC00,0x0023DC08,8
Em0e_R1_br_mv18,0x0023E290,0x0023E298,8
Em0e_R1_mv18,0x0023E2A0,0x0023E3A0,100
Em0e_R0_damage,0x0023E460,0x0023E490,48
Em0e_R1_dm00,0x0023E490,0x0023E660,100
Em0e_R1_dm01,0x0023E720,0x0023E724,4
Em0e_R1_dm02,0x0023EB60,0x0023EB70,16
Em0e_R1_dm03,0x0023F3A0,0x0023F738,504
Em0e_R1_dm04,0x0023F750,0x0023FAE4,420
Em0e_R0_die,0x0023FB00,0x0023FB20,32
Em0e_R1_die00,0x0023FB20,0x0023FB24,4
Em0e_R0_reset,0x0023FE50,0x0023FE74,36
Em0e_R1_reset00,0x0023FE80,0x00240160,424
Em0e_R1_reset01,0x002401B0,0x00240490,424
Em0e_R1_reset02,0x002404E0,0x002404E8,8
Em0e_R1_reset03,0x002404F0,0x002404F8,8
Pl_damage_em0e_00,0x00240500,0x00240508,8
Pl_damage_em0e_01,0x00240A50,0x00240A54,4
Em0e_kama_init,0x00240CD0,0x00240CDC,12
Em0e_kama_move,0x00240FF0,0x00240FF4,4
Em0e_dm_move,0x00242C60,0x00242D40,224
FUN_00242d40,0x00242D40,0x00242F74,228
Em0e_body_kemuri,0x00242F80,0x00242F88,8
Em0e_pl_eff_cloud_of_dust,0x002430A0,0x002430E4,68
Em0e_hasi_init,0x002430F0,0x002430FC,12
Em0e_hasi_move,0x002431B0,0x002431B4,4
FUN_00243700,0x00243700,0x00243714,20
FUN_002441e0,0x002441E0,0x00244434,196
Get_height_pos_em0e,0x00244470,0x002444C4,84
Em0e_devil_mode,0x00244500,0x00244508,8
ectrl01_init00,0x00244770,0x002447B8,72
Ectrl_01,0x00244850,0x00244870,32
ectrl02_init00_t00,0x00244870,0x00244874,4
ectrl02_init00_t01,0x00244E00,0x00244E20,32
FUN_00244e20,0x00244E20,0x00244E98,116
ectrl02_init00_t02,0x00244EE0,0x00244F78,148
ectrl02_init00_t03,0x00244FC0,0x00244FC4,4
Ectrl_02,0x00245550,0x00245580,48
ectrl03_init00_t00,0x00245580,0x00245590,16
ectrl03_move10_t00,0x00245590,0x00245598,8
ectrl03_bom20_t00,0x002455A0,0x002455A8,8
ectrl03_init00_t01,0x002455B0,0x002455C0,16
ectrl03_move10_t01,0x002455C0,0x002455C8,8
ectrl03_bom20_t01,0x002455D0,0x002455D8,8
ectrl03_init00_t02,0x002455E0,0x00245600,32
FUN_00245600,0x00245600,0x00245614,20
ectrl03_move10_t02,0x002456D0,0x002456D4,4
ectrl03_bom20_t02,0x002457F0,0x002458FC,116
ectrl03_init00_t03,0x00245900,0x00245910,16
ectrl03_move10_t03,0x00245910,0x00245918,8
ectrl03_bom20_t03,0x00245920,0x00245928,8
ectrl03_init00_t04,0x00245930,0x00245940,16
ectrl03_move10_t04,0x00245940,0x00245948,8
ectrl03_end20_t04,0x00245950,0x00245958,8
ectrl03_init00_t05,0x00245960,0x00245994,52
ectrl03_move10_t05,0x00245A50,0x00245A54,4
ectrl03_bom20_t05,0x00245B70,0x00245C1C,116
ectrl03_init00_t06,0x00245C20,0x00245C54,52
ectrl03_move10_t06,0x00245D10,0x00245D14,4
ectrl03_bom20_t06,0x00245E30,0x00245E8C,92
Ectrl_03,0x00245E90,0x00245EC0,48
ectrl04_init00_t00,0x00245EC0,0x00245ED0,16
FUN_00245fe0,0x00245FE0,0x00245FE8,8
ectrl04_move10_t00,0x002460F0,0x002460FC,12
ectrl04_end20_t00,0x002462C0,0x00246354,148
ectrl04_tmp30_t00,0x00246360,0x00246368,8
ectrl04_init00_t01,0x00246370,0x0024637C,12
ectrl04_move10_t01,0x00246550,0x0024655C,12
ectrl04_end20_t01,0x002466D0,0x00246744,116
ectrl04_tmp30_t01,0x00246750,0x00246758,8
ectrl04_init00_t02,0x00246760,0x00246768,8
ectrl04_move10_t02,0x002468E0,0x002468F0,16
ectrl04_end20_t02,0x002469D0,0x00246A24,84
ectrl04_init00_t03,0x00246A30,0x00246A8C,92
ectrl04_move10_t03,0x00246AE0,0x00246AF0,16
ectrl04_end20_t03,0x00246BB0,0x00246BE4,52
ectrl04_init00_t04,0x00246BF0,0x00246BF4,4
FUN_00246da0,0x00246DA0,0x00246DD4,52
ectrl04_move10_t04,0x00246E90,0x00246EA0,16
ectrl04_end20_t04,0x00246F80,0x00246FD0,80
ectrl04_init00_t05,0x00246FD0,0x00246FE0,16
ectrl04_move10_t05,0x00247250,0x00247260,16
ectrl04_end20_t05,0x00247350,0x002473A0,80
ectrl04_init00_t06,0x002473A0,0x00247400,96
ectrl04_move10_t06,0x00247450,0x00247460,16
ectrl04_end20_t06,0x00247520,0x00247554,52
ectrl04_init00_t07,0x00247560,0x002475C0,96
ectrl04_move10_t07,0x00247610,0x00247620,16
ectrl04_end20_t07,0x002476F0,0x00247724,52
ectrl04_init00_t08,0x00247730,0x00247734,4
ectrl04_move10_t08,0x002478A0,0x002478AC,12
ectrl04_end20_t08,0x00247940,0x00247994,84
ectrl04_init00_t09,0x002479A0,0x002479AC,12
ectrl04_move10_t09,0x00247BC0,0x00247BD8,24
FUN_00247c00,0x00247C00,0x00247C04,4
ectrl04_end20_t09,0x00247C20,0x00247C94,116
ectrl04_init00_t0a,0x00247CA0,0x00247CA4,4
ectrl04_move10_t0a,0x00247F70,0x00247F80,16
ectrl04_end20_t0a,0x00248060,0x002480B0,80
Ectrl_04,0x002480B0,0x002480E0,48
ectrl05_init00_t00,0x002480E0,0x002480EC,12
ectrl05_move10_t00,0x002486B0,0x002486C0,16
ectrl05_init00_t01,0x002486C0,0x002486C4,4
FUN_00248840,0x00248840,0x00248860,32
ectrl05_move10_t01,0x00248C90,0x00248CA0,16
ectrl05_init00_t02,0x00248CA0,0x00248CAC,12
FUN_00249340,0x00249340,0x00249354,20
ectrl05_init00_t03,0x00249420,0x0024942C,12
Ectrl_05,0x00249A40,0x00249A70,48
ectrl06_move00_t00,0x00249A70,0x00249BF4,256
ectrl06_move00_t01,0x00249C90,0x00249E00,232
ectrl06_move00_t02,0x00249EA0,0x00249EA4,4
ectrl06_move00_t03,0x0024A050,0x0024A1CC,244
ectrl06_move00_t04,0x0024A260,0x0024A268,8
ectrl06_move00_t05,0x0024A270,0x0024A3D4,220
ectrl06_move00_t06,0x0024A460,0x0024A600,280
ectrl06_move00_t07,0x0024A6A0,0x0024A784,72
ectrl06_move00_t08,0x0024A7A0,0x0024A7D8,56
ectrl06_move00_t09,0x0024A8D0,0x0024A904,52
ectrl06_move00_t0a,0x0024A950,0x0024A988,56
ectrl06_move00_t0b,0x0024AAA0,0x0024AAA4,4
Ectrl_06,0x0024AD70,0x0024ADA0,48
ectrl0c_init00_t00,0x0024ADA0,0x0024AE0C,108
ectrl0c_move10_t00,0x0024AE90,0x0024AE9C,12
ectrl0c_init00_t01,0x0024AFE0,0x0024B04C,108
ectrl0c_move10_t01,0x0024B0D0,0x0024B0E0,16
ectrl0c_init00_t02,0x0024B0E0,0x0024B144,100
ectrl0c_move10_t02,0x0024B160,0x0024B1A0,64
Ectrl_0c,0x0024B1D0,0x0024B200,48
ectrl12_init00_t00,0x0024B200,0x0024B3DC,168
ectrl12_move10_t00,0x0024B430,0x0024B440,16
ectrl12_init00_t01,0x0024B440,0x0024B618,216
ectrl12_move10_t01,0x0024B630,0x0024B640,16
ectrl12_move20_t01,0x0024B640,0x0024B650,16
ectrl12_init00_t02,0x0024B650,0x0024B664,20
ectrl12_init00_t03,0x0024B6F0,0x0024B6F4,4
ectrl12_init00_t04,0x0024B830,0x0024BA10,168
ectrl12_init00_t05,0x0024BA60,0x0024BC48,168
ectrl12_move10_t05,0x0024BCA0,0x0024BCB0,16
ectrl12_init00_t06,0x0024BCB0,0x0024BE88,216
ectrl12_move10_t06,0x0024BEA0,0x0024BEB0,16
ectrl12_move20_t06,0x0024BEB0,0x0024BEC0,16
ectrl12_init00_t07,0x0024BEC0,0x0024BED4,20
ectrl12_init00_t08,0x0024BF70,0x0024BF74,4
ectrl12_init00_t09,0x0024C0B0,0x0024C0C4,20
ectrl12_init00_t0a,0x0024C160,0x0024C164,4
ectrl12_init00_t0b,0x0024C2A0,0x0024C488,168
ectrl12_init00_t0c,0x0024C4E0,0x0024C6B8,216
Ectrl_12,0x0024C6D0,0x0024C700,48
ectrl16_init00_t00,0x0024C700,0x0024C704,4
ectrl16_move10_t00,0x0024C7D0,0x0024C7E0,16
ectrl16_init00_t01,0x0024C7E0,0x0024C878,152
Ectrl_16,0x0024C8C0,0x0024C8F0,48
ectrl1b_init00,0x0024C8F0,0x0024CB30,76
ectrl1b_check10,0x0024CB40,0x0024CB48,8
ectrl1b_move20,0x0024D130,0x0024D140,16
Ectrl_1b,0x0024D7E0,0x0024D800,32
point_serch_connection_x,0x0024D800,0x0024D804,4
point_serch_connection_y,0x0024D910,0x0024D914,4
point_serch_connection_z,0x0024DA20,0x0024DA2C,12
ectrl1c_init00,0x0024DB20,0x0024DB2C,12
Ectrl_1c,0x0024DE90,0x0024DEB0,32
ectrl1d_init00_t00,0x0024DEB0,0x0024DEF0,64
ectrl1d_move10_t00,0x0024DF40,0x0024DF94,84
ectrl1d_move20_t00,0x0024DFE0,0x0024E00C,44
ectrl1d_end30_t00,0x0024E0E0,0x0024E0E8,8
ectrl1d_sub_item_light00,0x0024E0F0,0x0024E0F4,4
ectrl1d_sub_item_light01,0x0024E6F0,0x0024E6F4,4
Ectrl_1d,0x0024EAA0,0x0024EAC0,32
Md_com_work_set,0x0024EAC0,0x0024EAC4,4
Md_com_work_set_nm,0x0024EBC0,0x0024EC90,208
Md_mod_mapping,0x0024EC90,0x0024ED28,152
Md_vu_type_tbl_set,0x0024ED30,0x0024F15C,1068
Md_model_work_init,0x0024F1A0,0x0024F1A4,4
Md_model_work_init_pl,0x0024F270,0x0024F274,4
Md_make_tags,0x0024F300,0x0024F354,84
Md_make_tags_db,0x0024F360,0x0024F364,4
Md_make_tags_mirror_db,0x0024F960,0x0024F964,4
Md_parts_info_write,0x0024FF60,0x0024FF6C,12
Md_env_get_work,0x002500B0,0x002500B4,4
Md_obj_trans_set,0x002504C0,0x002504C8,8
Md_obj_trans_mir_set,0x002506D0,0x00250800,304
Md_obj_env_def_set,0x00250800,0x00250834,52
Md_parts_env_def_set,0x00250840,0x00250844,4
Md_grp_env_def_set,0x00250970,0x00250A14,160
Md_parts_lnk,0x00250A20,0x00250A24,4
Md_parts_lnk_db,0x00250A80,0x00250C24,420
Md_parts_lnk_pl,0x00250C30,0x00250C34,4
Md_parts_lnk_db_pl,0x00250C90,0x00250E00,368
Md_parts_lnk_mir_db,0x00250E00,0x00250F70,368
Md_draw_entry_db,0x00250F70,0x00250F7C,12
Md_draw_entry,0x00251180,0x002511A4,36
Set_clip_matrix,0x002511E0,0x002511E4,4
Md_set_vutype,0x00251600,0x00251608,8
Md_set_vutype_db,0x00251670,0x00251674,4
Md_set_prim,0x00251B80,0x00251B88,8
Md_set_prim_db,0x00251BF0,0x00251D38,328
Md_set_parts_prim,0x00251D40,0x00251D4C,12
Md_set_parts_prim_db,0x00251DC0,0x00251EF0,304
Md_parts_env_al_set0_all,0x00251EF0,0x00251F00,16
Md_parts_env_al_set0_all_db,0x00251F80,0x00251F90,16
Md_parts_env_al_set0,0x00252000,0x00252094,132
Md_parts_env_al_set1_all,0x002520A0,0x002520B0,16
Md_parts_env_al_set1_all_db,0x00252130,0x00252140,16
Md_parts_env_al_set1,0x002521B0,0x002521C8,24
Md_set_meisai_rate_all,0x002521D0,0x002521D8,8
Md_set_meisai_rate_db,0x00252230,0x00252244,20
Md_set_meisai_alpha_all,0x00252250,0x00252258,8
Md_set_meisai_alpha_db,0x002522B0,0x002522C4,20
Md_set_meisai_rate,0x002522D0,0x002522EC,28
Md_set_alpha_range_all,0x002522F0,0x002522F8,8
Md_set_alpha_range_db,0x00252360,0x00252390,48
Md_set_tex0_type_db,0x00252390,0x002524C8,312
Md_set_alpha_rate,0x002524D0,0x002524FC,44
Md_set_parts_light,0x00252500,0x00252574,116
Md_parts_env_zbuff_all,0x00252580,0x00252588,8
Md_parts_env_zbuff_all_db,0x002525E0,0x002525F0,16
Md_parts_env_zbuff_db,0x00252660,0x00252668,8
Md_parts_env_zbuff,0x002526C0,0x002526EC,44
Md_set_parts_env_test,0x002526F0,0x002526F8,8
Md_set_parts_env_test_db,0x00252750,0x00252764,20
Md_parts_set_tex0,0x00252770,0x00252778,8
Md_parts_set_tex0_db,0x002527D0,0x00252898,200
Md_set_parts_vutype,0x002528A0,0x002528AC,12
Md_set_parts_vutype_db,0x00252920,0x00252924,4
Md_jnt_info_set,0x00252E40,0x00252E44,4
Motion_set2,0x00252FB0,0x00252FC0,16
Motion_set2_body,0x00253400,0x00253410,16
Motion_set_pl_ud,0x00253670,0x00253794,284
Motion_set_fcv,0x002537A0,0x002537B0,16
Get_speed,0x00253BD0,0x00253BDC,12
Get_null_pos,0x00253F00,0x00253F04,4
Jnt_local_to_world,0x00253FE0,0x00253FEC,12
Jnt_local_reset,0x00254050,0x00254058,8
Motion_move_main,0x00254120,0x00254124,4
Motion_move_main_neo,0x00254D60,0x00254D68,8
Motion_move,0x00255730,0x002557D8,168
Motion_move2,0x002557F0,0x002557F4,4
oni_Motion_move2,0x00255830,0x00255838,8
Motion_move_sce,0x00255840,0x002558E8,168
Motion_move_pl,0x00255900,0x00255908,8
Get_sequence,0x00256800,0x00256898,152
Get_sequence2,0x002568A0,0x0025694C,172
Calc_make_matrix,0x00256950,0x00256954,4
Stop_calc_make_matrix,0x00256CF0,0x00256CF8,8
Sub_calc_matrix,0x00256F30,0x00256F3C,12
Sub_calc_matrix_end,0x00257340,0x00257350,16
Calc_make_matrix_pl,0x002573F0,0x002573F8,8
Skeleton,0x00257630,0x00257638,8
Skeleton_pl_L,0x00258530,0x00258538,8
Skeleton_pl_R,0x00258BE0,0x00258BE8,8
Hokan,0x00259290,0x002592A0,16
Hokan_pl,0x00259510,0x00259520,16
Hermite,0x00259910,0x00259DFC,1192
Get_hermite,0x00259E10,0x0025A068,560
Get_evt_cam_data,0x0025A070,0x0025A080,16
Motion_move_main_em1b_wing,0x0025A2D0,0x0025A2E0,16
Motion_move_em1b_wing,0x0025A5B0,0x0025A658,168
Om_work_init,0x0025A670,0x0025A810,416
Om_set_init,0x0025A820,0x0025A850,48
Om_omd_init,0x0025A8C0,0x0025A8C4,4
FUN_0025ac60,0x0025AC60,0x0025AEC0,580
Om_Room_init,0x0025AEF0,0x0025AF84,148
Om_enemy_init,0x0025AFA0,0x0025AFA4,4
Om_enemy_cache,0x0025B0E0,0x0025B0EC,12
Om_eff_move,0x0025B260,0x0025B268,8
Om_scr_move,0x0025B730,0x0025B738,8
Om_dummy_move,0x0025BCB0,0x0025BCD0,32
Om_dummy_R0_dummy,0x0025BCD0,0x0025BCD8,8
Om_dummy_R0_scenario,0x0025BCE0,0x0025BD00,32
Om_dummy_R1_mv00,0x0025BD00,0x0025BD5C,76
Om_dummy_R1_mv01,0x0025BD90,0x0025BDEC,76
Om_trans,0x0025BE20,0x0025BE28,8
Om_def_set,0x0025C450,0x0025C454,4
Set_om_def_vinfo,0x0025C8D0,0x0025C8DC,12
FUN_0025c940,0x0025C940,0x0025C964,36
Set_om_def_tex_trans,0x0025CC30,0x0025CC44,20
Set_om_tex_trans,0x0025CDB0,0x0025CDCC,28
Om_vram_info_set,0x0025CEA0,0x0025D0F8,488
Om_movie_info_set,0x0025D100,0x0025D1AC,172
Om_status_set,0x0025D1B0,0x0025D430,636
Om_st_status_set,0x0025D440,0x0025D4B0,112
Om_set_main,0x0025D4B0,0x0025D4C0,16
Set_enemy_om,0x0025D820,0x0025D828,8
Set_effect_r203_stome,0x0025DAB0,0x0025DAB4,4
R203_em_rain_set,0x0025DC80,0x0025DCC4,68
R203_init,0x0025DE00,0x0025DE08,8
R203_main,0x0025E640,0x0025E648,8
R203_s_mission_start,0x0025ECC0,0x0025ED28,104
R203_s_mission_move,0x0025ED80,0x0025ED84,4
R203_scr_parts_no_del,0x0025EFB0,0x0025EFD8,40
set_area_flg,0x0025EFE0,0x0025F244,612
R203_move_cloud,0x0025F250,0x0025F3EC,400
R203_evt8_cloud_on,0x0025F3F0,0x0025F410,32
R203_evt8_cloud_off,0x0025F420,0x0025F42C,12
set_eff_203_fire_loop,0x0025F5C0,0x0025F67C,188
set_eff_203_fire1,0x0025F7E0,0x0025F8D8,248
set_eff_203_fire2,0x0025F9C0,0x0025FABC,252
FUN_0025fb00,0x0025FB00,0x0025FB70,112
set_eff_203_kemuri,0x0025FBA0,0x0025FBA8,8
R203_warp0,0x0025FE00,0x0025FE8C,140
R203_lift_ck,0x0025FEA0,0x0025FFBC,276
R203_lift_down,0x0025FFD0,0x0025FFD8,8
R203_lift_up,0x00260250,0x00260258,8
R203_warp1,0x002604C0,0x002604E0,32
FUN_002604e0,0x002604E0,0x0026054C,108
Warp_move,0x00260560,0x00260564,4
R203_Door212,0x00260950,0x002609A8,76
R203_grifon_start,0x002609C0,0x00260A5C,156
R203_grf_fall_event_cancel,0x00260BE0,0x00260C28,68
R203_grf_fall_event,0x00260C40,0x00260C84,56
R203_grf_deth_event_cansel,0x00261020,0x0026103C,28
R203_grf_deth_event_ads,0x00261040,0x00261084,44
R203_grf_deth_event,0x002610A0,0x002610A8,8
R203_grf_deth2_event,0x002617D0,0x00261868,152
R203_evt21_HasiBomSmoke,0x002618B0,0x002618C0,16
FUN_00261ba0,0x00261BA0,0x00261BBC,80
R203_evt21_HasiBom,0x00261BE0,0x00261BE4,4
R203_scr_parts_set,0x00261CF0,0x00261D58,104
R203_scr_parts_rm,0x00261D60,0x00261DA0,64
FUN_00261da0,0x00261DA0,0x00261DC8,40
TaskTowerDown,0x00261DD0,0x00261E70,156
R203_evt8_s2_overlap,0x00261E90,0x00261EA0,16
R203_evt8_t_denki_t1,0x002620D0,0x002620D8,8
R203_evt8_t_appear,0x002622C0,0x002622D0,16
R203_evt8_t_denki,0x00262350,0x00262358,8
FUN_00262440,0x00262440,0x0026278C,136
Set_effect_em24_flash,0x002627B0,0x002627B4,4
FUN_002627c0,0x002627C0,0x002627C1,1
FUN_00262960,0x00262960,0x0026296C,12
set_eff_em24_denki_aura,0x00262B40,0x00262B48,8
FUN_00262ce0,0x00262CE0,0x00262D1C,60
FUN_00262e60,0x00262E60,0x00263060,396
FUN_00263060,0x00263060,0x0026308C,44
R203_evt8_t_aura,0x002630C0,0x002630C4,4
flash_light00,0x00263180,0x00263190,16
flash_light01,0x00263320,0x00263334,20
flash_light02,0x00263570,0x00263584,20
flash_light03,0x002637C0,0x002637D0,16
flash_light04,0x00263970,0x00263980,16
flash_light05,0x00263B20,0x00263B34,20
Set_effect_r203_denki02,0x00263D80,0x00263D84,4
R203_evt8_g_denki_t0,0x00264070,0x0026407C,12
R203_evt8_g_denki_t1,0x002643E0,0x002643EC,12
R203_evt8_g_denki_t2,0x00264740,0x0026474C,12
R203_evt8_g_denki0,0x00264A20,0x00264A34,20
R203_evt8_g_denki1,0x00264C10,0x00264C24,20
FUN_00264da0,0x00264DA0,0x00264DCC,44
R203_evt8_g_denki2,0x00264E50,0x00264E60,16
FUN_00264e60,0x00264E60,0x00264E64,4
FUN_00264fa0,0x00264FA0,0x00265090,64
R203_evt8_m_denki0,0x002650A0,0x002650B4,20
FUN_00265620,0x00265620,0x00265628,8
cloud_init,0x00265650,0x0026565C,12
FUN_00265660,0x00265660,0x0026588C,544
R203_evt8_m_eye,0x002658B0,0x002658B4,4
R203_evt8_m_denki1,0x002659A0,0x002659B0,16
FUN_00265c10,0x00265C10,0x00265C20,16
R203_evt8_g_kie,0x00265D30,0x00265D38,8
R203_evt8_mahoujin,0x00265E60,0x00265E68,8
R203_evt8_g_toketu,0x00266130,0x0026614C,28
R203_evt8_event_init,0x002661E0,0x0026625C,124
R203_evt22_event_init,0x002662F0,0x00266338,72
R203_evt21_event_init,0x002663B0,0x002663E0,48
R203_evt08_bara,0x002663F0,0x002663FC,12
Set_effect_r203_taieki,0x002668E0,0x002668F4,20
Set_effect_r203_nikuhen,0x00266BD0,0x00266BD4,4
R203_evt8_t_appear2,0x00266DD0,0x00266DE0,16
R203_evt8_t_denki_t2,0x00266E60,0x00266E68,8
R203_evt8_t_denki2,0x00267070,0x00267078,8
R203_trish_exit,0x00267500,0x0026750C,12
Pl_r1_swim,0x002676C0,0x002676E4,36
Pl_r2_swim_start,0x002676F0,0x002676F4,4
Pl_r2_swim_move,0x00267880,0x00267888,8
Pl_r2_swim_rise,0x00267AC0,0x00267AC4,4
FUN_00267ea0,0x00267EA0,0x00267EA8,8
Pl_r2_swim_dm,0x002680D0,0x002680D4,4
Pl_r2_swim_die,0x002682F0,0x002682F4,4
Pl_swim_control_e,0x00268540,0x0026854C,12
Check_out_water,0x00268D80,0x00268D84,4
Cam_water,0x00268FA0,0x00268FB0,16
Pl_swim_up_down_hosei,0x002690D0,0x002690D4,4
Pl_r1_sword,0x00269180,0x00269184,4
Pl_r1_sword2,0x0026A9E0,0x0026A9E4,4
Pl_r1_renzoku_tuki,0x0026B2A0,0x0026B2A8,8
Pl_r1_jump_sword,0x0026C1C0,0x0026CD54,228
Pl_r1_s_jump_sword,0x0026CD70,0x0026D0F4,416
Pl_r1_air_reflect,0x0026D1A0,0x0026D1E0,64
FUN_0026d5c0,0x0026D5C0,0x0026D5CC,12
Pl_r1_upper_sword,0x0026DBC0,0x0026DBC4,4
Pl_r1_boomerang,0x0026E3E0,0x0026E3E8,8
FUN_0026e600,0x0026E600,0x0026E608,8
FUN_0026e640,0x0026E640,0x0026E660,32
FUN_0026e660,0x0026E660,0x0026E66C,12
FUN_0026e7c0,0x0026E7C0,0x0026E7E0,32
FUN_0026e820,0x0026E820,0x0026E824,4
Pl_r1_boomerang_pk,0x0026E960,0x0026E96C,12
Pl_r1_ds_lightning,0x0026F960,0x0026F980,32
Pl_ds_dash_effect,0x0026F980,0x0026F984,4
Pl_r1_ds_dash,0x0026FA90,0x0026FA9C,12
FUN_0026ff20,0x0026FF20,0x0026FFA0,64
Pl_ds_move,0x00270270,0x0027033C,204
FUN_00270360,0x00270360,0x00270380,32
Pl_r1_ds_move,0x002703A0,0x002703A8,8
Pl_sky_get_atk_pos,0x00270D00,0x00270D04,4
Pl_sky_attack,0x00271060,0x00271064,4
Pl_sky_attack2,0x002711A0,0x002711A4,4
Pl_eff_sword_lightning,0x002712D0,0x00271438,216
R103_init,0x00271440,0x0027144C,12
R103_main,0x002719D0,0x002719D8,8
R103_event01,0x00271D00,0x00271D40,64
Fire_se_check,0x00271DF0,0x00271E00,16
R103_enemy_disp_floor,0x00271F90,0x00272054,196
R103_obj_disp_floor,0x00272060,0x00272164,260
R103_crystal_set,0x00272170,0x00272178,8
Kousi_down,0x002721F0,0x002722A0,124
R103_get_old_key,0x002722B0,0x002722C0,16
R103_marionette_appear_init,0x00272380,0x002723AC,44
R103_marionette_appear,0x002723D0,0x00272418,72
R103_marionette_appear_skip,0x002725F0,0x00272650,96
Is_there_enemy,0x002727A0,0x00272808,104
R10a_init,0x00272810,0x00272830,32
R10a_main,0x00272E10,0x002730C0,528
R10a_scr_mrp_move,0x002730D0,0x002730EC,28
R10a_evt_phantom_appear,0x00273320,0x0027332C,12
R10a_evt_scene1,0x00273800,0x00273810,16
R10a_evt_scene2,0x00273AB0,0x00273AC0,16
R10a_evt_scene3,0x00273AE0,0x00273B48,104
R10a_evt_scene4,0x00273B60,0x00273B68,8
R10a_evt_scene5,0x00273B70,0x00273BAC,60
R10a_evt_scene6,0x00273F10,0x00273F2C,28
R10a_evt_scene7,0x00273F80,0x00273F84,4
R10a_evt_scene8,0x00274070,0x0027408C,28
R10a_evt_scene9,0x00274140,0x00274144,4
R10a_evt_smoke,0x002743B0,0x002743C4,20
R10a_evt_satsuei,0x00274410,0x00274414,4
R10a_event_skip,0x00274540,0x00274600,192
R10a_stained_glass_fall00,0x00274620,0x00274624,4
R10a_stained_glass_fall00_init,0x00274C10,0x00274C14,4
R10a_stained_glass_fall01,0x00275610,0x00275614,4
R10a_stained_glass_fall01_init,0x00275C80,0x00275C84,4
R10a_effect_set,0x002766F0,0x002766FC,12
R10a_sword_move,0x00276A00,0x00276CA4,664
SetEffectSwordLight,0x00276CC0,0x00276CD0,16
R10a_sword_light_init,0x00276D50,0x00276D88,56
Huuin_door_evt_2_r108,0x00276E20,0x00276E4C,44
Huuin_door_evt_2_r10c,0x00276E60,0x00276E8C,44
Huuin_door_reset_evt,0x00276EA0,0x00276ED0,48
R10a_evt_wave,0x00277090,0x00277098,8
Mission003_end,0x00277400,0x00277410,16
Huuin_door_r108,0x00277450,0x0027747C,44
R10a_atk,0x00277490,0x00277498,8
R10a_ban_down,0x002777C0,0x002777C4,4
R10a_evt_first_in,0x002778B0,0x002778BC,12
R10a_first_in_exec,0x00277AF0,0x00277B00,16
R10a_first_in_skip,0x00277BD0,0x00277D44,372
R10a_evt_r10c_open,0x00277D50,0x00277D54,4
R10a_evt_r10c_open_exec,0x00277F00,0x00277F10,16
R10a_evt_r10c_open_skip,0x00277FC0,0x0027807C,188
R10e_init,0x00278090,0x00278098,8
R10e_main,0x00278CF0,0x00278CF8,8
R10e_effect_set,0x002794A0,0x002794A4,4
Huuin_door_evt_3_r106,0x00279520,0x0027954C,44
Huuin_door_reset_evt,0x00279560,0x00279570,16
Em09_evt,0x002795D0,0x002795DC,12
R10e_water_move,0x00279850,0x00279854,4
r10e_wat_sprite,0x00279990,0x00279994,4
Em09_evt_atari_init,0x00279D80,0x00279EA8,240
Em09_evt2,0x00279EC0,0x00279EC4,4
Em09_Life_set,0x0027A290,0x0027A2A0,16
Lion_msg,0x0027A2C0,0x0027A2D0,16
Lion_msg_end,0x0027A320,0x0027A360,64
Lion_msg_sub,0x0027A470,0x0027A4BC,76
Em0d_evt,0x0027A500,0x0027A510,16
Em0c_evt,0x0027A6D0,0x0027A6DC,12
Em09_die_evt,0x0027AB80,0x0027AB90,16
Em09_evt2_skip,0x0027ACD0,0x0027ACE0,16
Em09_evt2_skip_next,0x0027AE50,0x0027AE60,16
Em00_next,0x0027AFB0,0x0027AFC0,16
R110_init,0x0027AFF0,0x0027B014,36
R110_main,0x0027B550,0x0027B5B0,96
R110_effect_set,0x0027B5C0,0x0027B5C4,4
R110_melancholy_soul_fall,0x0027B640,0x0027B644,4
R110_death_sentence_event,0x0027B9D0,0x0027BA0C,60
R110_soul_get_exec,0x0027BC10,0x0027BC58,72
R110_balance_event,0x0027C010,0x0027C014,4
R110_evt4_s8_overlap,0x0027C2C0,0x0027C2C4,4
R110_evt4_s8_sword_eff,0x0027C680,0x0027C6EC,104
R110_evt4_s8_b_aura,0x0027C7C0,0x0027C7C4,4
R110_evt4_s8_door_open,0x0027C8D0,0x0027C8D8,8
R110_evt4_s8_door_close,0x0027C970,0x0027C978,8
R110_evt4_s8_set_sword,0x0027CA10,0x0027CA28,24
R110_event_em_init,0x0027CA30,0x0027CA40,16
R110_balance_move,0x0027CAB0,0x0027CAB8,8
Huuin_door_evt_2_r106,0x0027CB70,0x0027CB9C,44
R110_mission07_end_drive,0x0027CBB0,0x0027CBCC,28
R110_evt4_s8_mirror_off,0x0027CBE0,0x0027CBE8,8
R110_evt4_s8_mirror_on,0x0027CC50,0x0027CC58,8
R111_init,0x0027CCC0,0x0027CE14,268
R111_main,0x0027CE20,0x0027CEE8,192
R111_effect_set,0x0027CEF0,0x0027CEF4,4
R115_init,0x0027D010,0x0027D058,72
R115_main,0x0027D070,0x0027D088,24
r115_se_loop,0x0027D0A0,0x0027D138,140
R115_water_move,0x0027D150,0x0027D158,8
R119_init,0x0027D160,0x0027D164,4
R119_main,0x0027D3F0,0x0027D5BC,452
R119_effect_set,0x0027D5C0,0x0027D5C4,4
R119_water_move,0x0027D640,0x0027D69C,92
r119_oldkey_event,0x0027D6A0,0x0027D6B0,16
r119_huuin_event,0x0027D780,0x0027D7AC,44
Huuin_door_reset_evt,0x0027D7C0,0x0027D7D0,16
r119_em_all_dead_end,0x0027D810,0x0027D86C,92
R11b_init,0x0027D880,0x0027D8A8,40
R11b_main,0x0027DDE0,0x0027E0B0,704
R11b_lift_down_event,0x0027E0C0,0x0027E0D0,16
R11b_lift_down_drive,0x0027E190,0x0027E1B8,40
R11b_effect_set,0x0027E2A0,0x0027E2A4,4
Huuin_door_evt_2_r108,0x0027E320,0x0027E34C,44
Huuin_door_reset_evt,0x0027E360,0x0027E370,16
Devil_switch_check,0x0027E3C0,0x0027E40C,76
R11b_lift_down,0x0027E440,0x0027E444,4
R11b_lift_up,0x0027E6E0,0x0027E6F0,16
Enemy_is_near_lift,0x0027E9E0,0x0027E9E8,8
Is_there_enemy,0x0027EAB0,0x0027EB08,84
R11b_check_redmario_event,0x0027EB10,0x0027EB90,128
Mission001_end,0x0027ECD0,0x0027ECE0,16
Lift_light,0x0027ED10,0x0027ED14,4
Lift_light_model,0x0027F000,0x0027F010,16
R11b_lift_light_init,0x0027F260,0x0027F280,32
R11b_check_devil_switch_event,0x0027F320,0x0027F330,16
R11c_init,0x0027F420,0x0027F424,4
R11c_main,0x0027F820,0x0027F828,8
R11c_kousi_evt,0x0027F830,0x0027F838,8
kousi_se_set,0x002801A0,0x002801B0,16
kousi_se_set2,0x002801F0,0x002802D4,120
hoko_reset_evt,0x002802F0,0x002802F4,4
R11c_effect_set,0x00280640,0x0028066C,44
R11c_water_move,0x00280870,0x00280874,4
Water_evt,0x00280A40,0x00280A50,16
Water_evt2,0x00280B30,0x00280B44,20
Mizu_nagare_evt,0x00280D50,0x002818EC,392
r11c_evt_skip,0x00281900,0x002819A8,168
R11d_init,0x00281B60,0x00281EA8,448
R11d_main,0x00281EC0,0x00281F5C,140
R11d_Hasi_evt,0x00281F60,0x00281F64,4
FUN_002820e0,0x002820E0,0x00282120,64
R11d_Hasi_evt2,0x002826D0,0x002826D4,4
Hasi_se_set,0x00282860,0x00282870,16
r11d_dm_ck,0x002828B0,0x00282930,92
R11D_Huta_open,0x00282940,0x0028297C,52
R11d_effect_set,0x00282990,0x002829BC,44
r11d_evt_skip,0x00282FB0,0x002830E8,312
R11d_item_get,0x00283190,0x002831A0,16
R101_init,0x002831F0,0x00283570,736
R101_main,0x002835A0,0x002835D8,56
R101_Suisya1_rot,0x002835F0,0x002835F4,4
R101_effect_set,0x002836F0,0x002836F4,4
R101_water_move,0x002837E0,0x0028383C,92
Door_evt_200,0x00283840,0x0028385C,28
Water_evt,0x00283870,0x00283878,8
Kousi_down,0x00283880,0x00283970,144
R10f_init,0x00283980,0x00283988,8
R10f_main,0x00283E50,0x00283E54,4
R10f_event_end,0x00284290,0x002842C8,56
R10f_event_pic_kill,0x002842E0,0x002842E4,4
R10f_event_hamon,0x002843D0,0x002843D8,8
R10f_event_blur,0x002844E0,0x00284524,68
R10f_look_front_prog,0x00284530,0x00284548,24
R10f_event_main,0x00284560,0x0028461C,76
R10f_enemy_move_start,0x00284670,0x00284694,36
R10f_enemy_move_start2,0x002846F0,0x0028477C,112
R10f_enemy_move_start3,0x00284780,0x002847AC,44
R10f_event_cancel,0x002847B0,0x00284814,76
R10f_put_event_main,0x00284820,0x00284828,8
R10f_event0,0x00284C00,0x00284C38,56
R10f_effect_set,0x00284C50,0x00284C54,4
R10f_pic_zbuffer_on,0x00284D70,0x00284DA4,52
R10f_pic_zbuffer_off,0x00284E00,0x00284E34,52
R10f_shotgun_get_exec,0x00284EA0,0x00284F58,184
R10f_sabaki_get_exec,0x00285030,0x00285034,4
R10f_bookshelf_move,0x00285300,0x00285304,4
R10f_fuuinn_door,0x00285640,0x0028566C,44
R10f_zenmetu_chk,0x00285680,0x0028581C,296
R10f_player_stop,0x00285840,0x002858B4,112
R104_init,0x002858C0,0x002858DC,28
R104_main,0x00285A90,0x00285AA0,16
R104_event_cancel,0x00285E70,0x00285E84,20
R104_event_main,0x00285EA0,0x00285EA4,4
R104_event_exit,0x00286490,0x00286644,436
R104_end_event_cancel,0x00286680,0x0028669C,28
R104_event_die_main,0x002866A0,0x002866F0,80
R104_event_die_exit,0x00286AB0,0x00286AD8,40
R104_event_door_close,0x00286BA0,0x00286BA4,4
R104_event_door_open,0x00286D10,0x00286D14,4
R104_sky_model_init,0x00286E60,0x00286E94,52
R104_sky_model_move,0x00286F10,0x00286F40,48
R104_stained_model_init,0x00286F80,0x00287000,128
R104_stained_model_set,0x00287000,0x002870B4,180
R104_door_event,0x002870C0,0x0028711C,76
R104_phantom_chk,0x00287130,0x00287160,48
Set_effect_r104_smoke,0x00287160,0x00287164,4
Set_effect_r104_smoke2,0x00287C90,0x00287CA0,16
Set_effect_r104_koware2,0x00288730,0x00288734,4
R00e_s05_2_sub_title_disp,0x00288940,0x00288968,40
R106_init,0x00288A30,0x00288A50,32
R106_main,0x00288D90,0x00288F3C,420
Devil_switch_check,0x00288F50,0x00288F9C,76
R106_pole_light_init,0x00288FB0,0x00288FD0,32
Pole_light,0x00289070,0x0028907C,12
Pole_light_model,0x002894D0,0x002894E0,16
R106_pole_event,0x00289760,0x00289768,8
R106_pole_se,0x00289C00,0x00289C04,4
R106_pole_cam_set,0x00289FB0,0x00289FBC,12
R106_pole_dust,0x0028A170,0x0028A178,8
Fire_se_check,0x0028A470,0x0028A480,16
R106_effect_set,0x0028A610,0x0028A620,16
R106_sword_move,0x0028AA30,0x0028AC04,460
R106_SetEffectSwordLight,0x0028AC10,0x0028AC1C,12
R106_sword_light_init,0x0028ADA0,0x0028ADFC,92
R106_get_sword,0x0028AE10,0x0028AE30,32
Door_evt_to_119_check,0x0028AEB0,0x0028AED4,36
Door_evt_to_119,0x0028AEE0,0x0028AEF0,16
R108_init,0x0028B000,0x0028B4A4,996
R108_main,0x0028B4B0,0x0028B4D8,40
R108_effect_set,0x0028B4F0,0x0028B4FC,12
r108_fire_se,0x0028B880,0x0028B890,16
r108_scr_disp,0x0028B940,0x0028B9E8,160
r108_set_em_00_init,0x0028B9F0,0x0028BB8C,340
r108_use_stick_init,0x0028BBB0,0x0028BC84,204
r108_stick_look,0x0028BC90,0x0028BC94,4
r108_oldkey_event,0x0028BE90,0x0028BEA0,16
r108_em00_event,0x0028BF70,0x0028BF74,4
r108_em00_end,0x0028C480,0x0028C484,4
r108_em00_sub_end_post,0x0028C5C0,0x0028C6C0,216
r108_em00_sub_end_pl,0x0028C6D0,0x0028C714,56
r108_break01,0x0028C730,0x0028C75C,44
r108_break02,0x0028C790,0x0028C7BC,44
r108_break03,0x0028C7F0,0x0028C81C,44
r108_break04,0x0028C850,0x0028C87C,44
r108_break05,0x0028C8B0,0x0028C8DC,44
r108_post_break,0x0028C910,0x0028C97C,108
r108_sword_event,0x0028C980,0x0028C998,24
r108_ev_sword_get_00,0x0028D2F0,0x0028D30C,28
r108_ev_sword_light_01,0x0028D320,0x0028D32C,12
r108_ev_pl_1st_blood_02,0x0028D4B0,0x0028D4B8,8
r108_ev_pl_down_smoke_03,0x0028D5D0,0x0028D5E0,16
r108_ev_obj_sword_del_04,0x0028D640,0x0028D648,8
r108_ev_pl_down_blood_05,0x0028D650,0x0028D654,4
r108_ev_pl_hand_blood_06,0x0028D740,0x0028D748,8
r108_ev_pl_eye_light_07,0x0028D750,0x0028D75C,12
r108_ev_pl_body_up_08,0x0028D870,0x0028D894,36
r108_ev_sword_blood_09,0x0028D920,0x0028D944,36
r108_ev_sword_out_10,0x0028D9B0,0x0028D9B4,4
r108_ev_sword_to_pl_11,0x0028DA90,0x0028DAA0,16
r108_ev_thunder_12,0x0028DC40,0x0028DC44,4
r108_ev_sword_eye_light_13,0x0028E580,0x0028E58C,12
r108_ev_pl_sword_last_14,0x0028E6A0,0x0028E6AC,12
r108_ev_sword_blood_15,0x0028E7D0,0x0028E7E8,24
r108_ev_sword_normal_16,0x0028E7F0,0x0028E808,24
r108_ev_thunder_17,0x0028E810,0x0028E814,4
r108_ev_sword_blood_18,0x0028EB50,0x0028EBC4,116
r108_ev_esp_put_19,0x0028EBE0,0x0028EBF4,20
r108_ev_sword_blood_20,0x0028EDE0,0x0028EE50,112
r108_ev_coat_stop_21,0x0028EE70,0x0028EEA4,52
r108_ev_coat_move_22,0x0028EEB0,0x0028EECC,28
r108_ev_light_on_23,0x0028EED0,0x0028EEE8,24
r108_ev_coat_move_24,0x0028EF00,0x0028EF18,24
r108_ev_gls_on_25,0x0028EF20,0x0028EF94,116
r108_ev_gls_off_26,0x0028EFA0,0x0028F014,116
r108_ev_blood_disp_off_27,0x0028F020,0x0028F040,32
r108_ev_esp_put_28,0x0028F060,0x0028F074,20
r108_ev_esp_put_29,0x0028F260,0x0028F274,20
r108_ev_door_model_overlap_30,0x0028F460,0x0028F470,16
r108_ev_water_eff_on_31,0x0028F5D0,0x0028F5E0,16
r108_ev_water_eff_off_32,0x0028F5E0,0x0028F5EC,12
scr_parts_set,0x0028F5F0,0x0028F658,104
scr_parts_del,0x0028F660,0x0028F6C8,104
R109_init,0x0028F6D0,0x0028F6E4,20
R109_main,0x0028F9F0,0x0028FA38,72
R109_altar_move,0x0028FA50,0x0028FA58,8
r109_tamasii_ch,0x0028FCE0,0x0028FDD8,236
r109_door_huuin,0x0028FF00,0x0028FF58,88
r109_huta_open,0x0028FF80,0x0028FF84,4
r109_Om_def_dm_ck,0x00290170,0x002901E8,96
R10b_init,0x002901F0,0x0029020C,28
R10b_main,0x00290440,0x00290764,772
R10b_key_light_set,0x00290770,0x002907BC,76
R10b_Huuin_door_evt,0x002907D0,0x00290814,68
R10b_Huuin_door_reset_evt,0x00290820,0x002908AC,140
R10b_beelzebub_appear,0x002908C0,0x002908D0,16
R10b_beelzebub_appear_skip,0x00290BE0,0x00290C3C,92
R10b_beelzebub_appear_after_proc,0x00290F70,0x00291098,296
R10b_plasma_init,0x002911A0,0x0029121C,124
R10b_plasma_appear,0x00291220,0x002912B0,144
R10b_enemy_appear_after_proc,0x002912C0,0x00291370,176
R10c_init,0x00291380,0x00291394,20
R10c_main,0x00291510,0x002915A0,144
FUN_002915a0,0x002915A0,0x00291604,100
R10c_stone_init,0x00291610,0x00291614,4
R10c_stone_retry_init,0x002917E0,0x00291804,36
R10c_stone_event_start_init,0x00291940,0x00291948,8
R10c_stone_event_active,0x002919F0,0x00291A00,16
R10c_stone_event_start,0x00291AB0,0x00291AB4,4
FUN_00291be0,0x00291BE0,0x00291C00,32
R10c_stone_event_mot_set,0x00291F20,0x00291F48,40
R10c_stone_event_thunder,0x00291FA0,0x00291FB0,16
R10c_stone_stand_by,0x00292000,0x00292118,280
R10c_stone_set,0x00292150,0x00292158,8
FUN_002922a0,0x002922A0,0x002922A4,4
R10c_stone_move,0x002922C0,0x002922C8,8
R10c_stone_move_r0_strat,0x00292350,0x00292358,8
FUN_00292420,0x00292420,0x00292468,72
FUN_00292560,0x00292560,0x00292568,8
R10c_stone_move_r0_fall_ck,0x002925B0,0x002925B8,8
FUN_00292720,0x00292720,0x0029273C,28
FUN_002927a0,0x002927A0,0x002927A1,1
R10c_stone_move_r0_fall,0x002927C0,0x002927C4,4
R10c_stone_dust,0x00292890,0x00292894,4
FUN_00292a60,0x00292A60,0x00292A70,16
R10c_look_se,0x00292B00,0x00292B1C,28
R10d_init,0x00292B30,0x00292B54,36
R10d_main,0x00292C60,0x0029300C,900
R10d_em_init,0x00293020,0x0029302C,12
R10d_em_appear,0x00293140,0x00293148,8
R10d_wall_close,0x00293280,0x0029329C,28
R10d_em_dead_event,0x00293390,0x00293394,4
R10d_door_to_10c,0x002934C0,0x00293508,60
R10d_warp_zone_init,0x00293520,0x00293528,8
R10d_water_wall_init,0x002935E0,0x002935E8,8
R10d_water_blur_check,0x002936C0,0x002936D8,24
R10d_player_stop,0x00293790,0x00293804,112
R10d_em_init_death,0x00293810,0x00293848,56
R10d_em_appear_death,0x00293850,0x00293874,36
R112_init,0x002938A0,0x002938BC,28
R112_main,0x00293BF0,0x00293CA8,184
r112_vergil_stop,0x00293D00,0x00293D10,16
r112_event_door,0x00293D40,0x00293DB0,108
R112_zenmetu_chk,0x00293DC0,0x00293FCC,324
R112_vg_die_chk,0x00293FF0,0x00294000,16
R112_start_event_cancel,0x00294080,0x002940A8,40
R112_start_event_main,0x002940D0,0x0029414C,124
R112_end_event_main,0x002942E0,0x00294394,180
R112EvEff00,0x002944F0,0x00294544,84
flash_light_set,0x00294560,0x0029456C,12
flash_light00,0x00294570,0x00294574,4
flash_light01,0x002947A0,0x002947A4,4
R112EvEff01,0x002949D0,0x00294A0C,60
R112EvEff02,0x00294A20,0x00294A5C,60
R112EvEff03,0x00294A70,0x00294AAC,60
R112EvEff04,0x00294AC0,0x00294AFC,60
R112EvEff05,0x00294B10,0x00294B4C,60
R112EvEff06,0x00294B60,0x00294B70,16
R112EvEff07,0x00294BB0,0x00294C04,84
R112EvEff08,0x00294C20,0x00294C74,84
R112EvEff09,0x00294C90,0x00294CE4,84
R112EvEff0a,0x00294D00,0x00294D54,84
R112EvEff0b,0x00294D70,0x00294D7C,12
R112EvEff0c,0x00294FB0,0x00295088,68
R112EvEff0d,0x002950A0,0x002950C4,36
R112EvEff0e,0x002950D0,0x002950D4,4
R112EvEff0f,0x00295160,0x00295180,32
R112EvEff10,0x00295180,0x002951A4,36
R112EvEff11,0x002951B0,0x002951B8,8
Em09_evt,0x002951C0,0x002951CC,12
Em09_evt_easy,0x00295580,0x0029558C,12
R112_scr_parts_rm,0x00295850,0x002958B8,104
R112_sky_model_init,0x002958C0,0x002958C4,4
R113_init,0x00295970,0x0029597C,12
R113_main,0x00295980,0x00295988,8
R114_init,0x00295990,0x002959AC,28
r114_model_init,0x00295AE0,0x00295AE8,8
R114_main,0x00295C90,0x00295C98,8
R114_stained_fall_main,0x00295DC0,0x00295DC4,4
R114_stained_glass_fall01,0x00295F10,0x00295F14,4
R114_stained_glass_fall01_init,0x00296580,0x00296584,4
R114_effect_set,0x00297090,0x00297094,4
R114_evt_overlap,0x00297190,0x002971A0,16
R114_blur_off,0x00297340,0x0029738C,76
R114_yougan0,0x002973A0,0x002973A8,8
R114_yougan1,0x002975B0,0x002975B8,8
R114_phantom_die_scale00,0x00297730,0x00297740,16
R114_phantom_die_scale01,0x002978C0,0x002978D0,16
R114_phantom_die_scale02,0x00297A50,0x00297A60,16
R114_phantom_die_scale03,0x00297BD0,0x00297BDC,12
R114_phantom_parts_del,0x00297CD0,0x00297CD8,8
R114_phantom_die,0x00297E20,0x00297E24,4
R114_phantom_die_yougan,0x00297FC0,0x00297FC4,4
set_eff_r114_flash,0x00298430,0x00298434,4
R114_pl_aura,0x002987C0,0x002987C8,8
FUN_00298a20,0x00298A20,0x00298A5C,60
flash_light00,0x00298AA0,0x00298AA4,4
FUN_00298ae0,0x00298AE0,0x00298B2C,76
FUN_00298bc0,0x00298BC0,0x00298C3C,124
FUN_00298c80,0x00298C80,0x00298CE4,100
R114_phantom_col_chg0,0x00298D30,0x00298D58,40
R114_phantom_col_chg1,0x00298D70,0x00298D78,8
FUN_00298de0,0x00298DE0,0x00298E58,120
R114_phantom_col_chg2,0x00298EE0,0x00298EE8,8
R114_over_blur_on,0x00299040,0x00299044,4
FUN_002990a0,0x002990A0,0x0029928C,272
R116_init,0x002992D0,0x002992E4,20
R116_main,0x00299340,0x00299358,24
r116_fire_loop,0x00299370,0x00299374,4
frame_se_check,0x00299470,0x002994FC,120
R11a_init,0x00299510,0x002998B8,856
R11a_main,0x00299AD0,0x00299B10,64
r11a_effect_set,0x00299B20,0x00299B24,4
r11a_water_move,0x00299C20,0x00299C7C,92
r11a_fire_se,0x00299C80,0x00299C90,16
r11a_em00_event,0x00299D40,0x00299D48,8
r11a_em00_end,0x0029A080,0x0029A104,68
r11a_break01,0x0029A130,0x0029A168,56
r11a_em00_sub_end_pl,0x0029A180,0x0029A1C4,56
r11a_youkou_get,0x0029A1E0,0x0029A214,52
r11a_d13_event,0x0029A220,0x0029A234,20
FUN_0029a340,0x0029A340,0x0029A390,80
R120_init,0x0029A3B0,0x0029A3B4,4
FUN_0029a520,0x0029A520,0x0029A540,32
R120_main,0x0029A6D0,0x0029A788,136
Main_task,0x0029A7A0,0x0029A7B0,16
Lift_down,0x0029A9D0,0x0029A9D8,8
Lift_up,0x0029ABC0,0x0029ABCC,12
FUN_0029ad00,0x0029AD00,0x0029AD60,88
Door_open,0x0029AD80,0x0029AD88,8
Door_close_task,0x0029AE80,0x0029AE88,8
Door_close,0x0029AF50,0x0029AF5C,12
Secret_mission_watch_task,0x0029B070,0x0029B1D4,352
AnnihilateCk,0x0029B1E0,0x0029B238,84
R121_init,0x0029B240,0x0029B2F0,156
R121_main,0x0029B300,0x0029B32C,44
R121_opening_event_tryal_ver,0x0029B340,0x0029B350,16
R121_evt_gate_open,0x0029B470,0x0029B478,8
Scr_parts_disp_off,0x0029B6F0,0x0029B704,20
Gate_open_vibration,0x0029B730,0x0029B738,8
Gate_open_vibration2,0x0029B800,0x0029B808,8
Pl_sword_swing,0x0029B8D0,0x0029B8EC,28
R121_evt_gate_close,0x0029B990,0x0029B99C,12
FUN_0029b9e0,0x0029B9E0,0x0029BA20,64
R121_opening_event_skip,0x0029BA80,0x0029BA9C,28
R121_gate_model_init,0x0029BB10,0x0029BB44,52
R121_sky_model_init,0x0029BB60,0x0029BB64,4
R121_sky_model_move,0x0029BC10,0x0029BC54,68
R121_sea_model_init,0x0029BC70,0x0029BC74,4
R121_torch_set,0x0029BCE0,0x0029BCEC,12
R121_door_event_to_100,0x0029BDE0,0x0029BDE8,8
R121_cuckoo_set,0x0029C150,0x0029C154,4
Set_effect_r121_wind,0x0029CC40,0x0029CC50,16
R121_mess_disp,0x0029CCB0,0x0029CD04,72
R200_init,0x0029CD20,0x0029CD28,8
R200_main,0x0029D090,0x0029D098,8
R200_sky_move,0x0029D0A0,0x0029D154,180
event_skip,0x0029D160,0x0029D18C,44
Bridge_up,0x0029D200,0x0029D248,72
ring_inspect,0x0029D420,0x0029D430,16
R201_212_com_init,0x0029D500,0x0029D514,20
R201_212_com_main,0x0029E710,0x0029E720,16
set_eff_201_fire_loop,0x0029EAF0,0x0029EAF4,4
R201_haka_move,0x0029ED30,0x0029ED38,8
R201_init_cloud,0x0029EFB0,0x0029EFBC,12
flash_light00,0x0029F220,0x0029F234,20
flash_light01,0x0029F400,0x0029F414,20
flash_light02,0x0029F5F0,0x0029F604,20
flash_light03,0x0029F860,0x0029F874,20
R201_door203_after,0x0029FAC0,0x0029FB14,84
R201_door20a_after,0x0029FD50,0x0029FD68,24
R201_door204_after,0x002A01A0,0x002A01B8,24
R201_door209,0x002A0590,0x002A05D0,52
R201_om_dm_ck,0x002A05F0,0x002A0708,276
R201_20d_door_open,0x002A0710,0x002A0718,8
R201_init,0x002A08B0,0x002A09B0,256
R201_main,0x002A0D70,0x002A0DD8,104
R201_zenmetu_chk,0x002A0E00,0x002A0E94,148
R201_blade_be_off,0x002A0EA0,0x002A0EB0,16
R201_grifon_meisai_end,0x002A0F60,0x002A0FB0,80
R201_blade_event_cancel,0x002A1000,0x002A1034,52
R201_blade_event,0x002A1040,0x002A1054,20
R201_start_event_cancel,0x002A1250,0x002A1264,20
R201_grf_event,0x002A1290,0x002A12BC,44
R201_grf_run_ck,0x002A1420,0x002A1430,16
R201_move_cloud,0x002A14D0,0x002A166C,400
R201EvEff00,0x002A1670,0x002A1700,144
R201EvEff01,0x002A1700,0x002A1774,116
R201EvEff02,0x002A1780,0x002A1790,16
R201EvEff03,0x002A24D0,0x002A24E0,16
R201EvEff04,0x002A2520,0x002A2530,16
R201EvEff05,0x002A25A0,0x002A25B0,16
R201EvEff06,0x002A2620,0x002A2628,8
R201EvEff07,0x002A26E0,0x002A26E8,8
R201EvEff08,0x002A27A0,0x002A27A8,8
R201EvEff09,0x002A2880,0x002A2888,8
FUN_002a28a0,0x002A28A0,0x002A28A1,1
R201EvEff10,0x002A2960,0x002A2978,24
R201EvEff11,0x002A2980,0x002A2990,16
R202_evt_gauntlet_set,0x002A29D0,0x002A29E0,16
FUN_002a2ba0,0x002A2BA0,0x002A2BCC,44
FUN_002a2c20,0x002A2C20,0x002A2C64,68
R202_evt_gauntlet_delete,0x002A2D70,0x002A2DA0,48
FUN_002a2da0,0x002A2DA0,0x002A2DE0,64
R202_evt_bom_02,0x002A2F30,0x002A2F3C,12
FUN_002a3080,0x002A3080,0x002A3094,20
R202_evt_bom_03,0x002A31F0,0x002A3218,40
R202_evt_fire_04,0x002A3270,0x002A3300,144
FUN_002a34e0,0x002A34E0,0x002A34E1,1
R202_evt_fire_05,0x002A34F0,0x002A353C,76
R202_evt_root_06,0x002A35B0,0x002A3618,104
FUN_002a37a0,0x002A37A0,0x002A37D8,56
R202_evt_blur_07,0x002A3860,0x002A3870,16
R202_evt_up_08,0x002A3870,0x002A3878,8
r202_init,0x002A3880,0x002A3888,8
r21d_init,0x002A3E30,0x002A3E54,36
R202_init,0x002A3FC0,0x002A4034,108
R202_main,0x002A4040,0x002A41BC,364
R202_sky_move,0x002A41D0,0x002A4284,180
DevilSwitchCheck,0x002A4290,0x002A42C8,56
RockUseSkip,0x002A42E0,0x002A4340,96
FUN_002a4340,0x002A4340,0x002A4350,16
FUN_002a4380,0x002A4380,0x002A4388,8
RockUse,0x002A43B0,0x002A43B4,4
Getgauntlet,0x002A4610,0x002A4620,16
event_skip,0x002A4850,0x002A485C,12
em_move_ck,0x002A4860,0x002A4928,188
R204_init,0x002A4940,0x002A49C0,128
FUN_002a49c0,0x002A49C0,0x002A4AB4,164
R204_main,0x002A4BA0,0x002A4BA8,8
R204_Wall_break_check,0x002A4BB0,0x002A4BFC,76
R204_pl_light_check,0x002A4C20,0x002A4DE0,120
R204_door_to_20b_check,0x002A4DF0,0x002A4E38,60
R204_luminite_get,0x002A4E50,0x002A4E8C,60
R204_torch_set,0x002A4EA0,0x002A4EAC,12
R205_init,0x002A4F80,0x002A4FA0,32
R205_main,0x002A5570,0x002A55AC,60
R205_scr_parts_onoff,0x002A55C0,0x002A5640,120
R205_door_event_to_214,0x002A5650,0x002A5714,196
FUN_002a5880,0x002A5880,0x002A58B0,36
R205_door_event_from_214_drive,0x002A58C0,0x002A58D0,16
R205_door_event_from_214,0x002A5910,0x002A5920,16
R205_entrance_check,0x002A5B80,0x002A5BE0,96
R205_smoke_set,0x002A5BE0,0x002A5C20,64
FUN_002a5c20,0x002A5C20,0x002A5C50,48
R205_door_open_event,0x002A5D60,0x002A5E14,180
FUN_002a5e40,0x002A5E40,0x002A5E60,32
FUN_002a5fc0,0x002A5FC0,0x002A5FFC,60
R205_door_open_move,0x002A6020,0x002A6024,4
R205_effect_set,0x002A61A0,0x002A61A4,4
FUN_002a61e0,0x002A61E0,0x002A61FC,28
Huuin_door_evt_to_214,0x002A6220,0x002A626C,76
R205_huuin_door_chk,0x002A6280,0x002A62C0,64
FUN_002a62c0,0x002A62C0,0x002A62D8,24
R205_set_effect_wind,0x002A6310,0x002A6320,16
Mission_end_exec,0x002A6360,0x002A637C,28
R206_init,0x002A6390,0x002A64A0,272
R206_main,0x002A65B0,0x002A663C,140
Devil_switch_check,0x002A67A0,0x002A67D8,56
Iland_move,0x002A67F0,0x002A67FC,12
R206_water_move,0x002A6BB0,0x002A6BB8,8
Iwa_draw,0x002A6BC0,0x002A6BC4,4
Em0e_live,0x002A6DA0,0x002A6DB0,16
R207_init,0x002A6DE0,0x002A6DE8,8
R207_main,0x002A7490,0x002A74B8,40
r207_sky_move,0x002A74D0,0x002A7584,180
r207_seihai_aura_move,0x002A7590,0x002A76CC,188
r207_water_move,0x002A7770,0x002A7774,4
r207_se_loop,0x002A7B10,0x002A7B18,8
r207_center_event,0x002A7C20,0x002A7C24,4
r207_center_mes,0x002A8060,0x002A8070,16
r207_night_event,0x002A80B0,0x002A80B4,4
r207_mission_end,0x002A8600,0x002A8610,16
r207_night_mes,0x002A8640,0x002A8650,16
r207_em_start,0x002A8690,0x002A86A0,16
r207_em_start_skip,0x002A88C0,0x002A88D4,20
r207_em_battle,0x002A88F0,0x002A89D0,224
r207_em_end,0x002A8AF0,0x002A8B04,20
r207_em_end_skip,0x002A8CA0,0x002A8CD4,52
r207_ev_em_appear_init,0x002A8CE0,0x002A8D30,80
R208_init,0x002A8D90,0x002A8F40,352
R208_main,0x002A9030,0x002A9038,8
R208_Wall_break_check,0x002A9040,0x002A908C,76
R208_torch_set,0x002A90B0,0x002A90BC,12
R209_init,0x002A9190,0x002A9340,380
R209_main,0x002A9500,0x002A9564,88
R209_light_set,0x002A9570,0x002A9574,4
R209_sky_init,0x002A95E0,0x002A9600,32
R209_sky_move,0x002A9690,0x002A9744,180
Huuin_door_evt,0x002A9750,0x002A9780,48
Door_evt_201,0x002A9790,0x002A97AC,28
R20b_init,0x002A9800,0x002A9F70,176
FUN_002a99a0,0x002A99A0,0x002A9A00,96
FUN_002a9ca0,0x002A9CA0,0x002A9CCC,44
FUN_002aa09c,0x002AA09C,0x002AA0FC,96
R20b_main,0x002AA110,0x002AA12C,28
DevilSwitchCheck,0x002AA590,0x002AA5FC,108
WallFall,0x002AA610,0x002AA620,16
R20b_water_move,0x002AAAE0,0x002AAB64,132
Efmde_init,0x002AAB80,0x002AAB94,20
Effect_poison_set,0x002AAC00,0x002AACA8,168
GetLance,0x002AB120,0x002AB130,16
GetupWall,0x002AB320,0x002AB330,16
GetRing,0x002AB630,0x002AB640,16
GetPsychoGun,0x002AB730,0x002AB76C,60
Lift_down,0x002AB920,0x002AB928,8
Lift_up,0x002ABA90,0x002ABA98,8
DevilGaugeRecover,0x002ABC50,0x002ABC58,8
flame_se_check,0x002ABD60,0x002ABD68,8
recovery_light_model_init,0x002ABFB0,0x002ABFE0,48
recovery_light_model_move,0x002AC020,0x002AC10C,236
recovery_light_ring_set,0x002AC1A0,0x002AC2D4,172
recovery_light_ring_del,0x002AC370,0x002AC5A0,560
R20c_init,0x002AC5B0,0x002AC618,104
shadow_be_off,0x002AC930,0x002AC940,16
R20c_main,0x002AC980,0x002ACB5C,428
Lift_up,0x002ACC20,0x002ACC28,8
Lift_down,0x002ACDC0,0x002ACDC8,8
event_skip,0x002ACF20,0x002ACF44,36
GetShield,0x002AD0C0,0x002AD0D0,16
FUN_002ad160,0x002AD160,0x002AD168,8
RotFloorExecCk,0x002AD180,0x002AD188,8
FUN_002ad2e0,0x002AD2E0,0x002AD39C,152
FUN_002ad600,0x002AD600,0x002AD610,16
flame_se_check,0x002AD6D0,0x002AD6D4,4
R20c_hamon_init,0x002AD960,0x002AD980,32
FUN_002ad980,0x002AD980,0x002ADA74,244
R20c_hamon_move,0x002ADA90,0x002ADAD8,72
secret_mission_task,0x002ADAE0,0x002ADB0C,44
secret_mission_watch,0x002ADE80,0x002ADFF4,236
FUN_002adf60,0x002ADF60,0x002ADFC0,96
FUN_002adfc0,0x002ADFC0,0x002ADFD0,16
R20d_init,0x002AE000,0x002AE014,20
FUN_002ae4e0,0x002AE4E0,0x002AE590,68
R20d_main,0x002AE5C0,0x002AE830,216
mario_be_off,0x002AE840,0x002AE850,16
Dark_Mario_appear,0x002AE8D0,0x002AE8E0,16
R20d_event_skip,0x002AEBE0,0x002AEC18,56
Huuin_door_evt,0x002AED20,0x002AED4C,44
Huuin_door_evt2,0x002AED60,0x002AED8C,44
Huuin_door_reset_evt,0x002AEDA0,0x002AEDB0,16
AnnihilateCk_task,0x002AEE50,0x002AEEDC,128
r207_weapon_on_fire,0x002AEF00,0x002AEF04,4
r207_evt_00,0x002AF450,0x002AF474,36
r207_evt_01,0x002AF4D0,0x002AF4D8,8
R20e_init,0x002AF6B0,0x002AF700,80
R20e_main,0x002AF870,0x002AF878,8
R20e_sky_init,0x002AF880,0x002AF8A0,32
R20e_sky_move,0x002AF930,0x002AF9E4,180
R211_init,0x002AF9F0,0x002AFA30,64
R211_main,0x002AFC90,0x002AFC98,8
R211_sky_move,0x002AFCA0,0x002AFD54,180
Trick_ring_init,0x002AFD60,0x002AFD64,4
Set_effect_R211_denkiatk03,0x002AFEC0,0x002AFED0,16
Bridge_evt_skip,0x002AFFA0,0x002AFFCC,44
Bridge_down,0x002B0060,0x002B0068,8
R212_init,0x002B06E0,0x002B0700,32
R212_main,0x002B0800,0x002B0808,8
R212_night_event,0x002B0810,0x002B0834,36
R213_init,0x002B0900,0x002B09C8,164
R213_main,0x002B09E0,0x002B0BB4,192
R100_init,0x002B0C50,0x002B10A0,1092
FUN_002b1120,0x002B1120,0x002B11A0,120
fade_wait,0x002B11B0,0x002B11C0,16
R100_main,0x002B1200,0x002B1210,16
FUN_002b12e0,0x002B12E0,0x002B12E8,8
R100_wall_close,0x002B13A0,0x002B13A8,8
FUN_002b13c0,0x002B13C0,0x002B1418,88
FUN_002b16a0,0x002B16A0,0x002B16E0,64
R100_huuin_door_chk,0x002B1700,0x002B177C,104
R100_wall_smoke,0x002B1790,0x002B179C,12
FUN_002b17b4,0x002B17B4,0x002B17BC,8
FUN_002b1840,0x002B1840,0x002B1850,16
R100_effect_set,0x002B1950,0x002B1954,4
Huuin_door_evt_to_101,0x002B1B70,0x002B1BDC,108
R100_Crystal_set,0x002B1BF0,0x002B1BF8,8
r100_first_camera,0x002B1CD0,0x002B1CD4,4
r100_shop_exec,0x002B1EE0,0x002B1FA0,192
FUN_002b1fa0,0x002B1FA0,0x002B1FA8,8
FUN_002b1fe8,0x002B1FE8,0x002B1FF0,8
r100_front_oldkey_event,0x002B2000,0x002B2010,16
R400_init,0x002B20A0,0x002B20A8,8
R400_main,0x002B2520,0x002B25B0,144
r400_worp_move,0x002B25C0,0x002B2604,68
r400_ck_door_327,0x002B26A0,0x002B26F0,80
r400_om_check_1fl,0x002B2700,0x002B2748,64
r400_om_check_2fl,0x002B27D0,0x002B2818,64
r400_om_check_1nr,0x002B28D0,0x002B2980,156
r400_om_check_2nr,0x002B2990,0x002B2A78,212
r400_open_to327,0x002B2A90,0x002B2AA0,16
R401_init,0x002B2B20,0x002B2B64,68
R401_nightsce_init,0x002B2F20,0x002B2F30,16
R401_set_battle_camera,0x002B2F50,0x002B2F6C,28
FUN_002b2fa0,0x002B2FA0,0x002B2FAC,12
R401_set_normal_camera,0x002B2FC0,0x002B2FDC,28
R401_main,0x002B3030,0x002B3428,1004
light_del_after_event,0x002B3460,0x002B34B8,88
R401_r314_return,0x002B34C0,0x002B34E8,40
R401_switch_init,0x002B36B0,0x002B37BC,264
R401_barrier_init,0x002B37C0,0x002B3810,80
R401_hasira_init,0x002B38C0,0x002B3938,120
R401_light_init,0x002B3960,0x002B3978,24
R401_barrier_up,0x002B3B40,0x002B3B74,52
R401_barrier_eff_part,0x002B3C40,0x002B3C4C,12
FUN_002b3d20,0x002B3D20,0x002B3D40,32
FUN_002b3e20,0x002B3E20,0x002B3E48,40
FUN_002b3f20,0x002B3F20,0x002B3F5C,60
R401_barrier_eff_part_light,0x002B3FE0,0x002B3FE8,8
R401_barrier_eff_all_set,0x002B41D0,0x002B41FC,44
FUN_002b4280,0x002B4280,0x002B428C,12
R401_barrier_wave0,0x002B42F0,0x002B42F4,4
R401_barrier_wave1,0x002B43C0,0x002B43C4,4
R401_barrier_wave2,0x002B4480,0x002B4484,4
R401_barrier_wave3,0x002B4550,0x002B4554,4
R401_jiware,0x002B4610,0x002B4618,8
R401_jiware_rm,0x002B46A0,0x002B46D8,56
R401_ev_barrier,0x002B46F0,0x002B4720,48
R401_ev_barrier_trans_chg,0x002B4720,0x002B4728,8
R401_ev_barrier_delete,0x002B4810,0x002B4818,8
R401_hasira_move0,0x002B48B0,0x002B4904,84
R401_hasira_scr_set,0x002B4950,0x002B4960,16
R401_hasira_move1,0x002B49A0,0x002B49A4,4
FUN_002b4aa0,0x002B4AA0,0x002B4ABC,28
R401_bonji_rm,0x002B4CC0,0x002B4CC8,8
FUN_002b4ce0,0x002B4CE0,0x002B4DCC,136
R401_hokori_R,0x002B4E10,0x002B4E20,16
R401_hokori_L,0x002B4EA0,0x002B4EB0,16
FUN_002b4ee0,0x002B4EE0,0x002B4EE8,8
R401_hokori_foot,0x002B4F30,0x002B4F44,20
R401_hokori_after,0x002B5050,0x002B5054,4
R401_hasira_move2,0x002B51E0,0x002B521C,60
R401_nm_laser,0x002B5270,0x002B5280,16
Devil_switch_check,0x002B52C0,0x002B52C8,8
SetLightPow,0x002B5480,0x002B5528,168
light_move,0x002B5530,0x002B5890,628
FUN_002b56a0,0x002B56A0,0x002B5700,96
FUN_002b5700,0x002B5700,0x002B5784,132
R401_event00_cancel,0x002B5890,0x002B58A4,20
R401_event00,0x002B58C0,0x002B58D0,16
R401_event00_exit,0x002B5A70,0x002B5B80,272
FUN_002b5b80,0x002B5B80,0x002B5B90,16
R401_event01,0x002B5C10,0x002B5CF8,232
R401_event01_exit,0x002B5DD0,0x002B5DE0,16
FUN_002b5de0,0x002B5DE0,0x002B5F28,328
R401_event02,0x002B5FB0,0x002B5FC0,16
FUN_002b5fc0,0x002B5FC0,0x002B60B0,240
FUN_002b6140,0x002B6140,0x002B6160,32
FUN_002b6160,0x002B6160,0x002B6168,8
R401_event02_exit,0x002B61C0,0x002B6328,360
R401_scr_parts_set,0x002B63F0,0x002B6418,40
R401_scr_parts_rm,0x002B6420,0x002B6448,40
R401_evt10_t_denki_t0,0x002B6450,0x002B6460,16
flash_light00,0x002B6600,0x002B6610,16
flash_light01,0x002B67A0,0x002B67B4,20
flash_light02,0x002B6AB0,0x002B6AC4,20
R401_t_appear,0x002B6D30,0x002B6D34,4
Set_effect_R401_em24_flash,0x002B6E90,0x002B6E94,4
set_eff_R401_denki_aura,0x002B7220,0x002B7228,8
R401_t_denki00,0x002B78F0,0x002B78F4,4
R401_t_denki01,0x002B7A30,0x002B7A3C,12
R401_nm_eff_off,0x002B7DE0,0x002B7EB4,212
R401_nm_pt_on,0x002B7EC0,0x002B7F58,152
R401_nm_eff_on,0x002B7F60,0x002B7FB8,88
R401_nm_put_parts,0x002B7FD0,0x002B8020,80
R401_nm_put_parts2,0x002B8020,0x002B813C,284
R401_matei_eye,0x002B8140,0x002B8150,16
R401_ev_barrier_trans_chg2,0x002B81E0,0x002B81F4,20
R401_yarare_kemuri,0x002B8230,0x002B8238,8
R401_ev_barrier_trans_chg3,0x002B8370,0x002B8378,8
R401_ev_barrier_trans_chg4,0x002B84B0,0x002B84B8,8
R401_nm_laser2,0x002B85D0,0x002B85D8,8
R401_nm_parts_del,0x002B8760,0x002B8768,8
R401_scr_ten_del,0x002B8770,0x002B8784,20
R401_em15_move,0x002B87B0,0x002B87BC,12
R401_put_niku,0x002B89D0,0x002B89EC,28
R401_del_mouse,0x002B89F0,0x002B8A0C,28
str_light_control,0x002B8A10,0x002B8A68,84
R401_trish_denki_attack,0x002B8F70,0x002B8F80,16
R401_return_event,0x002B8FF0,0x002B900C,28
Em1d_return_event,0x002B9020,0x002B9028,8
R401_SetDevilSwitchON,0x002B91F0,0x002B9220,48
flash_light03,0x002B9220,0x002B9234,20
FUN_002b9320,0x002B9320,0x002B933C,28
flash_light04,0x002B9440,0x002B9454,20
FUN_002b9540,0x002B9540,0x002B955C,28
FUN_002b95e0,0x002B95E0,0x002B95F0,16
Is_there_enemy,0x002B9660,0x002B96B8,84
r401_zenmetu_chk,0x002B96C0,0x002B9740,104
R402_init,0x002B9750,0x002B9774,36
R402_main,0x002B9940,0x002B9948,8
R402_bone_door,0x002B9950,0x002B9954,4
R403_init,0x002B9A10,0x002B9A64,84
R403_main,0x002B9BC0,0x002B9D08,244
R403_scr_mrp_move,0x002B9D20,0x002B9D24,4
R403_obj_at_ck,0x002B9ED0,0x002B9F20,80
FUN_002b9f20,0x002B9F20,0x002BA004,168
Enemy1_on,0x002BA010,0x002BA03C,44
Enemy2_on,0x002BA1C0,0x002BA1EC,44
Enemy3_on,0x002BA350,0x002BA37C,44
R403_r402_door,0x002BA4F0,0x002BA524,52
R404_init,0x002BA540,0x002BA620,224
FUN_002ba620,0x002BA620,0x002BA6A0,128
FUN_002ba6a0,0x002BA6A0,0x002BA700,96
FUN_002ba700,0x002BA700,0x002BA93C,300
R404_main,0x002BAAE0,0x002BACC8,472
r404_iland_ck,0x002BACE0,0x002BADB8,216
r404_magma_move,0x002BADD0,0x002BADE8,24
Hone_break,0x002BADF0,0x002BADF8,8
Hone_break_easy,0x002BB250,0x002BB274,36
Iwa_move_start,0x002BB380,0x002BB384,4
FUN_002bb480,0x002BB480,0x002BB52C,172
Iwa_at_off,0x002BB700,0x002BB710,16
r404_orb_ck,0x002BB890,0x002BB8D4,60
r404_item_ck,0x002BB8E0,0x002BB924,60
R405_init,0x002BB930,0x002BB950,32
R405_main,0x002BBC90,0x002BBD4C,172
R402_cut_back,0x002BBD60,0x002BBD80,32
R405_DoorCheck,0x002BBE20,0x002BBEA8,84
R405_look_around_skip,0x002BBED0,0x002BBEE0,16
R405_look_around,0x002BBF10,0x002BBF20,16
R405_heart_inspect,0x002BC020,0x002BC030,16
R405_door_inspect,0x002BC0E0,0x002BC0F0,16
r405_huuin_kaijyo,0x002BC150,0x002BC160,16
R405_r408_door,0x002BC260,0x002BC27C,28
R405_devil_switch_check,0x002BC290,0x002BC2C8,56
heart_start_skip,0x002BC2E0,0x002BC354,116
R405_heart_start,0x002BC3A0,0x002BC3B0,16
R405_scr_mrp_move,0x002BC5D0,0x002BC5E0,16
R406_init,0x002BC800,0x002BC9A0,412
R406_main,0x002BC9C0,0x002BCA40,128
r406_magma_move,0x002BCA50,0x002BCAF8,164
Devil_switch_check,0x002BCB00,0x002BCB68,104
r406_hasira_00_move,0x002BCB80,0x002BCB88,8
r406_hasira_01_move,0x002BD310,0x002BD318,8
FUN_002bd400,0x002BD400,0x002BD49C,156
R407_init,0x002BD8D0,0x002BDA20,324
R407_main,0x002BDB60,0x002BDC28,200
R407_obj_at_ck,0x002BDC40,0x002BDD84,324
R407_tentacle_reset,0x002BDD90,0x002BDE98,264
Enemy1_on,0x002BDEB0,0x002BDEDC,44
Enemy2_on,0x002BDFF0,0x002BE010,32
Enemy3_on,0x002BE140,0x002BE164,36
R407_scr_mrp_move,0x002BE290,0x002BE294,4
R408_init,0x002BE4A0,0x002BE604,124
R408_main,0x002BE610,0x002BE6A8,148
R408_first_in,0x002BE6C0,0x002BE6D0,16
R408_Event11_front,0x002BE720,0x002BE730,16
R408_event_cancel,0x002BE810,0x002BE828,24
R408_Event11_0,0x002BE830,0x002BE850,32
R408_om_init,0x002BE9F0,0x002BEA44,84
R408_Event11_00,0x002BEB50,0x002BEB5C,12
R408_Event11_01,0x002BED40,0x002BED48,8
R408_Event11_02,0x002BF020,0x002BF024,4
R408_Event11_03,0x002BF150,0x002BF18C,60
R408_Event11_04,0x002BF1D0,0x002BF214,68
R408_Event11_05,0x002BF220,0x002BF234,20
FUN_002bf260,0x002BF260,0x002BF280,32
R408_Event11_06,0x002BF2E0,0x002BF2F0,16
R408_Event11_07,0x002BF380,0x002BF390,16
R408_Event11_08,0x002BF440,0x002BF44C,12
set_laser_scale,0x002BF6E0,0x002BF6E8,8
R408_Event11_09,0x002BF840,0x002BF848,8
R408_Event11_10,0x002BFA80,0x002BFA84,4
R408_Event11_11,0x002BFB40,0x002BFB54,20
R408_Event11_12,0x002BFBB0,0x002BFBEC,60
Set_effect_em20_flash,0x002BFC00,0x002BFC04,4
Set_effect_r408_black_aura,0x002BFF90,0x002BFFA4,20
R408_Event11_13,0x002C01D0,0x002C01D8,8
R408_Event11_14,0x002C0300,0x002C0314,20
R408_Event11_15,0x002C0340,0x002C0354,20
R408_Event11_16,0x002C0380,0x002C0394,20
R408_Event11_17,0x002C03F0,0x002C0404,20
R408_Event11_18,0x002C0460,0x002C0464,4
R408_Event11_19,0x002C0520,0x002C0538,24
R408_Event11_20,0x002C0550,0x002C0560,16
SetRedFireflower,0x002C0590,0x002C0594,4
SetRedFireflower2,0x002C09C0,0x002C09D0,16
R408_Event11_21,0x002C0BE0,0x002C0C78,152
r408_eff_eye,0x002C0D40,0x002C0D50,16
R408_Event11_22,0x002C0EE0,0x002C0EE4,4
R408_Event11_23,0x002C0F40,0x002C0F50,16
R408_Event11_24,0x002C0FE0,0x002C1078,152
R409_init,0x002C1140,0x002C1188,72
R409_main,0x002C1370,0x002C1538,404
R409_start_event_cancel,0x002C1550,0x002C1554,4
R409_start_event,0x002C15B0,0x002C15C8,24
R409_event_cancel,0x002C17C0,0x002C17E8,40
R409_end_event,0x002C1820,0x002C1830,16
Set_effect_r409_yuge,0x002C1930,0x002C1958,40
r409_earth_yuge,0x002C1AA0,0x002C1AA8,8
SetOmDevilCut,0x002C1C10,0x002C1C70,92
R409_Event00,0x002C1C70,0x002C1C80,16
R409_Event01,0x002C1CB0,0x002C1CC8,24
Set_meteo,0x002C1CD0,0x002C1CD4,4
R409_Event02,0x002C1E00,0x002C1E0C,12
R409_Event03,0x002C21F0,0x002C21FC,12
R409_Event04,0x002C25E0,0x002C25F4,20
R409_Event05,0x002C26D0,0x002C26D8,8
R409_Event06,0x002C26E0,0x002C26F0,16
R409_Event07,0x002C2710,0x002C2720,16
R409_Event08,0x002C2890,0x002C28AC,28
R409_Event09,0x002C28B0,0x002C28B4,4
R40a_init,0x002C2C00,0x002C2C1C,28
R40a_main,0x002C2DA0,0x002C2EE4,164
r40a_event_skip1,0x002C3090,0x002C3108,120
r40a_event_skip2,0x002C3120,0x002C3150,48
R40a_Event14,0x002C3170,0x002C318C,28
R40a_s14_movie_sub_title_disp,0x002C3AA0,0x002C3AC8,40
r40a_evt141_eff_set,0x002C3B00,0x002C3B14,20
r40a_evt141_d_down,0x002C3C80,0x002C3CA0,32
r40a_evt141_door_close,0x002C3D40,0x002C3D74,52
r40a_evt141_moji_draw,0x002C3D80,0x002C3D84,4
r40a_light_control,0x002C4180,0x002C41BC,60
FUN_002c43e0,0x002C43E0,0x002C44C0,224
r40a_sq_start,0x002C4D80,0x002C4D90,16
r40a_evt141_dante_walk_r,0x002C4DB0,0x002C4DE0,48
r40a_evt141_dante_walk_l,0x002C4E20,0x002C4E50,48
r40a_evt141_matei_mizu,0x002C4E90,0x002C4EBC,44
r40a_evt141_f_light,0x002C4F30,0x002C4F44,20
r40a_evt141_t_toujyou,0x002C4FC0,0x002C4FC4,4
r40a_evt141_t_tyakuti,0x002C5860,0x002C5864,4
r40a_evt14_1_t_denki00,0x002C58F0,0x002C5900,16
r40a_evt14_1_t_denki02,0x002C5E20,0x002C5E24,4
r40a_evt14_1_t_denki01,0x002C5EB0,0x002C5EBC,12
r40a_evt14_1_dante_00,0x002C6220,0x002C6224,4
r40a_evt14_1_dante_01,0x002C62A0,0x002C62B0,16
r40a_evt141_eff_set2,0x002C6350,0x002C6370,32
r40a_evt141_h_down00,0x002C64D0,0x002C64F0,32
r40a_evt141_h_down01,0x002C6570,0x002C65AC,60
r40a_evt141_h_down_clr,0x002C65B0,0x002C65EC,60
r40a_evt141_h_kabe,0x002C65F0,0x002C6600,16
r40a_evt141_h_shot,0x002C6A40,0x002C6A44,4
r40a_evt141_w_hasira,0x002C6C10,0x002C6C18,8
r40a_evt141_namida,0x002C6CE0,0x002C6CF0,16
r40a_evt141_namida_kill,0x002C6F80,0x002C6F84,4
r40a_evt141_iwa_doka,0x002C7110,0x002C711C,12
r40a_evt141_iwa_doka2,0x002C7560,0x002C756C,12
r40a_evt141_iwa_doka3,0x002C78B0,0x002C78BC,12
r40a_evt141_iwa_doka4,0x002C7BA0,0x002C7BAC,12
r40a_evt141_iwa_doka5,0x002C7FF0,0x002C7FFC,12
r40a_evt141_iwa_doka6,0x002C8380,0x002C838C,12
r40a_evt141_iwa_doka7,0x002C8700,0x002C870C,12
r40a_evt141_iwa_doka8,0x002C8A40,0x002C8A4C,12
FUN_002c8dc0,0x002C8DC0,0x002C8ED0,108
r40a_evt141_matei_light,0x002C8FD0,0x002C8FD8,8
r40a_evt141_smoke,0x002C8FE0,0x002C8FE4,4
r40a_iwa_doka_set,0x002C9160,0x002C9164,4
FUN_002c9280,0x002C9280,0x002C92AC,44
set_eff_R40a_denki_aura,0x002C95B0,0x002C95B8,8
Set_effect_R40a_em24_flash,0x002C9C70,0x002C9C74,4
R40a_t_appear,0x002CA000,0x002CA010,16
r40a_ads_fadeout,0x002CA2C0,0x002CA2DC,28
Sce_key_def_set,0x002CA2F0,0x002CA3CC,220
Sce_em_set,0x002CA3D0,0x002CA3D8,8
Sce_om_set,0x002CA3E0,0x002CA3E8,8
Sce_zone_set,0x002CA3F0,0x002CA3F8,8
Sce_super_om_set,0x002CA400,0x002CA660,592
Sce_cam_set,0x002CA670,0x002CA674,4
Sce_cam_move,0x002CA710,0x002CA714,4
Sce_mot_set,0x002CA9A0,0x002CAA10,112
Sce_water_tex_scroll,0x002CAA10,0x002CAA14,4
Sce_water_parts_tex_scroll,0x002CAAB0,0x002CAC18,360
Sce_om_tex_ofs_move,0x002CAC20,0x002CACB0,144
Sce_set_water_parts_env,0x002CACB0,0x002CACBC,12
Sce_set_water_model_env3,0x002CAD60,0x002CAD64,4
Sce_set_water_model_env2,0x002CADD0,0x002CADE0,16
Sce_voice_call,0x002CAE90,0x002CAF40,156
Sce_voice_call2,0x002CAF50,0x002CAFE0,120
FUN_002cafe0,0x002CAFE0,0x002CAFE1,1
Sce_program_call,0x002CAFF0,0x002CB0C4,188
Sce_event_start,0x002CB0D0,0x002CB164,148
Sce_event_end,0x002CB170,0x002CB1A0,48
FUN_002cb1a0,0x002CB1A0,0x002CB224,132
Sce_at_on,0x002CB230,0x002CB240,16
FUN_002cb240,0x002CB240,0x002CB2F4,180
Sce_jump_scene,0x002CB300,0x002CB3CC,204
Sce_jump_nm,0x002CB3E0,0x002CB444,100
Sce_jump_return,0x002CB480,0x002CB504,132
Sce_water_effect,0x002CB510,0x002CB640,204
Sce_pos_set,0x002CB650,0x002CB6AC,92
Sce_pos_set_base,0x002CB6C0,0x002CB6FC,60
Sce_om_motion_set,0x002CB700,0x002CB760,92
Sce_om_light_set,0x002CB760,0x002CB770,16
Sce_retry_pos_set,0x002CB980,0x002CB9D0,80
Sce_em_devil_set,0x002CB9E0,0x002CBACC,236
Sce_em_devil_start,0x002CBAD0,0x002CBAD8,8
Sce_em_devil_end,0x002CBC10,0x002CBC18,8
Sce_em_devil_door_close,0x002CBD20,0x002CBD28,8
Sce_em_devil_door_close_s,0x002CBD30,0x002CBD40,16
Sce_warp_check,0x002CBEC0,0x002CBF38,112
Weapon_menu,0x002CBF50,0x002CC074,280
Weapon_menu_init,0x002CC090,0x002CC0A0,16
FUN_002cc500,0x002CC500,0x002CC8E4,992
Weapon_menu_init_2,0x002CCB70,0x002CCB74,4
Weapon_menu_move,0x002CCE40,0x002CCE48,8
Weapon_menu_trans,0x002CDCA0,0x002CDCA4,4
FUN_002cdfc0,0x002CDFC0,0x002CE1B4,500
FUN_002ce500,0x002CE500,0x002CE61C,284
Effect_on_background,0x002D1560,0x002D1AE0,688
FUN_002d1b60,0x002D1B60,0x002D1B70,16
Effect_on_menu,0x002D1BD0,0x002D1BD4,4
FUN_002d1e00,0x002D1E00,0x002D1FEC,504
FUN_002d2020,0x002D2020,0x002D2344,564
FUN_002d2620,0x002D2620,0x002D26C4,132
FUN_002d27c0,0x002D27C0,0x002D27CC,12
Weapon_cancel,0x002D27F0,0x002D27FC,12
Weapon_decide,0x002D2B90,0x002D2B94,4
FUN_002d2c00,0x002D2C00,0x002D3190,292
FUN_002d2d60,0x002D2D60,0x002D2D9C,60
FUN_002d2fa0,0x002D2FA0,0x002D2FFC,88
FUN_002d3000,0x002D3000,0x002D3010,16
FUN_002d3048,0x002D3048,0x002D30E0,152
FUN_002d30e0,0x002D30E0,0x002D30F8,24
FUN_002d31c0,0x002D31C0,0x002D31E0,32
FUN_002d3320,0x002D3320,0x002D338C,68
FUN_002d34c0,0x002D34C0,0x002D3768,668
Weapon_select,0x002D3F20,0x002D3F24,4
FUN_002d4260,0x002D4260,0x002D42F8,152
FUN_002d4640,0x002D4640,0x002D4764,256
FUN_002d48c0,0x002D48C0,0x002D4994,208
FUN_002d4d30,0x002D4D30,0x002D4D7C,76
Equip_trans,0x002D4DB0,0x002D4DB4,4
FUN_002d4e20,0x002D4E20,0x002D50C8,652
Count_weapon_num,0x002D58B0,0x002D58B8,8
Get_plw_id,0x002D5A90,0x002D5AA0,16
FUN_002d5aa0,0x002D5AA0,0x002D5B24,128
Get_wpn_id,0x002D5B40,0x002D5B90,80
Get_sub_pldm_id,0x002D5BA0,0x002D5BF4,84
Convert_id_plwp_to_item,0x002D5C10,0x002D5C5C,72
Get_crsr_pos_arms_id,0x002D5C60,0x002D5C64,4
maketable,0x002D5D50,0x002D5D54,4
FUN_002d5fc0,0x002D5FC0,0x002D5FE8,60
spline,0x002D6020,0x002D60E4,192
maketable2,0x002D6110,0x002D6114,4
spline2,0x002D6270,0x002D6278,8
FUN_002d62a0,0x002D62A0,0x002D62E4,68
Spin_blur_moving,0x002D6310,0x002D6314,4
FUN_002d6680,0x002D6680,0x002D6738,168
FUN_002d6920,0x002D6920,0x002D692C,12
FUN_002d6a80,0x002D6A80,0x002D6AA0,32
FUN_002d6e00,0x002D6E00,0x002D6E18,24
Put_number,0x002D6E50,0x002D6E54,4
Put_time,0x002D7630,0x002D7634,4
FUN_002d7c00,0x002D7C00,0x002D7C60,96
FUN_002d7c60,0x002D7C60,0x002D7C64,4
Put_number2,0x002D7DE0,0x002D7DE4,4
FUN_002d7e60,0x002D7E60,0x002D7F98,312
FUN_002d80e0,0x002D80E0,0x002D815C,124
FUN_002d8180,0x002D8180,0x002D8214,80
FUN_002d8290,0x002D8290,0x002D8650,320
FUN_002d8420,0x002D8420,0x002D84F8,216
Picture_fadeout,0x002D8690,0x002D8694,4
FUN_002d86e0,0x002D86E0,0x002D88F4,496
Picture_fadein,0x002D8A80,0x002D8A84,4
Get_fade_color_vector,0x002D8FB0,0x002D8FC0,16
Set_Number,0x002D9170,0x002D920C,156
Mist_movie_init,0x002D92B0,0x002D92B4,4
Mist_movie_trans,0x002D9400,0x002D94A0,160
FUN_002d94a0,0x002D94A0,0x002D953C,156
Put_number_init,0x002D9640,0x002D9674,52
Status_init,0x002D9680,0x002D96CC,76
Status_main,0x002D98C0,0x002D98C4,4
Status_root,0x002D9A60,0x002D9A68,8
Status_load_texture,0x002DA0A0,0x002DA0A4,4
FUN_002da0c0,0x002DA0C0,0x002DA0F4,56
Main_menu_init,0x002DA110,0x002DA118,8
dummy,0x002DA4C0,0x002DA4C8,8
Exit_menu,0x002DA4D0,0x002DA554,132
Main_menu_move,0x002DA560,0x002DA748,420
Main_menu_shortcut_move,0x002DA780,0x002DAA38,508
Main_menu_trans,0x002DAA50,0x002DAA54,4
FUN_002daaa0,0x002DAAA0,0x002DAAB4,20
FUN_002db3e0,0x002DB3E0,0x002DB530,336
FUN_002db580,0x002DB580,0x002DB60C,140
FUN_002db860,0x002DB860,0x002DB878,24
FUN_002db900,0x002DB900,0x002DB920,32
FUN_002db9e0,0x002DB9E0,0x002DB9E1,1
mist_init,0x002DBA10,0x002DBA18,8
FUN_002dbac0,0x002DBAC0,0x002DBCA8,520
mist_move,0x002DBCD0,0x002DBD40,112
FUN_002dbd40,0x002DBD40,0x002DBEA0,352
FUN_002dbea0,0x002DBEA0,0x002DBF80,224
FUN_002dbf80,0x002DBF80,0x002DC174,496
mist_trans,0x002DC190,0x002DC194,4
mist_movie_init,0x002DC6A0,0x002DC6A4,4
mist_movie_trans,0x002DC7D0,0x002DC7D8,8
Menu_cursor_blink,0x002DCA50,0x002DCB50,256
Background_movie_trans,0x002DCB50,0x002DCB58,8
Background_movie_move,0x002DCD10,0x002DCD18,8
Normal_movie_move,0x002DD170,0x002DD178,8
FUN_002dd3c0,0x002DD3C0,0x002DD48C,204
Set_initial_items,0x002DD4D0,0x002DD5E0,264
FUN_002dd5e0,0x002DD5E0,0x002DD7A0,424
FUN_002dd7a0,0x002DD7A0,0x002DD810,32
devil_mode_status,0x002DD810,0x002DD8CC,176
Majin_movie_move,0x002DD8D0,0x002DDA50,376
Mist_movie_read,0x002DDA50,0x002DDA64,20
Get_branch_msg_no,0x002DDA70,0x002DDA78,8
FUN_002ddb20,0x002DDB20,0x002DDBC0,160
FUN_002dddc0,0x002DDDC0,0x002DDEC0,256
FUN_002ddec0,0x002DDEC0,0x002DDEFC,60
FUN_002ddf60,0x002DDF60,0x002DDFC0,96
FUN_002ddfc0,0x002DDFC0,0x002DDFD8,24
Set_player_state,0x002DE210,0x002DE404,496
Status_end3,0x002DE420,0x002DE438,24
Status_end2,0x002DE460,0x002DE48C,44
Status_end,0x002DE530,0x002DE59C,108
Status_start3,0x002DE5B0,0x002DE74C,412
Status_start2,0x002DE7B0,0x002DE7DC,44
Status_start,0x002DE7E0,0x002DE828,72
Select_sub_screen,0x002DE890,0x002DEBEC,860
Restart_sub_screen,0x002DEBF0,0x002DEC74,132
Message_set,0x002DEC80,0x002DEC84,4
Message_init,0x002DF3B0,0x002DF3C0,16
Message_reinit,0x002DF730,0x002DF740,16
Message_move,0x002DF740,0x002DF7F0,176
Page_check,0x002DF800,0x002DF804,4
FUN_002dfae0,0x002DFAE0,0x002DFB20,60
Msg_move_main,0x002DFB50,0x002DFB54,4
Msg_move_page,0x002DFFF0,0x002E0280,648
Msg_move_select,0x002E0280,0x002E0284,4
Msg_move_end,0x002E05A0,0x002E0648,168
Msg_move_sleep,0x002E0660,0x002E0668,8
Message_trans,0x002E0670,0x002E0674,4
Make_number_str,0x002E0D70,0x002E0E10,160
Cockpit_env_set,0x002E0E10,0x002E0E94,112
Cockpit_env_set2,0x002E0EA0,0x002E0EB0,16
Print_message,0x002E0ED0,0x002E0ED4,4
FUN_002e1480,0x002E1480,0x002E1520,160
FUN_002e1520,0x002E1520,0x002E1528,8
Print_message_end,0x002E1640,0x002E1644,4
Print_region_ck,0x002E1740,0x002E17F4,176
Print_message_line,0x002E1800,0x002E18D4,124
Print_message_init,0x002E18E0,0x002E1938,88
Cockpit_sys_init,0x002E1940,0x002E1958,24
Em1f_move,0x002E1970,0x002E1990,32
Em1f_R0_init,0x002E1990,0x002E199C,12
FUN_002e1a80,0x002E1A80,0x002E1A88,8
Em1f_R0_move,0x002E1BF0,0x002E1BF4,4
Em1f_child_aim_posy,0x002E2000,0x002E2018,24
Em1f_R1_br_wait,0x002E2020,0x002E2028,8
Em1f_R1_wait,0x002E2030,0x002E2038,8
Em1f_R1_br_fly,0x002E2040,0x002E2138,248
Em1f_R1_fly,0x002E2140,0x002E2154,20
FUN_002e21a0,0x002E21A0,0x002E2288,228
FUN_002e22c0,0x002E22C0,0x002E2304,68
Em1f_R1_br_atk,0x002E2320,0x002E2328,8
Em1f_R1_atk,0x002E2330,0x002E24CC,404
Em1f_R0_damage,0x002E24E0,0x002E24E4,4
Em1f_R0_die,0x002E2580,0x002E2588,8
Em1f_dm_ck,0x002E2590,0x002E25F8,100
get_effscr_work,0x002E2610,0x002E2654,64
Effscr_set,0x002E2660,0x002E26B0,76
effscr00_draw,0x002E2790,0x002E2794,4
effscr01_draw,0x002E3090,0x002E3094,4
FUN_002e3380,0x002E3380,0x002E3788,512
effscr02_draw,0x002E37F0,0x002E37F4,4
effscr00_move,0x002E47B0,0x002E47B8,8
effscr01_move,0x002E47C0,0x002E47C8,8
effscr02_move,0x002E4E80,0x002E4E88,8
EffScr_move,0x002E4E90,0x002E4E94,4
EffScr_trans,0x002E4F50,0x002E4F54,4
EffScr_work_init,0x002E5020,0x002E5058,56
Em02_dm_ck,0x002E5060,0x002E5068,8
FUN_002e53c0,0x002E53C0,0x002E53E4,36
Em02_pos_hosei,0x002E5740,0x002E5750,16
Em02_move,0x002E5AE0,0x002E5AE4,4
Em02_R0_init,0x002E5CC0,0x002E5CC8,8
Em02_R0_move,0x002E6010,0x002E6060,80
Em02_R1_br_mv00,0x002E6070,0x002E616C,208
Em02_R1_mv00,0x002E6180,0x002E62B8,232
Em02_R1_br_mv01,0x002E62E0,0x002E6544,448
Em02_R1_mv01,0x002E6560,0x002E6564,4
Em02_R1_br_mv02,0x002E6710,0x002E67B8,108
Em02_R1_mv02,0x002E67D0,0x002E67D8,8
Em02_R1_br_mv03,0x002E6AB0,0x002E6C80,300
FUN_002e6c80,0x002E6C80,0x002E6CE8,104
Em02_R1_mv03,0x002E6D00,0x002E6D04,4
Em02_R1_br_mv04,0x002E6F00,0x002E6FC8,200
Em02_R1_mv04,0x002E6FE0,0x002E7104,180
FUN_002e70c0,0x002E70C0,0x002E70D8,24
Em02_R1_br_mv05,0x002E71D0,0x002E71D8,8
Em02_R1_mv05,0x002E71E0,0x002E71E4,4
FUN_002e7340,0x002E7340,0x002E7350,16
Em02_R1_br_mv06,0x002E74C0,0x002E74C8,8
Em02_R1_mv06,0x002E74D0,0x002E74D8,8
FUN_002e7960,0x002E7960,0x002E7968,8
FUN_002e79e0,0x002E79E0,0x002E7A18,56
FUN_002e7a60,0x002E7A60,0x002E7B34,212
Em02_R1_br_mv07,0x002E7BA0,0x002E7BA8,8
Em02_R1_mv07,0x002E7BB0,0x002E7BB4,4
Em02_R1_br_mv08,0x002E8360,0x002E8400,160
Em02_R1_mv08,0x002E8450,0x002E8458,8
Em02_R1_br_mv09,0x002E88F0,0x002E88F8,8
Em02_R1_mv09,0x002E8900,0x002E8904,4
FUN_002e8c20,0x002E8C20,0x002E8C30,16
Em02_R1_br_mv0a,0x002E8C50,0x002E8C58,8
Em02_R1_mv0a,0x002E8C60,0x002E8C68,8
FUN_002e8e80,0x002E8E80,0x002E8E88,8
Em02_R1_br_mv0b,0x002E94B0,0x002E94B8,8
Em02_R1_mv0b,0x002E94C0,0x002E94CC,12
Em02_R1_br_mv0c,0x002E9870,0x002E9878,8
Em02_R1_mv0c,0x002E9880,0x002E988C,12
FUN_002e9be0,0x002E9BE0,0x002E9C10,48
Em02_R0_damage,0x002E9CD0,0x002E9CF0,32
Em02_R1_dm00,0x002E9CF0,0x002E9CF4,4
Em02_R1_dm01,0x002EA3E0,0x002EA3EC,12
Em02_R1_dm02,0x002EAB20,0x002EAB2C,12
Em02_R1_dm03,0x002EB2F0,0x002EB2FC,12
Em02_R1_dm04,0x002EBD30,0x002EBD3C,12
Em02_R1_dm05,0x002EC770,0x002EC778,8
Em02_R0_die,0x002ECC30,0x002ECC50,32
Em02_R1_die00,0x002ECC50,0x002ECC5C,12
Em02_R1_die01,0x002ED530,0x002ED53C,12
Em02_R1_die02,0x002EDDF0,0x002EDDFC,12
Em02_R0_reset,0x002EE720,0x002EE744,36
Em02_R1_reset00,0x002EE750,0x002EE754,4
FUN_002ee820,0x002EE820,0x002EE82C,12
Em02_R1_reset01,0x002EEC40,0x002EEC44,4
Em02_R1_reset02,0x002EF160,0x002EF168,8
Em02_R1_reset03,0x002EF170,0x002EF178,8
Dest_rot_hosei02,0x002EF180,0x002EF1C4,68
Ck_em03,0x002EF210,0x002EF21C,12
Em02_pow_up,0x002EF380,0x002EF384,4
Em02_floor_rot,0x002EF790,0x002EF794,4
Em02_kabe_rot,0x002EF810,0x002EF81C,12
Pl_damage_em02_00,0x002EFA40,0x002EFA44,4
Pl_damage_em02_01,0x002EFCF0,0x002EFCF4,4
Em02_asioto,0x002EFDF0,0x002EFE14,36
Em02_hanes,0x002EFE60,0x002EFE84,36
Em02_hanel,0x002EFED0,0x002EFEF4,36
Em02_hanes_r,0x002EFF40,0x002EFF54,20
Em02_hanel_r,0x002EFFA0,0x002EFFB4,20
Ceiling_em02,0x002F0000,0x002F0004,4
Em02_devil_mode,0x002F0180,0x002F0184,4
Em02_ev_end,0x002F0450,0x002F04BC,108
e2d_id00_type00,0x002F04D0,0x002F04E8,24
e2d_id00_type01,0x002F04F0,0x002F0530,64
e2d_id00_type02,0x002F0570,0x002F05A0,48
e2d_id00_type03,0x002F0610,0x002F0650,64
e2d_id00_type04,0x002F0690,0x002F06C0,48
e2d_id00_type05,0x002F0730,0x002F076C,60
e2d_id00_type06,0x002F07B0,0x002F07C4,20
e2d_id00_type07,0x002F0850,0x002F0864,20
e2d_id00_type08,0x002F08F0,0x002F08FC,12
e2d_id00_type09,0x002F0900,0x002F0908,8
e2d_id00_type0a,0x002F0910,0x002F094C,60
e2d_id00_type0b,0x002F0950,0x002F0980,48
e2d_id00_type0c,0x002F0980,0x002F0A3C,184
e2d_id00_type0d,0x002F0AE0,0x002F0B1C,60
e2d_id00_type0e,0x002F0B20,0x002F0B50,48
e2d_id00_type0f,0x002F0BC0,0x002F0BD4,20
FUN_002f0be0,0x002F0BE0,0x002F0C1C,60
e2d_id00_type10,0x002F0C60,0x002F0C74,20
e2d_id00_type11,0x002F0D00,0x002F0D14,20
e2d_id00_type12,0x002F0DA0,0x002F0DD4,52
e2d_id00_type13,0x002F0DE0,0x002F0DF4,20
e2d_id00_type14,0x002F0E90,0x002F0ED0,64
e2d_id00_type15,0x002F0F10,0x002F0F24,20
e2d_id00_type16,0x002F0FB0,0x002F0FE0,48
e2d_id00_type17,0x002F1050,0x002F1084,52
e2d_id00_type18,0x002F1170,0x002F1190,32
e2d_id00_type19,0x002F1190,0x002F11EC,92
e2d_id00_type1a,0x002F11F0,0x002F122C,60
e2d_id00_type1b,0x002F12F0,0x002F1328,56
e2d_id00_type1c,0x002F1330,0x002F1368,56
e2d_id01_type00,0x002F1370,0x002F13A4,52
e2d_id01_type01,0x002F1480,0x002F14B4,52
e2d_id01_type02,0x002F1590,0x002F15C4,52
e2d_id01_type03,0x002F16A0,0x002F16D4,52
e2d_id02_type00,0x002F17A0,0x002F1838,152
e2d_id02_type01,0x002F1840,0x002F18D0,144
e2d_id03_type00,0x002F18D0,0x002F18F8,40
e2d_id03_type01,0x002F1900,0x002F1930,48
e2d_id03_type02,0x002F1930,0x002F1968,56
e2d_id03_type03,0x002F1970,0x002F1A60,240
e2d_id03_type04,0x002F1A60,0x002F1AC4,100
e2d_id03_type05,0x002F1C20,0x002F1C84,100
e2d_id03_type06,0x002F1DE0,0x002F1E44,100
e2d_id03_type07,0x002F1FA0,0x002F2004,100
e2d_id03_type09,0x002F2160,0x002F2174,20
e2d_id03_type0a,0x002F2180,0x002F21E4,100
e2d_id03_type0b,0x002F22D0,0x002F2334,100
e2d_id03_type0c,0x002F2410,0x002F2474,100
e2d_id03_type0d,0x002F2550,0x002F25B4,100
e2d_id03_type0e,0x002F2690,0x002F26F4,100
e2d_id03_type0f,0x002F2810,0x002F2874,100
e2d_id03_type10,0x002F2990,0x002F29F4,100
e2d_id03_type11,0x002F2B10,0x002F2B74,100
e2d_id03_type12,0x002F2C90,0x002F2CF8,104
e2d_id03_type13,0x002F2D90,0x002F2DF8,104
e2d_id03_type14,0x002F2E80,0x002F2EE8,104
e2d_id03_type15,0x002F2F80,0x002F2FE8,104
e2d_id03_type16,0x002F3070,0x002F3084,20
e2d_id03_type17,0x002F3130,0x002F314C,28
e2d_id03_type18,0x002F3220,0x002F323C,28
e2d_id03_type19,0x002F32E0,0x002F32F4,20
e2d_id03_type1a,0x002F33C0,0x002F33D4,20
e2d_id03_type1b,0x002F3420,0x002F3434,20
e2d_id03_type1c,0x002F3480,0x002F3494,20
e2d_id03_type1d,0x002F3540,0x002F3544,4
e2d_id03_type1e,0x002F3630,0x002F3644,20
e2d_id03_type1f,0x002F36B0,0x002F36C4,20
e2d_id03_type20,0x002F3730,0x002F3744,20
e2d_id03_type21,0x002F3790,0x002F37A4,20
e2d_id03_type22,0x002F37F0,0x002F381C,44
e2d_id03_type23,0x002F3820,0x002F385C,60
e2d_id04_type00,0x002F3860,0x002F3880,32
e2d_id04_type01,0x002F3880,0x002F3894,20
e2d_id04_type02,0x002F3970,0x002F3984,20
e2d_id04_type03,0x002F3A70,0x002F3A84,20
e2d_id04_type04,0x002F3B60,0x002F3BEC,140
e2d_id04_type05,0x002F3BF0,0x002F3C2C,60
e2d_id04_type06,0x002F3C30,0x002F3C94,100
e2d_id04_type07,0x002F3D20,0x002F3D34,20
e2d_id04_type08,0x002F3E10,0x002F3EA4,148
e2d_id04_type09,0x002F3EB0,0x002F3EBC,12
e2d_id04_type0a,0x002F3EC0,0x002F3F38,120
e2d_id04_type0b,0x002F3F40,0x002F3FC4,132
e2d_id04_type0c,0x002F3FD0,0x002F402C,92
e2d_id04_type0d,0x002F40B0,0x002F410C,92
e2d_id04_type0e,0x002F4190,0x002F41F0,96
e2d_id04_type0f,0x002F4270,0x002F4274,4
e2d_id04_type10,0x002F4350,0x002F4354,4
e2d_id04_type11,0x002F4450,0x002F4498,72
e2d_id04_type12,0x002F4520,0x002F4568,72
e2d_id04_type13,0x002F45F0,0x002F4638,72
e2d_id04_type14,0x002F46C0,0x002F46C8,8
e2d_id04_type15,0x002F4700,0x002F4748,72
e2d_id04_type16,0x002F47C0,0x002F4808,72
e2d_id04_type17,0x002F4890,0x002F48D8,72
e2d_id04_type18,0x002F4960,0x002F49A4,68
e2d_id04_type19,0x002F4A50,0x002F4A94,68
e2d_id04_type1a,0x002F4B40,0x002F4B78,56
e2d_id04_type1b,0x002F4C10,0x002F4C1C,12
e2d_id04_type1c,0x002F4C20,0x002F4C58,56
e2d_id04_type1d,0x002F4CF0,0x002F4CFC,12
e2d_id04_type1e,0x002F4D00,0x002F4D14,20
e2d_id04_type1f,0x002F4D80,0x002F4D94,20
e2d_id04_type20,0x002F4E00,0x002F4E04,4
e2d_id04_type21,0x002F4E80,0x002F4E94,20
e2d_id04_type22,0x002F4F20,0x002F4F34,20
e2d_id04_type23,0x002F4FA0,0x002F4FA4,4
e2d_id04_type24,0x002F5090,0x002F5094,4
e2d_id04_type25,0x002F5180,0x002F51C0,64
e2d_id04_type26,0x002F51C0,0x002F51F8,56
e2d_id04_type27,0x002F5200,0x002F5298,152
e2d_id04_type28,0x002F53B0,0x002F5460,176
FUN_002f54c0,0x002F54C0,0x002F54D0,16
e2d_id04_type29,0x002F54E0,0x002F5560,128
e2d_id04_type2a,0x002F5600,0x002F567C,124
e2d_id04_type2b,0x002F5700,0x002F5798,152
e2d_id04_type2c,0x002F57E0,0x002F57F4,20
e2d_id04_type2d,0x002F59D0,0x002F59E4,20
e2d_id04_type2e,0x002F5BC0,0x002F5C20,96
e2d_id04_type2f,0x002F5D00,0x002F5D50,80
e2d_id04_type30,0x002F5DE0,0x002F5E40,96
e2d_id04_type31,0x002F5F30,0x002F5F44,20
e2d_id04_type32,0x002F6080,0x002F6094,20
e2d_id04_type33,0x002F61D0,0x002F61E4,20
e2d_id04_type34,0x002F6330,0x002F6344,20
e2d_id04_type35,0x002F6410,0x002F6424,20
e2d_id04_type36,0x002F6560,0x002F6574,20
e2d_id04_type37,0x002F6640,0x002F6654,20
e2d_id04_type38,0x002F6790,0x002F67A4,20
e2d_id04_type39,0x002F68E0,0x002F68F4,20
e2d_id04_type3a,0x002F6A30,0x002F6A44,20
e2d_id04_type3b,0x002F6B10,0x002F6B24,20
e2d_id04_type3c,0x002F6C60,0x002F6C74,20
e2d_id04_type3d,0x002F6D40,0x002F6DD8,152
e2d_id04_type3e,0x002F6EF0,0x002F6F04,20
e2d_id04_type3f,0x002F6FE0,0x002F6FEC,12
e2d_id04_type40,0x002F6FF0,0x002F7070,128
e2d_id04_type41,0x002F7180,0x002F7258,216
e2d_id04_type42,0x002F72F0,0x002F7370,128
e2d_id04_type43,0x002F7480,0x002F7500,128
e2d_id04_type44,0x002F7610,0x002F7644,52
e2d_id04_type45,0x002F76E0,0x002F771C,60
e2d_id04_type46,0x002F77B0,0x002F77C4,20
e2d_id04_type47,0x002F7840,0x002F7854,20
e2d_id04_type48,0x002F78D0,0x002F78D4,4
FUN_002f7940,0x002F7940,0x002F7948,8
e2d_id04_type49,0x002F7960,0x002F79A4,68
e2d_id04_type4a,0x002F7A50,0x002F7A98,72
e2d_id04_type4b,0x002F7B10,0x002F7B58,72
e2d_id04_type4c,0x002F7BD0,0x002F7C18,72
e2d_id04_type4d,0x002F7C90,0x002F7CD8,72
e2d_id04_type4e,0x002F7D80,0x002F7DC8,72
e2d_id04_type4f,0x002F7E50,0x002F7EE4,148
e2d_id04_type50,0x002F7EF0,0x002F7F04,20
e2d_id04_type51,0x002F7FE0,0x002F7FF4,20
e2d_id04_type52,0x002F80D0,0x002F815C,140
e2d_id05_type00,0x002F81C0,0x002F81E0,32
e2d_id05_type01,0x002F81E0,0x002F821C,60
e2d_id05_type02,0x002F8220,0x002F8268,72
e2d_id05_type03,0x002F8270,0x002F82B8,72
e2d_id05_type04,0x002F82C0,0x002F8304,68
e2d_id05_type05,0x002F8310,0x002F833C,44
e2d_id05_type06,0x002F8390,0x002F83C0,48
e2d_id05_type07,0x002F8400,0x002F842C,44
e2d_id05_type08,0x002F8470,0x002F849C,44
e2d_id05_type09,0x002F84E0,0x002F8514,52
e2d_id05_type0a,0x002F8520,0x002F8554,52
e2d_id05_type0b,0x002F8560,0x002F8598,56
e2d_id05_type0c,0x002F8640,0x002F866C,44
e2d_id05_type0d,0x002F86F0,0x002F871C,44
e2d_id05_type0e,0x002F87A0,0x002F87D4,52
e2d_id05_type0f,0x002F87E0,0x002F8814,52
e2d_id05_type10,0x002F8820,0x002F884C,44
e2d_id05_type11,0x002F8860,0x002F888C,44
e2d_id05_type12,0x002F88A0,0x002F88C8,40
e2d_id05_type13,0x002F8950,0x002F8964,20
e2d_id05_type14,0x002F8A40,0x002F8A44,4
e2d_id05_type15,0x002F8B10,0x002F8B14,4
e2d_id05_type16,0x002F8BD0,0x002F8BFC,44
e2d_id05_type17,0x002F8CA0,0x002F8CCC,44
e2d_id05_type18,0x002F8D60,0x002F8D8C,44
e2d_id05_type19,0x002F8E20,0x002F8E4C,44
e2d_id05_type1a,0x002F8EE0,0x002F8EF4,20
e2d_id05_type1b,0x002F8FD0,0x002F8FFC,44
e2d_id05_type1c,0x002F90A0,0x002F90CC,44
e2d_id05_type1d,0x002F9150,0x002F9184,52
e2d_id05_type1e,0x002F9190,0x002F91C4,52
e2d_id06_type02,0x002F91D0,0x002F9294,196
e2d_id06_type09,0x002F92A0,0x002F92A8,8
e2d_id09_type00,0x002F92B0,0x002F92DC,44
e2d_id09_type01,0x002F9320,0x002F9334,20
e2d_id09_type02,0x002F93B0,0x002F93CC,28
e2d_id09_type03,0x002F94B0,0x002F94CC,28
e2d_id09_type09,0x002F95B0,0x002F95D4,36
e2d_id0a_type03,0x002F9620,0x002F9628,8
e2d_id0b_type00,0x002F9630,0x002F9638,8
e2d_id0b_type05,0x002F9640,0x002F9674,52
e2d_id0b_type1b,0x002F9680,0x002F96B4,52
e2d_id0c_type08,0x002F96C0,0x002F9714,84
e2d_id0e_type00,0x002F9720,0x002F9728,8
e2d_id0e_type0e,0x002F9730,0x002F97A0,112
FUN_002f97a0,0x002F97A0,0x002F97B0,16
e2d_id0e_type0f,0x002F97B0,0x002F9840,144
e2d_id0e_type10,0x002F9840,0x002F9888,72
e2d_id0e_type13,0x002F9910,0x002F99A4,148
e2d_id0e_type15,0x002F99B0,0x002F9A88,216
e2d_id0d_type00,0x002F9A90,0x002F9A98,8
e2d_id0f_type00,0x002F9AA0,0x002F9AAC,12
e2d_id0f_type01,0x002F9AB0,0x002F9ABC,12
e2d_id10_type00,0x002F9AC0,0x002F9AD4,20
e2d_id10_type01,0x002F9BF0,0x002F9C04,20
e2d_id10_type02,0x002F9D20,0x002F9D24,4
e2d_id10_type03,0x002F9E20,0x002F9E34,20
FUN_002f9f00,0x002F9F00,0x002F9F40,64
e2d_id10_type04,0x002F9F80,0x002F9F94,20
e2d_id10_type05,0x002FA0E0,0x002FA0F4,20
e2d_id10_type06,0x002FA220,0x002FA234,20
FUN_002fa340,0x002FA340,0x002FA350,16
e2d_id10_type07,0x002FA360,0x002FA374,20
e2d_id10_type09,0x002FA4D0,0x002FA4E4,20
e2d_id10_type0a,0x002FA4F0,0x002FA504,20
FUN_002fa5e0,0x002FA5E0,0x002FA5FC,28
e2d_id11_type00,0x002FA610,0x002FA624,20
e2d_id11_type01,0x002FA630,0x002FA718,232
e2d_id11_type09,0x002FA7B0,0x002FA7BC,12
e2d_id12_type00,0x002FA7C0,0x002FA7CC,12
e2d_id12_type01,0x002FA7D0,0x002FA7F8,40
e2d_id13_type00,0x002FA850,0x002FA864,20
e2d_id13_type01,0x002FA920,0x002FA94C,44
e2d_id13_type02,0x002FAA70,0x002FAA74,4
e2d_id13_type03,0x002FAB00,0x002FAB88,136
e2d_id13_type04,0x002FAC00,0x002FAC68,104
e2d_id13_type05,0x002FACF0,0x002FAD28,56
e2d_id13_type06,0x002FAE00,0x002FAE28,40
e2d_id13_type07,0x002FAF80,0x002FAF94,20
e2d_id13_type08,0x002FB090,0x002FB0A4,20
e2d_id13_type09,0x002FB1A0,0x002FB1B4,20
e2d_id13_type0a,0x002FB1C0,0x002FB1F0,48
e2d_id13_type0b,0x002FB310,0x002FB374,100
e2d_id13_type0c,0x002FB420,0x002FB434,20
e2d_id13_type0d,0x002FB530,0x002FB57C,76
e2d_id13_type0e,0x002FB600,0x002FB64C,76
e2d_id13_type0f,0x002FB6D0,0x002FB6E4,20
e2d_id13_type10,0x002FB840,0x002FB854,20
e2d_id13_type11,0x002FB8F0,0x002FB904,20
e2d_id13_type12,0x002FB9A0,0x002FB9B4,20
e2d_id13_type13,0x002FBA60,0x002FBA74,20
e2d_id13_type14,0x002FBB30,0x002FBB44,20
e2d_id13_type15,0x002FBCB0,0x002FBD14,100
e2d_id13_type16,0x002FBDE0,0x002FBE6C,140
e2d_id13_type17,0x002FBEE0,0x002FBF40,96
e2d_id14_type00,0x002FBFC0,0x002FBFC8,8
e2d_id14_type01,0x002FBFD0,0x002FC018,72
e2d_id14_type09,0x002FC060,0x002FC068,8
e2d_id15_type00,0x002FC070,0x002FC0AC,60
e2d_id15_type01,0x002FC130,0x002FC154,36
e2d_id15_type02,0x002FC170,0x002FC1A0,48
e2d_id15_type03,0x002FC210,0x002FC234,36
e2d_id15_type04,0x002FC250,0x002FC28C,60
e2d_id15_type05,0x002FC310,0x002FC334,36
e2d_id15_type06,0x002FC350,0x002FC38C,60
e2d_id15_type07,0x002FC400,0x002FC430,48
e2d_id15_type08,0x002FC4B0,0x002FC4D4,36
e2d_id15_type09,0x002FC4F0,0x002FC4F8,8
e2d_id16_type00,0x002FC500,0x002FC518,24
e2d_id16_type01,0x002FC5B0,0x002FC5C8,24
e2d_id16_type02,0x002FC5F0,0x002FC608,24
e2d_id16_type03,0x002FC670,0x002FC688,24
e2d_id16_type04,0x002FC760,0x002FC778,24
e2d_id16_type05,0x002FC850,0x002FC868,24
e2d_id16_type06,0x002FC940,0x002FC958,24
e2d_id16_type07,0x002FCA20,0x002FCA38,24
e2d_id16_type08,0x002FCB10,0x002FCB28,24
e2d_id16_type09,0x002FCC00,0x002FCC18,24
e2d_id16_type0a,0x002FCCF0,0x002FCD08,24
e2d_id16_type0b,0x002FCDD0,0x002FCDE8,24
e2d_id16_type0c,0x002FCEC0,0x002FCED8,24
e2d_id16_type0d,0x002FCFB0,0x002FCFC8,24
e2d_id16_type0e,0x002FD0B0,0x002FD0C8,24
e2d_id17_type00,0x002FD1A0,0x002FD1A8,8
e2d_id17_type01,0x002FD1B0,0x002FD1BC,12
e2d_id17_type02,0x002FD1C0,0x002FD218,88
e2d_id17_type03,0x002FD220,0x002FD228,8
e2d_id17_type0a,0x002FD230,0x002FD268,56
e2d_id17_type0b,0x002FD270,0x002FD2AC,60
e2d_id17_type0c,0x002FD2B0,0x002FD2F0,64
e2d_id17_type0d,0x002FD2F0,0x002FD350,96
e2d_id17_type0e,0x002FD350,0x002FD394,68
e2d_id17_type0f,0x002FD410,0x002FD464,84
e2d_id17_type10,0x002FD470,0x002FD4C4,84
e2d_id17_type11,0x002FD4D0,0x002FD510,64
e2d_id17_type12,0x002FD510,0x002FD544,52
e2d_id17_type13,0x002FD590,0x002FD5C4,52
e2d_id17_type14,0x002FD5D0,0x002FD638,104
e2d_id17_type15,0x002FD6C0,0x002FD6F0,48
e2d_id17_type16,0x002FD730,0x002FD770,64
e2d_id17_type17,0x002FD770,0x002FD7B4,68
e2d_id17_type18,0x002FD830,0x002FD86C,60
e2d_id17_type19,0x002FD870,0x002FD8AC,60
e2d_id17_type1a,0x002FD8B0,0x002FD8EC,60
e2d_id17_type1b,0x002FD8F0,0x002FD94C,92
FUN_002fd9a0,0x002FD9A0,0x002FD9B0,16
e2d_id17_type1c,0x002FD9C0,0x002FD9F4,52
e2d_id17_type1d,0x002FDA40,0x002FDA78,56
e2d_id17_type1e,0x002FDA80,0x002FDAB8,56
e2d_id17_type1f,0x002FDAC0,0x002FDAF4,52
e2d_id17_type20,0x002FDB70,0x002FDBB4,68
e2d_id17_type21,0x002FDC20,0x002FDC70,80
e2d_id17_type22,0x002FDCC0,0x002FDD04,68
e2d_id17_type23,0x002FDD90,0x002FDDCC,60
e2d_id17_type24,0x002FDDD0,0x002FDE0C,60
e2d_id17_type25,0x002FDE10,0x002FDE34,36
e2d_id17_type26,0x002FDE40,0x002FDE90,80
e2d_id17_type27,0x002FDE90,0x002FDECC,60
e2d_id17_type28,0x002FDED0,0x002FDF0C,60
e2d_id17_type29,0x002FDF10,0x002FDF40,48
e2d_id17_type2a,0x002FDF40,0x002FDF70,48
e2d_id17_type2b,0x002FDF70,0x002FDFAC,60
e2d_id17_type2c,0x002FDFB0,0x002FDFF8,72
e2d_id17_type2d,0x002FE000,0x002FE044,68
e2d_id17_type2e,0x002FE050,0x002FE098,72
e2d_id17_type2f,0x002FE0A0,0x002FE104,100
e2d_id17_type30,0x002FE110,0x002FE148,56
e2d_id17_type31,0x002FE150,0x002FE1B0,96
e2d_id17_type32,0x002FE1B0,0x002FE1F4,68
e2d_id17_type33,0x002FE200,0x002FE230,48
e2d_id17_type34,0x002FE280,0x002FE2CC,76
e2d_id17_type35,0x002FE2D0,0x002FE314,68
e2d_id17_type36,0x002FE320,0x002FE358,56
e2d_id17_type37,0x002FE360,0x002FE39C,60
e2d_id17_type38,0x002FE3A0,0x002FE3DC,60
e2d_id17_type39,0x002FE3E0,0x002FE41C,60
e2d_id17_type3a,0x002FE420,0x002FE45C,60
e2d_id17_type3b,0x002FE460,0x002FE47C,28
e2d_id17_type3c,0x002FE480,0x002FE49C,28
e2d_id17_type3d,0x002FE4A0,0x002FE4BC,28
e2d_id17_type3e,0x002FE4C0,0x002FE4F0,48
e2d_id17_type3f,0x002FE4F0,0x002FE520,48
e2d_id17_type40,0x002FE520,0x002FE568,72
e2d_id17_type41,0x002FE570,0x002FE5B8,72
e2d_id17_type42,0x002FE5C0,0x002FE604,68
e2d_id17_type43,0x002FE610,0x002FE63C,44
e2d_id17_type44,0x002FE680,0x002FE6BC,60
e2d_id17_type45,0x002FE6C0,0x002FE6FC,60
e2d_id17_type46,0x002FE700,0x002FE724,36
e2d_id17_type47,0x002FE730,0x002FE75C,44
e2d_id17_type48,0x002FE7A0,0x002FE7E8,72
e2d_id17_type49,0x002FE7F0,0x002FE834,68
e2d_id17_type4a,0x002FE840,0x002FE87C,60
e2d_id17_type4b,0x002FE880,0x002FE8B4,52
e2d_id17_type4c,0x002FE900,0x002FE944,68
e2d_id17_type4d,0x002FE950,0x002FE994,68
e2d_id17_type4e,0x002FE9A0,0x002FE9DC,60
e2d_id17_type4f,0x002FE9E0,0x002FEA28,72
e2d_id17_type50,0x002FEA30,0x002FEA68,56
e2d_id18_type00,0x002FEA70,0x002FEA78,8
e2d_id18_type01,0x002FEA80,0x002FEA88,8
e2d_id19_type00,0x002FEA90,0x002FEAA8,24
e2d_id19_type01,0x002FEB70,0x002FEB88,24
e2d_id19_type02,0x002FEC90,0x002FECA8,24
e2d_id19_type03,0x002FEE10,0x002FEE28,24
e2d_id19_type04,0x002FEF60,0x002FEF78,24
e2d_id19_type05,0x002FF070,0x002FF088,24
e2d_id1a_type00,0x002FF150,0x002FF15C,12
e2d_id1a_type01,0x002FF160,0x002FF1C0,96
e2d_id1a_type02,0x002FF250,0x002FF2BC,108
e2d_id1a_type03,0x002FF310,0x002FF368,88
e2d_id1a_type04,0x002FF3E0,0x002FF43C,92
e2d_id1c_type01,0x002FF4D0,0x002FF508,56
e2d_id1d_type00,0x002FF510,0x002FF518,8
e2d_id1d_type01,0x002FF520,0x002FF534,20
e2d_id1d_type02,0x002FF650,0x002FF664,20
e2d_id1d_type03,0x002FF760,0x002FF774,20
e2d_id1d_type04,0x002FF890,0x002FF894,4
e2d_id1d_type05,0x002FF9A0,0x002FFA68,200
e2d_id1e_type00,0x002FFA70,0x002FFA7C,12
e2d_id1e_type01,0x002FFA80,0x002FFA9C,28
e2d_id1e_type02,0x002FFAD0,0x002FFAE4,20
e2d_id1e_type03,0x002FFB20,0x002FFB54,52
e2d_id1e_type04,0x002FFB90,0x002FFBA4,20
e2d_id1e_type05,0x002FFBE0,0x002FFC0C,44
FUN_002ffc20,0x002FFC20,0x002FFC30,16
e2d_id1e_type06,0x002FFC40,0x002FFC54,20
e2d_id1f_type00,0x002FFC90,0x002FFCB0,32
e2d_id21_type00,0x002FFCB0,0x002FFCC4,20
e2d_id21_type01,0x002FFD50,0x002FFD64,20
e2d_id21_type02,0x002FFDF0,0x002FFE04,20
e2d_id21_type03,0x002FFE90,0x002FFEA4,20
e2d_id21_type04,0x002FFF30,0x002FFF44,20
e2d_id21_type05,0x002FFFD0,0x002FFFE4,20
e2d_id21_type09,0x00300070,0x00300078,8
e2d_id22_type00,0x00300080,0x003000A0,32
e2d_id23_type00,0x003000A0,0x003000B4,20
e2d_id23_type01,0x003000C0,0x003000C4,4
e2d_id24_type00,0x003001E0,0x003001F4,20
e2d_id25_type00,0x00300200,0x00300244,68
e2d_id25_type01,0x003002A0,0x003002E4,68
e2d_id25_type02,0x00300330,0x00300370,64
e2d_id25_type03,0x003003F0,0x00300448,88
e2d_id25_type04,0x003004D0,0x00300514,68
e2d_id25_type05,0x003005A0,0x003006B0,232
e2d_id25_type06,0x003006F0,0x0030074C,92
e2d_id25_type07,0x003007A0,0x003007FC,92
e2d_id25_type08,0x00300860,0x00300890,48
e2d_id25_type09,0x003008E0,0x00300910,48
e2d_id25_type0e,0x00300960,0x003009A0,64
e2d_id25_type0f,0x00300A00,0x00300A24,36
e2d_id26_type00,0x00300AC0,0x00300AD8,24
e2d_id26_type01,0x00300AE0,0x00300B40,96
e2d_id26_type02,0x00300B40,0x00300BA0,96
e2d_id26_type03,0x00300BA0,0x00300C00,96
e2d_id26_type04,0x00300C00,0x00300C58,88
e2d_id28_type00,0x00300C60,0x00300C78,24
e2d_id28_type01,0x00300D20,0x00300D38,24
e2d_id28_type02,0x00300D60,0x00300D78,24
e2d_id28_type03,0x00300E00,0x00300E18,24
e2d_id28_type04,0x00300E90,0x00300EA8,24
e2d_id28_type05,0x00300F50,0x00300F68,24
e2d_id28_type06,0x00301010,0x0030103C,44
e2d_id28_type07,0x003010E0,0x0030110C,44
e2d_id28_type08,0x003011B0,0x003011C8,24
e2d_id28_type09,0x00301270,0x00301288,24
e2d_id28_type0a,0x00301340,0x00301358,24
e2d_id28_type0b,0x00301400,0x00301418,24
e2d_id28_type0c,0x003014D0,0x003014E8,24
e2d_id29_com_item_light,0x003015C0,0x003015EC,44
e2d_id29_type00,0x003015F0,0x003015F8,8
e2d_id29_type01,0x00301600,0x00301628,40
e2d_id29_type02,0x00301640,0x00301674,52
e2d_id2a_type09,0x00301680,0x0030168C,12
e2d_id2c_type00,0x00301690,0x003016F8,104
e2d_id2c_type01,0x00301730,0x0030176C,60
e2d_id2c_type02,0x003017B0,0x003017EC,60
e2d_id2c_type06,0x00301830,0x00301864,52
e2d_id2c_type26,0x00301870,0x003018A4,52
e2d_id2d_type00,0x003018B0,0x00301914,100
e2d_id2d_type01,0x00301920,0x00301988,104
e2d_id2d_type02,0x00301990,0x003019D4,68
e2d_id2d_type03,0x003019E0,0x00301A24,68
e2d_id2d_type04,0x00301A30,0x00301A80,80
FUN_00301a80,0x00301A80,0x00301A94,20
e2d_id2d_type05,0x00301AA0,0x00301B04,100
e2d_id2e_type00,0x00301B10,0x00301B74,100
e2d_id2e_type01,0x00301B80,0x00301BE0,96
e2d_id2e_type02,0x00301BE0,0x00301C40,96
e2d_id2e_type03,0x00301C40,0x00301CA0,96
e2d_id2f_type00,0x00301CA0,0x00301D20,128
FUN_00301d20,0x00301D20,0x00301D24,4
e2d_id2f_type01,0x00301D80,0x00301E04,132
e2d_id2f_type02,0x00301E60,0x00301EC0,96
FUN_00301ec0,0x00301EC0,0x00301EEC,44
e2d_id2f_type03,0x00301F40,0x00301F60,32
e2d_id2f_type04,0x00301F70,0x00301F90,32
e2d_id2f_type05,0x00301FA0,0x00301FC0,32
e2d_id30_type00,0x00301FD0,0x00302018,72
FUN_00302060,0x00302060,0x00302088,40
e2d_id33_type00,0x003020A0,0x00302120,128
e2d_id34_type00,0x00302120,0x00302140,32
e2d_id34_type01,0x00302140,0x0030215C,28
e2d_id34_type02,0x00302160,0x0030217C,28
e2d_id34_type03,0x00302180,0x0030219C,28
e2d_id35_type00,0x003021A0,0x003021B4,20
e2d_id36_type00,0x003021C0,0x003021DC,28
e2d_id38_type00,0x003021E0,0x003021FC,28
e2d_id39_type00,0x00302200,0x00302220,32
e2d_id3a_type00,0x00302220,0x0030222C,12
e2d_id3b_type00,0x00302230,0x00302244,20
e2d_id3c_type00,0x00302250,0x003022B0,96
e2d_id3d_type00,0x003022F0,0x00302350,96
e2d_id3f_type00,0x00302390,0x00302398,8
e2d_id40_type00,0x003023A0,0x003023A8,8
e2d_id40_type01,0x003023B0,0x003023B8,8
e2d_id41_type00,0x003023C0,0x003023C8,8
e2d_id42_type00,0x003023D0,0x003023D8,8
e2d_id43_type00,0x003023E0,0x003023E8,8
e2d_id44_type00,0x003023F0,0x00302448,88
e2d_id44_type01,0x00302450,0x003024A8,88
e2d_id44_type02,0x003024B0,0x0030251C,108
e2d_id44_type03,0x00302520,0x0030258C,108
e2d_id44_type04,0x00302590,0x00302600,112
e2d_id44_type05,0x00302600,0x00302664,100
e2d_id44_type06,0x00302670,0x003026DC,108
e2d_id44_type08,0x003026E0,0x00302714,52
e2d_id44_type09,0x00302760,0x00302794,52
e2d_id45_type00,0x00302810,0x00302848,56
e2d_id45_type01,0x00302850,0x00302888,56
e2d_id45_type02,0x00302890,0x003028F4,100
e2d_id45_type03,0x00302900,0x0030295C,92
e2d_id45_type04,0x003029A0,0x003029F4,84
e2d_id45_type05,0x00302A00,0x00302A70,112
FUN_00302a80,0x00302A80,0x00302A90,16
e2d_id45_type06,0x00302A90,0x00302AE4,84
e2d_id46_type00,0x00302BA0,0x00302BC0,32
e2d_id47_type00,0x00302BC0,0x00302BCC,12
e2d_id48_type00,0x00302BD0,0x00302BF0,32
e2d_id48_type01,0x00302BF0,0x00302C50,96
e2d_id48_type02,0x00302C50,0x00302D20,208
e2d_id48_type06,0x00302DB0,0x00302E74,196
e2d_id48_type04,0x00302F00,0x00302F28,40
e2d_id48_type05,0x00302F30,0x00302F74,68
e2d_id48_type03,0x00302F80,0x00302FBC,60
e2d_id48_type07,0x00303060,0x00303124,196
e2d_id48_type08,0x003031B0,0x003031C0,16
FUN_003031c0,0x003031C0,0x00303278,184
e2d_id48_type09,0x00303300,0x00303314,20
e2d_id48_type0a,0x00303440,0x00303454,20
e2d_id48_type0b,0x00303590,0x003035A4,20
e2d_id48_type0c,0x003036E0,0x003036F4,20
e2d_id48_type0d,0x00303820,0x00303834,20
e2d_id48_type0e,0x00303920,0x00303934,20
FUN_003039e0,0x003039E0,0x003039F4,20
e2d_id49_com_light,0x00303A10,0x00303A44,52
e2d_id49_type00,0x00303A50,0x00303A5C,12
e2d_id49_type01,0x00303A60,0x00303A70,16
e2d_id49_type02,0x00303AA0,0x00303AB0,16
e2d_id49_type03,0x00303AD0,0x00303AE0,16
e2d_id49_type04,0x00303B00,0x00303B08,8
e2d_id49_type05,0x00303B10,0x00303B20,16
e2d_id49_type06,0x00303B40,0x00303B6C,44
e2d_id49_type07,0x00303BE0,0x00303C0C,44
e2d_id49_type08,0x00303C80,0x00303CAC,44
e2d_id49_type09,0x00303D10,0x00303D54,68
e2d_id49_type0a,0x00303D90,0x00303DD0,64
e2d_id49_type0b,0x00303DD0,0x00303E10,64
e2d_id49_type0c,0x00303E10,0x00303E54,68
e2d_id49_type0d,0x00303E60,0x00303EA4,68
e2d_id49_type13,0x00303EB0,0x00303EC0,16
e2d_id4a_type00,0x00303EF0,0x00303F40,80
e2d_id4a_type01,0x00303FC0,0x00303FD4,20
e2d_id4b_type00,0x00303FE0,0x00304028,72
e2d_id4b_type01,0x00304030,0x0030406C,60
e2d_id4b_type02,0x00304070,0x003040C0,80
e2d_id4c_type00,0x003040C0,0x003040E0,32
e2d_id4c_type01,0x003040E0,0x00304108,40
e2d_id4e_type00,0x00304110,0x0030411C,12
e2d_id4e_type04,0x00304120,0x00304134,20
e2d_id4e_type05,0x003041B0,0x003041C4,20
e2d_id4f_type00,0x00304250,0x0030425C,12
e2d_id4f_type01,0x00304260,0x003042D0,112
e2d_id50_type00,0x003042D0,0x003042DC,12
e2d_id50_type01,0x003042E0,0x0030431C,60
e2d_id50_type02,0x00304320,0x00304368,72
e2d_id51_type00,0x00304370,0x0030437C,12
e2d_id51_type01,0x00304380,0x003043F4,116
e2d_id51_type02,0x00304400,0x00304478,120
e2d_id52_type00,0x00304480,0x00304488,8
e2d_id53_type00,0x00304490,0x00304498,8
e2d_id54_type00,0x003044A0,0x003044A8,8
e2d_id55_com_smoke00,0x003044B0,0x00304568,184
e2d_id55_com_smoke01,0x00304570,0x003045C8,88
e2d_id55_type00,0x00304650,0x0030466C,28
e2d_id55_type01,0x00304680,0x0030469C,28
e2d_id55_type02,0x003046D0,0x003046EC,28
e2d_id55_type03,0x00304730,0x0030474C,28
e2d_id55_type04,0x00304780,0x0030479C,28
e2d_id55_type05,0x003047E0,0x003047FC,28
e2d_id55_type06,0x00304810,0x00304878,104
e2d_id55_type07,0x003048F0,0x00304920,48
FUN_00304920,0x00304920,0x0030495C,60
e2d_id55_type08,0x003049E0,0x00304A48,104
e2d_id55_type09,0x00304AC0,0x00304B60,160
e2d_id55_type0a,0x00304BC0,0x00304C28,104
e2d_id55_type0b,0x00304CA0,0x00304D04,100
e2d_id55_type0c,0x00304D80,0x00304DE8,104
e2d_id55_type0d,0x00304E70,0x00304ECC,92
e2d_id55_type0e,0x00304F50,0x00304FE4,148
e2d_id55_type0f,0x00304FF0,0x0030504C,92
e2d_id55_type10,0x003050D0,0x0030512C,92
e2d_id55_type11,0x003051B0,0x0030520C,92
e2d_id56_type00,0x00305290,0x00305298,8
e2d_id57_type00,0x003052A0,0x003052CC,44
e2d_id57_type01,0x003052D0,0x003052FC,44
e2d_id57_type02,0x00305300,0x00305328,40
e2d_id57_type03,0x00305330,0x00305364,52
e2d_id57_type04,0x00305370,0x003053B0,64
e2d_id57_type05,0x003053B0,0x003053D8,40
e2d_id57_type06,0x003053E0,0x00305408,40
e2d_id57_type07,0x00305410,0x0030543C,44
e2d_id57_type08,0x00305440,0x0030547C,60
e2d_id57_type09,0x00305480,0x0030549C,28
e2d_id57_type0a,0x003054A0,0x003054D0,48
e2d_id57_type0b,0x003054D0,0x00305500,48
e2d_id57_type0c,0x00305500,0x0030550C,12
e2d_id57_type0d,0x00305510,0x00305544,52
e2d_id57_type0e,0x00305550,0x0030556C,28
e2d_id57_type0f,0x00305570,0x003055AC,60
e2d_id57_type10,0x003055B0,0x003055D0,32
e2d_id57_type11,0x003055D0,0x00305608,56
e2d_id57_type12,0x00305610,0x00305660,80
e2d_id57_type13,0x00305660,0x00305698,56
e2d_id57_type14,0x003056A0,0x003056E8,72
e2d_id58_com_start_transformation,0x003056F0,0x00305740,80
e2d_id58_com_end_transformation,0x00305740,0x00305794,84
e2d_id58_com_item_light,0x003057A0,0x003057D0,48
e2d_id58_type00,0x00305820,0x00305884,100
e2d_id58_type01,0x003058C0,0x003058D4,20
e2d_id58_type02,0x00305930,0x00305944,20
e2d_id58_type03,0x003059A0,0x003059B4,20
e2d_id58_type04,0x00305A10,0x00305A38,40
e2d_id58_type05,0x00305AB0,0x00305ADC,44
e2d_id58_type06,0x00305B20,0x00305B4C,44
e2d_id58_type07,0x00305B90,0x00305BB0,32
e2d_id58_type08,0x00305C00,0x00305C60,96
e2d_id58_type09,0x00305CA0,0x00305CB4,20
e2d_id58_type0a,0x00305D20,0x00305D34,20
FUN_00305d60,0x00305D60,0x00305D68,8
e2d_id58_type0b,0x00305DA0,0x00305DB4,20
e2d_id58_type0c,0x00305E20,0x00305E80,96
FUN_00305e80,0x00305E80,0x00305E9C,28
e2d_id58_type0d,0x00305ED0,0x00305EE4,20
e2d_id58_type0e,0x00305F60,0x00305F74,20
FUN_00305fe0,0x00305FE0,0x00305FF0,16
e2d_id58_type0f,0x00305FF0,0x00306004,20
e2d_id58_type10,0x00306070,0x003060D8,104
e2d_id58_type11,0x00306120,0x00306134,20
e2d_id58_type12,0x003061B0,0x003061C4,20
e2d_id58_type13,0x00306240,0x00306254,20
e2d_id58_type14,0x003062C0,0x003062E8,40
e2d_id58_type15,0x00306370,0x0030639C,44
e2d_id58_type16,0x00306400,0x0030642C,44
e2d_id58_type17,0x00306490,0x003064B0,32
e2d_id58_type18,0x00306510,0x003065A0,144
e2d_id58_type19,0x003065F0,0x00306680,144
e2d_id58_type1a,0x003066D0,0x00306754,132
e2d_id58_type1b,0x003067A0,0x00306824,132
e2d_id58_type1c,0x00306870,0x003068F4,132
e2d_id58_type1d,0x00306940,0x003069B8,120
e2d_id58_type1e,0x00306A00,0x00306A14,20
e2d_id58_type1f,0x00306A50,0x00306A64,20
e2d_id58_type20,0x00306AA0,0x00306AB4,20
e2d_id58_type21,0x00306AE0,0x00306AF4,20
e2d_id58_type22,0x00306B10,0x00306B24,20
e2d_id58_type23,0x00306B40,0x00306B48,8
e2d_id58_type24,0x00306B50,0x00306B64,20
e2d_id58_type25,0x00306BA0,0x00306BB4,20
e2d_id58_type26,0x00306BF0,0x00306C04,20
e2d_id58_type27,0x00306C30,0x00306C44,20
e2d_id58_type28,0x00306C80,0x00306C94,20
e2d_id58_type29,0x00306CD0,0x00306CE4,20
e2d_id58_type2a,0x00306D10,0x00306D24,20
e2d_id58_type2b,0x00306D60,0x00306D74,20
e2d_id58_type2c,0x00306DB0,0x00306DC4,20
e2d_id58_type2d,0x00306DF0,0x00306E58,104
e2d_id58_type2e,0x00306E90,0x00306EA4,20
e2d_id58_type2f,0x00306F20,0x00306F34,20
e2d_id58_type30,0x00306FB0,0x00306FC4,20
e2d_id58_type31,0x00307030,0x00307058,40
e2d_id58_type32,0x003070E0,0x00307114,52
e2d_id58_type33,0x00307170,0x003071A4,52
e2d_id58_type34,0x00307200,0x00307228,40
e2d_id58_type35,0x00307280,0x00307290,16
e2d_id58_type36,0x00307310,0x00307320,16
e2d_id58_type37,0x003073A0,0x003073B0,16
e2d_id58_type38,0x00307420,0x00307430,16
e2d_id58_type39,0x003074A0,0x0030751C,124
e2d_id58_type3a,0x00307550,0x00307564,20
e2d_id58_type3b,0x00307600,0x00307614,20
e2d_id58_type3c,0x003076B0,0x003076C4,20
e2d_id58_type3d,0x00307750,0x003077C0,112
e2d_id58_type3e,0x003077F0,0x00307804,20
e2d_id58_type3f,0x003078A0,0x003078B4,20
e2d_id58_type40,0x00307950,0x00307964,20
e2d_id58_type41,0x003079F0,0x00307A40,80
e2d_id58_type42,0x00307AB0,0x00307B00,80
e2d_id58_type43,0x00307B70,0x00307BC0,80
e2d_id58_type44,0x00307C20,0x00307C70,80
e2d_id58_type45,0x00307CE0,0x00307D30,80
e2d_id58_type46,0x00307DA0,0x00307DF0,80
e2d_id58_type47,0x00307E50,0x00307EBC,108
e2d_id58_type48,0x00307EF0,0x00307F5C,108
e2d_id58_type49,0x00307FA0,0x00307FE8,72
e2d_id58_type4a,0x00308050,0x00308098,72
e2d_id58_type4b,0x00308100,0x00308148,72
e2d_id58_type4c,0x003081B0,0x00308200,80
e2d_id58_type4d,0x00308270,0x003082C0,80
e2d_id58_type4e,0x00308330,0x00308380,80
e2d_id58_type4f,0x003083E0,0x00308444,100
e2d_id58_type50,0x00308450,0x0030848C,60
e2d_id58_type51,0x00308500,0x0030853C,60
e2d_id58_type52,0x003085B0,0x003085EC,60
e2d_id58_type53,0x00308650,0x00308680,48
e2d_id58_type54,0x003086F0,0x00308720,48
e2d_id58_type55,0x00308790,0x003087C0,48
e2d_id58_type56,0x00308820,0x0030886C,76
e2d_id58_type57,0x003088C0,0x00308924,100
e2d_id58_type58,0x00308960,0x00308974,20
e2d_id58_type59,0x003089E0,0x003089F4,20
e2d_id58_type5a,0x00308A60,0x00308A74,20
e2d_id58_type5b,0x00308AD0,0x00308AF8,40
e2d_id58_type5c,0x00308B70,0x00308B9C,44
e2d_id58_type5d,0x00308C00,0x00308C2C,44
e2d_id58_type5e,0x00308C90,0x00308CB0,32
e2d_id58_type5f,0x00308D10,0x00308D70,96
e2d_id58_type60,0x00308D70,0x00308DDC,108
e2d_id58_type61,0x00308E50,0x00308EBC,108
e2d_id58_type62,0x00308F30,0x00308F9C,108
e2d_id58_type63,0x00309000,0x0030907C,124
e2d_id59_type00,0x003090B0,0x003090BC,12
e2d_id59_type01,0x003090C0,0x00309134,116
e2d_id5a_type00,0x00309140,0x00309174,52
e2d_id5a_type01,0x00309210,0x00309244,52
e2d_id5a_type02,0x003092E0,0x00309310,48
e2d_id5a_type03,0x003093B0,0x003093DC,44
e2d_id5a_type04,0x00309480,0x003094B4,52
e2d_id5a_type05,0x00309550,0x00309584,52
e2d_id5b_type00,0x00309620,0x00309628,8
e2d_id5b_type01,0x00309630,0x00309660,48
e2d_id5b_type02,0x00309690,0x003096C0,48
e2d_id5c_type00,0x003096C0,0x00309704,68
e2d_id5c_type01,0x00309820,0x0030985C,60
e2d_id5c_type02,0x00309990,0x003099A4,20
e2d_id5c_type03,0x00309AE0,0x00309AF4,20
e2d_id5c_type04,0x00309C20,0x00309C50,48
e2d_id5c_type05,0x00309D80,0x00309DBC,60
e2d_id5c_type06,0x00309EF0,0x00309F0C,28
e2d_id5c_type07,0x0030A050,0x0030A104,180
e2d_id5c_type08,0x0030A110,0x0030A1C8,184
e2d_id5c_type09,0x0030A1D0,0x0030A1E4,20
e2d_id5c_type0a,0x0030A2B0,0x0030A2C4,20
e2d_id5c_type0b,0x0030A400,0x0030A424,36
e2d_id5c_type0c,0x0030A530,0x0030A554,36
e2d_id5c_type0d,0x0030A630,0x0030A644,20
e2d_id5c_type0e,0x0030A760,0x0030A764,4
e2d_id5c_type0f,0x0030A860,0x0030A91C,188
e2d_id5c_type10,0x0030A920,0x0030A9AC,140
e2d_id5c_type11,0x0030AA40,0x0030AA84,68
e2d_id5c_type12,0x0030AB80,0x0030AC0C,140
e2d_id5c_type13,0x0030AC90,0x0030ACA4,20
e2d_id5c_type14,0x0030AE10,0x0030AE24,20
e2d_id5c_type15,0x0030AF90,0x0030AFA4,20
e2d_id5c_type16,0x0030B110,0x0030B1C0,176
e2d_id5c_type17,0x0030B1C0,0x0030B204,68
e2d_id5c_type18,0x0030B330,0x0030B374,68
e2d_id5c_type19,0x0030B4A0,0x0030B528,136
e2d_id5c_type1a,0x0030B650,0x0030B6D8,136
e2d_id5c_type1b,0x0030B800,0x0030B888,136
e2d_id5c_type1c,0x0030B980,0x0030BA04,132
e2d_id5c_type1d,0x0030BB00,0x0030BB14,20
e2d_id5c_type1e,0x0030BC40,0x0030BD38,248
e2d_id5c_type1f,0x0030BD40,0x0030BE30,240
e2d_id5c_type20,0x0030BE30,0x0030BEBC,140
e2d_id5c_type21,0x0030BF70,0x0030BFFC,140
e2d_id5c_type22,0x0030C0B0,0x0030C13C,140
e2d_id5c_type23,0x0030C1E0,0x0030C268,136
e2d_id5c_type24,0x0030C360,0x0030C460,256
e2d_id5c_type25,0x0030C560,0x0030C660,256
e2d_id5c_type26,0x0030C760,0x0030C848,232
e2d_id5c_type27,0x0030C850,0x0030C864,20
e2d_id5c_type28,0x0030C9B0,0x0030C9B4,4
e2d_id5c_type29,0x0030CAE0,0x0030CB34,84
e2d_id5c_type2a,0x0030CC00,0x0030CC54,84
e2d_id5c_type2b,0x0030CD20,0x0030CD78,88
e2d_id5c_type2c,0x0030CE40,0x0030CE84,68
e2d_id5c_type2d,0x0030CF70,0x0030CFB4,68
e2d_id5c_type2e,0x0030D0A0,0x0030D0B4,20
e2d_id5c_type2f,0x0030D1B0,0x0030D1C4,20
e2d_id5c_type30,0x0030D2C0,0x0030D2D4,20
e2d_id5c_type31,0x0030D3C0,0x0030D3FC,60
e2d_id5c_type32,0x0030D4F0,0x0030D52C,60
e2d_id5c_type33,0x0030D620,0x0030D624,4
e2d_id5c_type34,0x0030D760,0x0030D774,20
e2d_id5c_type35,0x0030D870,0x0030D88C,28
e2d_id5c_type36,0x0030D9F0,0x0030DA04,20
e2d_id5c_type37,0x0030DB40,0x0030DBD4,148
e2d_id5d_type00,0x0030DC40,0x0030DC4C,12
e2d_id5d_type01,0x0030DC50,0x0030DC90,64
e2d_id5d_type02,0x0030DD20,0x0030DD58,56
e2d_id5d_type03,0x0030DE00,0x0030DE30,48
e2d_id5d_type04,0x0030DE80,0x0030DEB0,48
e2d_id5d_type05,0x0030DEF0,0x0030DF68,120
e2d_id5d_type06,0x0030DF70,0x0030DFD8,104
e2d_id5d_type07,0x0030E010,0x0030E078,104
e2d_id5d_type08,0x0030E080,0x0030E0E8,104
e2d_id5d_type09,0x0030E120,0x0030E180,96
e2d_id5d_type0a,0x0030E1C0,0x0030E228,104
e2d_id5d_type0b,0x0030E270,0x0030E2DC,108
e2d_id5e_type00,0x0030E320,0x0030E348,40
e2d_id5e_type01,0x0030E350,0x0030E3BC,108
e2d_id5e_type02,0x0030E410,0x0030E46C,92
e2d_id5e_type03,0x0030E4C0,0x0030E4C4,4
e2d_id5e_type04,0x0030E580,0x0030E5E0,96
e2d_id5e_type05,0x0030E630,0x0030E69C,108
e2d_id5f_type00,0x0030E6F0,0x0030E708,24
e2d_id5f_type01,0x0030E710,0x0030E778,104
e2d_id5f_type02,0x0030E780,0x0030E7EC,108
e2d_id5f_type03,0x0030E7F0,0x0030E888,152
e2d_id60_type00,0x0030E890,0x0030E898,8
e2d_id60_type01,0x0030E8A0,0x0030E8B4,20
e2d_id61_type00,0x0030E950,0x0030E9BC,108
e2d_id61_type01,0x0030E9C0,0x0030EA2C,108
e2d_id61_type02,0x0030EA30,0x0030EA90,96
e2d_id61_type03,0x0030EA90,0x0030EAD0,64
e2d_id61_type04,0x0030EAD0,0x0030EB04,52
FUN_0030eb60,0x0030EB60,0x0030EB7C,28
e2d_id61_type05,0x0030EB90,0x0030EBFC,108
e2d_id61_type06,0x0030EC00,0x0030EC74,116
e2d_id61_type07,0x0030EC90,0x0030ECF4,100
e2d_id61_type08,0x0030ED00,0x0030ED44,68
e2d_id61_type09,0x0030ED50,0x0030ED94,68
e2d_id61_type0a,0x0030EDA0,0x0030EDD0,48
e2d_id61_type0b,0x0030EE60,0x0030EEC4,100
e2d_id61_type0c,0x0030EED0,0x0030EF38,104
e2d_id61_type0d,0x0030EF40,0x0030EF80,64
FUN_0030ef80,0x0030EF80,0x0030EFAC,44
e2d_id61_type0e,0x0030EFB0,0x0030F018,104
e2d_id61_type0f,0x0030F020,0x0030F094,116
e2d_id61_type10,0x0030F0B0,0x0030F0E0,48
FUN_0030f0e0,0x0030F0E0,0x0030F12C,76
e2d_id61_type11,0x0030F130,0x0030F1B8,136
e2d_id61_type12,0x0030F1C0,0x0030F228,104
e2d_id61_type13,0x0030F230,0x0030F240,16
FUN_0030f240,0x0030F240,0x0030F298,88
e2d_id61_type14,0x0030F2A0,0x0030F308,104
e2d_id61_type15,0x0030F310,0x0030F378,104
e2d_id61_type16,0x0030F380,0x0030F3B4,52
e2d_id61_type17,0x0030F420,0x0030F49C,124
e2d_id61_type18,0x0030F4A0,0x0030F504,100
e2d_id61_type19,0x0030F510,0x0030F520,16
FUN_0030f520,0x0030F520,0x0030F578,88
e2d_id61_type1a,0x0030F580,0x0030F5E4,100
e2d_id61_type1b,0x0030F5F0,0x0030F654,100
e2d_id61_type1c,0x0030F660,0x0030F6D0,112
e2d_id61_type1d,0x0030F6F0,0x0030F758,104
e2d_id61_type1e,0x0030F760,0x0030F7C0,96
e2d_id61_type1f,0x0030F7C0,0x0030F7E0,32
FUN_0030f7e0,0x0030F7E0,0x0030F824,68
e2d_id61_type20,0x0030F830,0x0030F8A0,112
e2d_id61_type21,0x0030F8A0,0x0030F90C,108
e2d_id62_type00,0x0030F910,0x0030F920,16
FUN_0030f920,0x0030F920,0x0030F97C,92
e2d_id62_type01,0x0030F980,0x0030F9F0,112
e2d_id62_type02,0x0030F9F0,0x0030FA50,96
e2d_id62_type03,0x0030FA50,0x0030FA80,48
FUN_0030fa80,0x0030FA80,0x0030FA90,16
e2d_id62_type04,0x0030FA90,0x0030FAC4,52
e2d_id62_type05,0x0030FB50,0x0030FBBC,108
e2d_id62_type06,0x0030FBC0,0x0030FC20,96
FUN_0030fc20,0x0030FC20,0x0030FC34,20
e2d_id62_type07,0x0030FC50,0x0030FCB4,100
e2d_id62_type08,0x0030FCC0,0x0030FD04,68
e2d_id62_type09,0x0030FD10,0x0030FD44,52
e2d_id62_type0a,0x0030FDD0,0x0030FE34,100
e2d_id62_type0b,0x0030FE40,0x0030FE70,48
FUN_0030fea0,0x0030FEA0,0x0030FEE8,72
e2d_id62_type0c,0x0030FF00,0x0030FF30,48
FUN_0030ff60,0x0030FF60,0x0030FFB0,80
e2d_id62_type0d,0x0030FFC0,0x00310004,68
e2d_id62_type0e,0x003100A0,0x00310108,104
e2d_id62_type0f,0x00310110,0x00310140,48
FUN_00310140,0x00310140,0x0031017C,60
e2d_id62_type10,0x00310180,0x003101E8,104
e2d_id62_type11,0x003101F0,0x00310264,116
e2d_id62_type12,0x00310280,0x003102B0,48
e2d_id62_type13,0x00310350,0x0031037C,44
e2d_id62_type14,0x00310400,0x0031042C,44
e2d_id62_type15,0x003104C0,0x003104EC,44
e2d_id62_type16,0x00310580,0x00310584,4
e2d_id62_type17,0x00310660,0x003106DC,124
e2d_id62_type18,0x003106E0,0x00310768,136
e2d_id62_type19,0x00310770,0x003107D8,104
e2d_id62_type1a,0x003107E0,0x00310848,104
e2d_id62_type1b,0x00310850,0x003108B8,104
e2d_id62_type1c,0x003108C0,0x00310928,104
e2d_id62_type1d,0x00310930,0x00310964,52
e2d_id62_type1e,0x003109D0,0x00310A4C,124
e2d_id62_type1f,0x00310A50,0x00310AB8,104
e2d_id62_type20,0x00310AC0,0x00310B2C,108
e2d_id62_type21,0x00310B30,0x00310B9C,108
e2d_id62_type22,0x00310BA0,0x00310BE4,68
e2d_id62_type23,0x00310C80,0x00310CC4,68
e2d_id62_type24,0x00310D60,0x00310DC4,100
e2d_id62_type25,0x00310DD0,0x00310E40,112
e2d_id62_type26,0x00310E60,0x00310ECC,108
e2d_id62_type27,0x00310ED0,0x00310F30,96
e2d_id62_type28,0x00310F30,0x00310F90,96
e2d_id62_type29,0x00310FB0,0x00311018,104
e2d_id62_type2a,0x00311020,0x00311090,112
e2d_id62_type2b,0x00311090,0x00311100,112
e2d_id62_type2c,0x00311100,0x00311144,68
e2d_id62_type2d,0x003111E0,0x00311224,68
e2d_id63_com_change00,0x003112C0,0x003112E4,36
e2d_id63_type00,0x003112F0,0x003112FC,12
e2d_id63_type01,0x00311300,0x00311330,48
e2d_id63_type02,0x00311340,0x00311370,48
e2d_id63_type03,0x00311380,0x003113D0,80
e2d_id63_type04,0x003113D0,0x00311424,84
e2d_id63_type05,0x00311430,0x0031147C,76
e2d_id63_type06,0x00311480,0x003114D0,80
e2d_id63_type07,0x003114D0,0x003114E0,16
FUN_003114e0,0x003114E0,0x00311524,68
e2d_id63_type08,0x00311530,0x0031158C,92
e2d_id64_type00,0x00311590,0x0031159C,12
e2d_id64_type01,0x003115A0,0x003115D8,56
FUN_00311620,0x00311620,0x0031163C,28
e2d_id64_type02,0x00311670,0x003116A8,56
e2d_id64_type03,0x00311740,0x00311778,56
e2d_id65_type00,0x00311850,0x00311860,16
FUN_00311860,0x00311860,0x00311868,8
e2d_id65_type01,0x00311920,0x00311938,24
e2d_id65_type02,0x003119B0,0x003119C8,24
e2d_id66_type00,0x00311A50,0x00311A58,8
e2d_id66_type01,0x00311A60,0x00311A74,20
e2d_id67_type00,0x00311B00,0x00311B58,88
e2d_id67_type01,0x00311B60,0x00311B94,52
e2d_id67_type02,0x00311C30,0x00311C60,48
FUN_00311c60,0x00311C60,0x00311C64,4
e2d_id67_type03,0x00311CF0,0x00311D18,40
e2d_id67_type04,0x00311D80,0x00311DB0,48
e2d_id67_type05,0x00311E40,0x00311E70,48
e2d_id67_type06,0x00311F00,0x00311F54,84
e2d_id67_type07,0x00311F60,0x00311F90,48
e2d_id67_type08,0x00312030,0x00312038,8
e2d_id68_type00,0x00312040,0x00312048,8
e2d_id69_type00,0x00312050,0x00312078,40
e2d_id69_type01,0x00312100,0x00312174,112
e2d_id69_type02,0x00312180,0x003121F8,116
e2d_id69_type03,0x00312200,0x00312220,32
FUN_00312220,0x00312220,0x00312244,36
e2d_id69_type04,0x00312280,0x003122C8,72
e2d_id69_type05,0x00312300,0x00312344,68
e2d_id69_type06,0x00312380,0x003123C8,72
e2d_id6a_type00,0x00312400,0x00312408,8
e2d_id6a_type01,0x00312410,0x00312418,8
e2d_id6a_type02,0x00312420,0x00312428,8
e2d_id6a_type03,0x00312430,0x00312480,80
e2d_id6a_type04,0x003124C0,0x00312514,84
e2d_id6b_type00,0x00312550,0x00312558,8
e2d_id6b_type01,0x00312560,0x00312580,32
e2d_id6b_type02,0x00312590,0x003125B0,32
e2d_id6b_type03,0x003125C0,0x00312610,80
e2d_id6b_type04,0x00312650,0x003126A0,80
e2d_id6c_type00,0x003126E0,0x003126EC,12
e2d_id6d_type00,0x003126F0,0x0031270C,28
e2d_id6e_type00,0x00312710,0x0031273C,44
e2d_id6e_type01,0x00312740,0x00312794,84
e2d_id6f_type00,0x003127A0,0x003127AC,12
e2d_id6f_type01,0x003127B0,0x00312834,132
e2d_id6f_type02,0x00312840,0x00312870,48
e2d_id6f_type03,0x003128F0,0x00312964,116
e2d_id6f_type04,0x00312970,0x003129F4,132
e2d_id6f_type05,0x00312A00,0x00312A74,116
e2d_id6f_type06,0x00312A80,0x00312AAC,44
e2d_id6f_type07,0x00312B30,0x00312B5C,44
e2d_id6f_type08,0x00312C00,0x00312C3C,60
e2d_id6f_type09,0x00312CE0,0x00312D1C,60
e2d_id6f_type0a,0x00312DB0,0x00312DDC,44
e2d_id6f_type0b,0x00312E70,0x00312EB4,68
e2d_id6f_type0c,0x00312F40,0x00312F70,48
e2d_id6f_type0d,0x00312FF0,0x00313020,48
e2d_id70_type00,0x003130A0,0x003130A8,8
e2d_id70_type01,0x003130B0,0x003130B4,4
e2d_id70_type02,0x003131E0,0x003131E4,4
e2d_id70_type03,0x00313310,0x0031332C,28
e2d_id71_type00,0x00313400,0x00313408,8
e2d_id71_type01,0x00313410,0x00313448,56
e2d_id71_type02,0x00313480,0x003134AC,44
FUN_003134e0,0x003134E0,0x003134E1,1
e2d_id71_type03,0x003134F0,0x00313530,64
e2d_id72_type00,0x00313530,0x0031353C,12
e2d_id72_type01,0x00313540,0x0031355C,28
e2d_id72_type02,0x003135B0,0x003135CC,28
e2d_id72_type03,0x00313630,0x0031365C,44
e2d_id72_type04,0x00313660,0x0031368C,44
e2d_id72_type05,0x00313690,0x003136CC,60
e2d_id72_type06,0x003136D0,0x003136E4,20
e2d_id73_type00,0x00313790,0x003137C0,48
e2d_id73_type01,0x00313860,0x00313894,52
e2d_id73_type02,0x00313930,0x00313938,8
e2d_id73_type03,0x00313940,0x00313970,48
e2d_id73_type04,0x00313A10,0x00313A3C,44
e2d_id73_type05,0x00313AE0,0x00313B10,48
e2d_id73_type06,0x00313BB0,0x00313BE4,52
e2d_id73_type07,0x00313C80,0x00313CAC,44
e2d_id74_type00,0x00313D50,0x00313D58,8
e2d_id74_type01,0x00313D60,0x00313D68,8
e2d_id74_type02,0x00313D70,0x00313D78,8
e2d_id74_type03,0x00313D80,0x00313D88,8
e2d_id74_type04,0x00313D90,0x00313D98,8
e2d_id74_type05,0x00313DA0,0x00313DA8,8
e2d_id74_type06,0x00313DB0,0x00313DB8,8
e2d_id74_type07,0x00313DC0,0x00313DC8,8
e2d_id75_type00,0x00313DD0,0x00313DD8,8
e2d_id75_type01,0x00313DE0,0x00313E08,40
e2d_id75_type02,0x00313ED0,0x00313EEC,28
e2d_id76_type00,0x00313FB0,0x00313FE4,52
e2d_id77_type00,0x00314090,0x0031409C,12
e2d_id78_type00,0x003140A0,0x003140DC,60
e2d_id78_type01,0x003141C0,0x003141FC,60
e2d_id78_type02,0x003142E0,0x0031431C,60
e2d_id78_type03,0x00314400,0x0031443C,60
FUN_003144e0,0x003144E0,0x003144E8,8
e2d_id78_type04,0x00314530,0x0031456C,60
e2d_id78_type05,0x00314650,0x0031468C,60
e2d_id79_type00,0x00314770,0x00314784,20
e2d_id79_type01,0x00314840,0x00314854,20
e2d_id79_type02,0x003148E0,0x003148F4,20
e2d_id79_type03,0x003149B0,0x003149C4,20
e2d_id79_type04,0x00314A80,0x00314A94,20
e2d_id79_type05,0x00314B50,0x00314B64,20
e2d_id79_type06,0x00314C20,0x00314C34,20
e2d_id79_type07,0x00314D00,0x00314D14,20
e2d_id79_type08,0x00314DD0,0x00314DE4,20
e2d_id79_type09,0x00314ED0,0x00314EE4,20
e2d_id79_type0a,0x00314FD0,0x00315000,48
e2d_id79_type0b,0x00315000,0x00315030,48
e2d_id79_type0c,0x00315030,0x00315044,20
e2d_id79_type0d,0x003150F0,0x00315104,20
e2d_id79_type0e,0x003151B0,0x00315254,164
e2d_id79_type0f,0x003152F0,0x00315304,20
e2d_id79_type10,0x003153A0,0x003153EC,76
e2d_id79_type11,0x003153F0,0x00315460,112
e2d_id79_type12,0x00315460,0x003154DC,124
e2d_id79_type13,0x003154E0,0x00315554,116
e2d_id79_type14,0x00315560,0x003155D8,120
e2d_id79_type15,0x003155E0,0x003155F4,20
e2d_id79_type16,0x003156A0,0x003156B4,20
e2d_id7a_type00,0x00315760,0x0031576C,12
e2d_id7a_type01,0x00315770,0x00315784,20
e2d_id7a_type02,0x00315820,0x00315834,20
e2d_id7a_type03,0x003158F0,0x00315904,20
e2d_id7b_type00,0x003159A0,0x003159E0,64
e2d_id7c_type00,0x00315A40,0x00315A4C,12
e2d_id7c_type01,0x00315A50,0x00315A6C,28
e2d_id7d_type00,0x00315AB0,0x00315ABC,12
e2d_id7e_type00,0x00315AC0,0x00315AD4,20
e2d_id7f_type00,0x00315B80,0x00315B8C,12
e2d_id80_type00,0x00315B90,0x00315BA4,20
e2d_id81_type00,0x00315BB0,0x00315BCC,28
e2d_id81_type01,0x00315C70,0x00315CA4,52
e2d_id81_type02,0x00315D70,0x00315D94,36
e2d_id82_type00,0x00315E60,0x00315E84,36
e2d_id82_type01,0x00315F10,0x00315F34,36
e2d_id82_type02,0x00315FC0,0x00315FE4,36
e2d_id82_type03,0x00316070,0x00316094,36
e2d_id82_type04,0x00316120,0x0031613C,28
e2d_id83_type00,0x00316210,0x00316234,36
e2d_id84_type00,0x00316360,0x0031637C,28
e2d_id85_type00,0x003164F0,0x0031654C,92
e2d_id85_type01,0x003165A0,0x003165FC,92
e2d_id85_type02,0x00316650,0x003166AC,92
e2d_id85_type03,0x00316700,0x0031675C,92
e2d_id85_type04,0x003167B0,0x003167D4,36
e2d_id85_type06,0x00316860,0x0031687C,28
e2d_id85_type07,0x003168F0,0x00316958,104
e2d_id85_type08,0x00316960,0x003169CC,108
e2d_id86_type00,0x003169D0,0x003169DC,12
e2d_id87_type00,0x003169E0,0x00316A84,164
e2d_id8a_type00,0x00316A90,0x00316AC4,52
e2d_id88_type00,0x00316AD0,0x00316B44,116
e2d_id89_type00,0x00316B90,0x00316BC0,48
e2d_id89_type01,0x00316DB0,0x00316DE4,52
e2d_id89_type02,0x00316FE0,0x00317014,52
e2d_id89_type03,0x00317210,0x00317240,48
e2d_id89_type04,0x00317480,0x003174B0,48
e2d_id89_type05,0x003176B0,0x003176E4,52
e2d_id89_type06,0x003178F0,0x00317924,52
e2d_id89_type07,0x00317B30,0x00317B64,52
e2d_id89_type08,0x00317C70,0x00317CAC,60
e2d_id89_type09,0x00317E80,0x00317EBC,60
e2d_id89_type0a,0x00318040,0x003180B0,112
e2d_id8d_type00,0x00318230,0x00318260,48
e2d_id8e_type00,0x00318350,0x0031849C,332
e2d_id8e_type01,0x003184B0,0x003185EC,316
e2d_id8e_type02,0x00318600,0x003186E8,232
e2d_id8e_type03,0x00318770,0x0031888C,284
e2d_id8e_type04,0x00318890,0x003189A4,276
e2d_id8f_type00,0x003189B0,0x00318A74,196
e2d_id8f_type01,0x00318AB0,0x00318B8C,220
e2d_id8f_type02,0x00318BD0,0x00318C20,80
e2d_id8f_type03,0x00318DB0,0x00318E00,80
e2d_id8f_type04,0x00318F90,0x00318FE0,80
e2d_id8f_type05,0x00319170,0x003191C0,80
e2d_id8f_type06,0x00319350,0x00319398,72
e2d_id8f_type07,0x00319530,0x00319578,72
e2d_id8f_type08,0x003196E0,0x00319728,72
e2d_id8f_type09,0x00319890,0x003198D8,72
e2d_id91_type00,0x00319A40,0x00319A84,68
e2d_id91_type01,0x00319A90,0x00319AD4,68
e2d_id91_type02,0x00319AE0,0x00319B7C,152
e2d_id91_type03,0x00319B80,0x00319BD0,80
e2d_id91_type05,0x00319BD0,0x00319C2C,92
e2d_id91_type04,0x00319C30,0x00319C64,52
e2d_id91_type06,0x00319C70,0x00319CB0,64
e2d_id93_type00,0x00319CB0,0x00319CF8,72
e2d_id93_type01,0x00319D00,0x00319D1C,28
e2d_id93_type02,0x00319E40,0x00319E44,4
e2d_id93_type03,0x00319F70,0x00319F8C,28
e2d_id94_type00,0x0031A0B0,0x0031A0CC,28
e2d_id95_type00,0x0031A110,0x0031A13C,44
e2d_id96_type00,0x0031A140,0x0031A19C,92
e2d_id96_type01,0x0031A1A0,0x0031A284,228
e2d_id97_type00,0x0031A290,0x0031A2AC,28
e2d_id98_type00,0x0031A2B0,0x0031A2F0,64
e2d_id98_type01,0x0031A2F0,0x0031A334,68
e2d_id98_type02,0x0031A340,0x0031A384,68
e2d_id98_type03,0x0031A390,0x0031A3D4,68
e2d_id98_type04,0x0031A3E0,0x0031A424,68
e2d_id98_type05,0x0031A430,0x0031A474,68
e2d_id98_type06,0x0031A480,0x0031A4C4,68
e2d_id98_type07,0x0031A4D0,0x0031A514,68
e2d_id98_type08,0x0031A520,0x0031A540,32
e2d_id98_type09,0x0031A540,0x0031A564,36
e2d_id98_type0a,0x0031A570,0x0031A594,36
e2d_id98_type0b,0x0031A5A0,0x0031A5C4,36
e2d_id98_type0c,0x0031A5D0,0x0031A5F4,36
e2d_id98_type0d,0x0031A600,0x0031A624,36
e2d_id98_type0e,0x0031A630,0x0031A654,36
e2d_id98_type0f,0x0031A660,0x0031A684,36
e2d_id98_type10,0x0031A690,0x0031A6C4,52
e2d_id98_type11,0x0031A6D0,0x0031A708,56
e2d_id98_type12,0x0031A710,0x0031A748,56
e2d_id98_type13,0x0031A750,0x0031A788,56
e2d_id98_type14,0x0031A790,0x0031A7C8,56
e2d_id98_type15,0x0031A7D0,0x0031A808,56
e2d_id98_type16,0x0031A810,0x0031A848,56
e2d_id98_type17,0x0031A850,0x0031A888,56
e2d_id98_type18,0x0031A890,0x0031A8DC,76
e2d_id98_type19,0x0031A8E0,0x0031A8F0,16
e2d_id98_type1a,0x0031A8F0,0x0031A904,20
e2d_id98_type1b,0x0031A910,0x0031A924,20
e2d_id98_type1c,0x0031A930,0x0031A944,20
e2d_id98_type1d,0x0031A950,0x0031A964,20
e2d_id98_type1e,0x0031A970,0x0031A984,20
e2d_id98_type1f,0x0031A990,0x0031A9A4,20
e2d_id98_type20,0x0031A9B0,0x0031A9C4,20
e2d_id99_type00,0x0031A9D0,0x0031A9EC,28
e2d_id9b_type00,0x0031AA80,0x0031AAC0,64
e2d_id9b_type01,0x0031AAC0,0x0031AAE0,32
e2d_id9b_type02,0x0031AAE0,0x0031AB14,52
e2d_id9b_type03,0x0031AB20,0x0031AB5C,60
e2d_id9b_type04,0x0031AB60,0x0031AB78,24
e2d_id9d_type00,0x0031AB80,0x0031ABC4,68
e2d_id9e_type00,0x0031ACC0,0x0031AD04,68
e2d_id9f_type00,0x0031AE00,0x0031AE34,52
e2d_id9f_type01,0x0031AE40,0x0031AE78,56
e2d_id9f_type02,0x0031AE80,0x0031AEB4,52
e2d_id9f_type03,0x0031AEC0,0x0031AEF4,52
e2d_id9f_type04,0x0031AF00,0x0031AF34,52
e2d_id9f_type05,0x0031AF40,0x0031AF74,52
e2d_id9f_type06,0x0031AF80,0x0031AFB4,52
e2d_id9f_type07,0x0031AFC0,0x0031AFF4,52
e2d_ida0_type00,0x0031B000,0x0031B008,8
e2d_ida0_type01,0x0031B010,0x0031B090,128
e2d_ida0_type02,0x0031B150,0x0031B1D4,132
e2d_ida0_type03,0x0031B230,0x0031B2AC,124
e2d_ida1_type00,0x0031B390,0x0031B398,8
e2d_ida1_type01,0x0031B3A0,0x0031B3D4,52
e2d_ida1_type02,0x0031B460,0x0031B498,56
e2d_ida1_type03,0x0031B520,0x0031B54C,44
e2d_ida1_type04,0x0031B5D0,0x0031B604,52
e2d_ida1_type05,0x0031B690,0x0031B6CC,60
e2d_ida1_type06,0x0031B750,0x0031B7B0,96
e2d_ida2_type00,0x0031B810,0x0031B818,8
e2d_ida2_type01,0x0031B820,0x0031B868,72
e2d_ida2_type02,0x0031B8F0,0x0031B930,64
e2d_ida2_type03,0x0031B9B0,0x0031BA14,100
e2d_ida2_type04,0x0031BAA0,0x0031BB04,100
e2d_ida2_type05,0x0031BB90,0x0031BBE0,80
e2d_ida2_type06,0x0031BC70,0x0031BCC0,80
e2d_ida2_type07,0x0031BD40,0x0031BDA4,100
e2d_ida3_type00,0x0031BE30,0x0031BE38,8
e2d_ida3_type01,0x0031BE40,0x0031BE68,40
e2d_ida3_type02,0x0031BF50,0x0031BF78,40
e2d_ida3_type03,0x0031C060,0x0031C088,40
e2d_ida3_type04,0x0031C170,0x0031C198,40
e2d_ida3_type05,0x0031C270,0x0031C290,32
e2d_ida3_type06,0x0031C380,0x0031C3A0,32
e2d_ida3_type07,0x0031C490,0x0031C494,4
e2d_ida3_type08,0x0031C5A0,0x0031C5A4,4
e2d_ida3_type09,0x0031C6B0,0x0031C6D0,32
e2d_ida3_type0a,0x0031C7B0,0x0031C7D8,40
e2d_ida3_type0b,0x0031C8C0,0x0031C8E0,32
e2d_ida3_type0c,0x0031C9D0,0x0031C9F0,32
e2d_ida4_type00,0x0031CAE0,0x0031CAE8,8
e2d_ida5_type00,0x0031CAF0,0x0031CAF8,8
e2d_ida5_type05,0x0031CB00,0x0031CB48,72
e2d_ida5_type06,0x0031CBB0,0x0031CC0C,92
e2d_ida5_type07,0x0031CC80,0x0031CCDC,92
e2d_ida5_type08,0x0031CD40,0x0031CDD4,148
e2d_ida6_type00,0x0031CDE0,0x0031CDE8,8
e2d_ida7_type00,0x0031CDF0,0x0031CDF8,8
e2d_ida7_type01,0x0031CE00,0x0031CE04,4
e2d_ida7_type02,0x0031CEC0,0x0031CED4,20
e2d_ida7_type03,0x0031CF50,0x0031CF7C,44
e2d_ida8_type00,0x0031CFD0,0x0031CFD8,8
e2d_ida9_type00,0x0031CFE0,0x0031CFE8,8
e2d_idaa_type00,0x0031CFF0,0x0031D02C,60
e2d_idaa_type01,0x0031D0C0,0x0031D0F8,56
e2d_idaa_type02,0x0031D190,0x0031D1C8,56
e2d_idaa_type03,0x0031D270,0x0031D2B0,64
e2d_idaa_type04,0x0031D340,0x0031D37C,60
e2d_idab_type00,0x0031D420,0x0031D428,8
e2d_idab_type01,0x0031D430,0x0031D490,96
e2d_idac_type00,0x0031D5A0,0x0031D5A8,8
e2d_idad_type00,0x0031D5B0,0x0031D5B8,8
e2d_idad_type01,0x0031D5C0,0x0031D5C8,8
e2d_idad_type02,0x0031D5D0,0x0031D5D8,8
e2d_idad_type03,0x0031D5E0,0x0031D5E8,8
e2d_idae_type00,0x0031D5F0,0x0031D5F8,8
e2d_idae_type01,0x0031D600,0x0031D660,96
e2d_idae_type02,0x0031D6E0,0x0031D730,80
e2d_idae_type03,0x0031D7B0,0x0031D808,88
e2d_idae_type04,0x0031D890,0x0031D8E0,80
e2d_idaf_type00,0x0031D960,0x0031D968,8
e2d_idb0_type00,0x0031D970,0x0031D9B4,68
e2d_idb0_type01,0x0031D9C0,0x0031DA20,96
e2d_idb0_type02,0x0031DA20,0x0031DA88,104
e2d_idb0_type03,0x0031DA90,0x0031DB08,120
e2d_idb0_type04,0x0031DB30,0x0031DB80,80
e2d_idb1_type00,0x0031DC00,0x0031DC40,64
e2d_idb1_type01,0x0031DC40,0x0031DC78,56
e2d_idb1_type02,0x0031DC80,0x0031DCD4,84
e2d_idb2_type00,0x0031DD30,0x0031DD7C,76
e2d_idb3_type00,0x0031DD80,0x0031DD88,8
e2d_idb4_type00,0x0031DD90,0x0031DE50,192
e2d_idb5_type00,0x0031DF00,0x0031DF08,8
e2d_idb6_type00,0x0031DF10,0x0031DF98,136
e2d_idb6_type01,0x0031DFF0,0x0031E094,164
e2d_idb6_type02,0x0031E0A0,0x0031E0E4,68
e2d_idb6_type03,0x0031E160,0x0031E1E0,128
e2d_idb6_type04,0x0031E240,0x0031E2BC,124
e2d_idb6_type05,0x0031E320,0x0031E364,68
e2d_idb6_type06,0x0031E3E0,0x0031E424,68
e2d_idb7_type00,0x0031E4A0,0x0031E4E4,68
e2d_idb7_type01,0x0031E560,0x0031E5A4,68
e2d_idb7_type02,0x0031E620,0x0031E65C,60
e2d_idb7_type03,0x0031E6E0,0x0031E71C,60
e2d_idb8_type00,0x0031E7A0,0x0031E81C,124
e2d_idb8_type01,0x0031E850,0x0031E918,200
e2d_idb8_type02,0x0031E950,0x0031E9D0,128
e2d_idb8_type03,0x0031EA30,0x0031EAF4,196
e2d_idb8_type04,0x0031EB40,0x0031EC04,196
e2d_idb9_type00,0x0031EC50,0x0031EC74,36
e2d_idb9_type01,0x0031ED30,0x0031ED5C,44
e2d_idb9_type02,0x0031EDD0,0x0031EDEC,28
e2d_idba_type00,0x0031EE80,0x0031EE88,8
e2d_idbb_type00,0x0031EE90,0x0031EEAC,28
e2d_idbc_type00,0x0031EEB0,0x0031EF0C,92
e2d_idbd_type00,0x0031EF10,0x0031EF8C,124
e2d_idbe_type00,0x0031EFD0,0x0031F03C,108
e2d_idbf_type00,0x0031F0D0,0x0031F118,72
e2d_idbf_type01,0x0031F120,0x0031F168,72
e2d_idc0_type00,0x0031F170,0x0031F17C,12
e2d_idc0_type01,0x0031F180,0x0031F1C4,68
e2d_idc0_type02,0x0031F1D0,0x0031F214,68
e2d_idc0_type03,0x0031F220,0x0031F254,52
e2d_idc0_type04,0x0031F260,0x0031F2D0,112
e2d_idc0_type05,0x0031F2F0,0x0031F350,96
e2d_idc0_type06,0x0031F350,0x0031F3A0,80
e2d_idc0_type07,0x0031F3A0,0x0031F408,104
e2d_idc0_type08,0x0031F410,0x0031F460,80
e2d_idc1_type00,0x0031F460,0x0031F46C,12
e2d_idc1_type01,0x0031F470,0x0031F494,36
e2d_idc1_type02,0x0031F570,0x0031F594,36
e2d_idc1_type03,0x0031F670,0x0031F694,36
e2d_idc1_type04,0x0031F770,0x0031F794,36
e2d_idc1_type05,0x0031F820,0x0031F84C,44
e2d_idc1_type06,0x0031F8F0,0x0031F90C,28
e2d_idc1_type07,0x0031F9E0,0x0031F9FC,28
e2d_idc1_type08,0x0031FAD0,0x0031FAEC,28
e2d_idc1_type09,0x0031FBC0,0x0031FBE4,36
e2d_idc1_type0a,0x0031FCD0,0x0031FCF4,36
e2d_idc1_type0b,0x0031FDD0,0x0031FDF4,36
e2d_idc1_type0c,0x0031FEB0,0x0031FEDC,44
e2d_idc1_type0d,0x0031FFB0,0x0031FFDC,44
e2d_idc1_type0e,0x003200B0,0x003200DC,44
e2d_idc1_type0f,0x00320190,0x003201BC,44
e2d_idc2_com_column_water,0x003202F0,0x00320348,88
e2d_idc2_type00,0x00320350,0x00320358,8
e2d_idc2_type01,0x00320360,0x003203E0,128
e2d_idc2_type02,0x003203E0,0x0032046C,140
e2d_idc2_type03,0x00320470,0x00320484,20
e2d_idc2_type04,0x003205C0,0x003205C4,4
e2d_idc2_type05,0x00320720,0x00320724,4
e2d_idc2_type06,0x00320880,0x00320894,20
e2d_idc2_type07,0x003209D0,0x003209E4,20
e2d_idc2_type08,0x00320B10,0x00320B14,4
e2d_idc2_type09,0x00320C50,0x00320C64,20
e2d_idc2_type0a,0x00320CF0,0x00320D1C,44
e2d_idc2_type0b,0x00320DD0,0x00320DD4,4
e2d_idc2_type0c,0x00320ED0,0x00320ED4,4
e2d_idc2_type0d,0x00320FD0,0x00320FFC,44
e2d_idc2_type0e,0x003210C0,0x003210D4,20
e2d_idc2_type0f,0x00321200,0x00321204,4
e2d_idc2_type10,0x00321350,0x00321354,4
e2d_idc2_type11,0x003214A0,0x003214B4,20
e2d_idc2_type12,0x003215E0,0x00321660,128
e2d_idc2_type13,0x00321730,0x00321744,20
e2d_idc2_type14,0x00321880,0x00321894,20
e2d_idc2_type15,0x003219D0,0x003219E4,20
e2d_idc2_type16,0x00321B20,0x00321B34,20
e2d_idc2_type17,0x00321C70,0x00321CA8,56
e2d_idc2_type18,0x00321D50,0x00321DA0,80
e2d_idc2_type19,0x00321E70,0x00321EC4,84
e2d_idc2_type1a,0x00321F90,0x00321FD8,72
e2d_idc2_type1b,0x00322090,0x003220F4,100
e2d_idc2_type1c,0x003221C0,0x00322240,128
e2d_idc2_type1d,0x00322240,0x00322254,20
e2d_idc2_type1e,0x003222F0,0x00322330,64
e2d_idc2_type1f,0x00322400,0x0032243C,60
e2d_idc2_type20,0x00322440,0x0032247C,60
e2d_idc2_type21,0x00322480,0x00322508,136
e2d_idc2_type22,0x00322510,0x003225C0,176
e2d_idc2_type23,0x003225C0,0x0032261C,92
e2d_idc2_type24,0x00322670,0x003226A0,48
e2d_idc2_type25,0x003226A0,0x003226E4,68
e2d_idc2_type26,0x003226F0,0x00322734,68
e2d_idc2_type27,0x00322780,0x003227AC,44
e2d_idc2_type28,0x00322830,0x0032285C,44
e2d_idc2_type29,0x00322930,0x0032295C,44
e2d_idc2_type2a,0x00322A30,0x00322A5C,44
e2d_idc2_type2b,0x00322B20,0x00322B34,20
e2d_idc2_type2c,0x00322C10,0x00322C24,20
e2d_idc2_type2d,0x00322CB0,0x00322CC4,20
e2d_idc2_type2e,0x00322D60,0x00322D74,20
e2d_idc2_type2f,0x00322EB0,0x00322EC4,20
e2d_idc2_type30,0x00323000,0x0032305C,92
e2d_idc2_type31,0x003230B0,0x003230FC,76
e2d_idc2_type32,0x00323140,0x00323154,20
e2d_idc2_type33,0x00323290,0x003232A4,20
e2d_idc2_type34,0x003233E0,0x0032340C,44
e2d_idc2_type35,0x003234E0,0x00323520,64
e2d_idc2_type36,0x003235E0,0x003235F4,20
e2d_idc2_type37,0x00323720,0x003237C8,168
e2d_idc2_type38,0x003237D0,0x003237F4,36
e2d_idc3_type00,0x003238A0,0x003238AC,12
e2d_idc3_type01,0x003238B0,0x003238E8,56
e2d_idc3_type02,0x00323980,0x003239B8,56
e2d_idc3_type03,0x00323A40,0x00323A78,56
e2d_idc4_type00,0x00323B00,0x00323B14,20
e2d_idc4_type01,0x00323B50,0x00323B64,20
e2d_idc4_type02,0x00323C10,0x00323C2C,28
e2d_idc5_type00,0x00323CD0,0x00323CD8,8
e2d_idc5_type01,0x00323CE0,0x00323CE8,8
e2d_idc5_type02,0x00323CF0,0x00323CF8,8
e2d_idc5_type03,0x00323D00,0x00323D14,20
e2d_idc6_type00,0x00323DB0,0x00323DB8,8
e2d_idc6_type01,0x00323DC0,0x00323DC8,8
e2d_idc6_type02,0x00323DD0,0x00323DD8,8
e2d_idc7_type00,0x00323DE0,0x00323DE8,8
e2d_idc8_type00,0x00323DF0,0x00323DF8,8
e2d_idc8_type01,0x00323E00,0x00323E14,20
e2d_idc9_type00,0x00323E20,0x00323E28,8
e2d_idc9_type01,0x00323E30,0x00323E48,24
e2d_idc9_type02,0x00323E50,0x00323E88,56
e2d_idc9_type03,0x00323F20,0x00323F58,56
e2d_idc9_type04,0x00323FF0,0x00324028,56
e2d_idca_type00,0x003240F0,0x003240F8,8
e2d_idca_type01,0x00324100,0x0032412C,44
e2d_idca_type02,0x00324130,0x00324158,40
e2d_idca_type03,0x00324160,0x00324184,36
e2d_idca_type04,0x00324200,0x0032423C,60
e2d_idca_type05,0x003242B0,0x003242EC,60
e2d_idca_type06,0x00324360,0x003243A4,68
e2d_idca_type07,0x003243B0,0x003243F4,68
e2d_idca_type08,0x00324400,0x0032443C,60
e2d_idcb_com_last_fire,0x00324440,0x00324478,56
e2d_idcb_type00,0x00324480,0x00324488,8
e2d_idcb_type01,0x00324490,0x003244C4,52
e2d_idcb_type02,0x00324500,0x0032454C,76
e2d_idcb_type03,0x00324550,0x003245A4,84
e2d_idcb_type04,0x003245B0,0x00324604,84
e2d_idcb_type05,0x00324610,0x00324668,88
e2d_idcb_type06,0x00324670,0x003246C8,88
e2d_idcb_type07,0x003246D0,0x0032472C,92
e2d_idcb_type08,0x00324730,0x0032476C,60
e2d_idcb_type09,0x003247A0,0x003247DC,60
e2d_idcb_type0a,0x00324810,0x0032484C,60
e2d_idcb_type0b,0x00324880,0x003248A8,40
e2d_idcc_type00,0x003248E0,0x003248E8,8
e2d_idcd_type00,0x003248F0,0x003248F8,8
e2d_idcd_type01,0x00324900,0x00324914,20
e2d_idcd_type02,0x003249D0,0x003249E4,20
e2d_idcd_type03,0x00324AA0,0x00324AB4,20
e2d_idcd_type04,0x00324B80,0x00324B94,20
e2d_idcd_type05,0x00324C50,0x00324C80,48
e2d_idcd_type06,0x00324D00,0x00324D20,32
e2d_idcd_type07,0x00324DF0,0x00324E10,32
e2d_idcd_type08,0x00324EE0,0x00324EF4,20
e2d_idcd_type09,0x00324F90,0x00324FC8,56
e2d_idcd_type0a,0x00325060,0x00325074,20
e2d_idcd_type0b,0x00325130,0x00325144,20
e2d_idcd_type0c,0x00325200,0x00325214,20
e2d_idcd_type0d,0x003252D0,0x003252D4,4
e2d_idcd_type0e,0x00325390,0x003253A4,20
e2d_idcd_type0f,0x00325440,0x00325460,32
e2d_idcd_type10,0x00325520,0x00325540,32
e2d_idce_type00,0x00325600,0x00325608,8
e2d_idcf_type00,0x00325610,0x00325618,8
e2d_idd0_type00,0x00325620,0x0032562C,12
e2d_idd1_type00,0x00325630,0x0032563C,12
e2d_idd2_type00,0x00325640,0x00325648,8
e2d_idd2_type01,0x00325650,0x00325678,40
e2d_idd2_type02,0x00325750,0x00325778,40
e2d_idd2_type03,0x00325850,0x003258AC,92
e2d_idd2_type04,0x00325910,0x00325940,48
e2d_idd2_type05,0x00325A20,0x00325A48,40
e2d_idd2_type06,0x00325B20,0x00325B48,40
e2d_idd2_type07,0x00325C20,0x00325C48,40
e2d_idd2_type08,0x00325CC0,0x00325CF0,48
e2d_idd2_type09,0x00325D80,0x00325DB0,48
e2d_idd2_type0a,0x00325E50,0x00325E80,48
e2d_idd3_type00,0x00325F20,0x00325F28,8
e2d_idd3_type01,0x00325F30,0x00325F58,40
e2d_idd3_type02,0x00325FC0,0x00325FFC,60
e2d_idd3_type03,0x00326000,0x00326050,80
e2d_idd3_type04,0x00326050,0x00326078,40
e2d_idd3_type05,0x003260D0,0x0032610C,60
e2d_idd3_type06,0x00326160,0x00326188,40
e2d_idd3_type07,0x00326200,0x00326244,68
e2d_idd3_type08,0x00326250,0x00326278,40
e2d_idd3_type09,0x003262F0,0x0032634C,92
e2d_idd3_type0a,0x00326350,0x003263A0,80
e2d_idd4_type00,0x003263A0,0x003263A8,8
e2d_idd4_type01,0x003263B0,0x003263B4,4
e2d_idd4_type02,0x00326470,0x00326474,4
e2d_idd4_type03,0x00326550,0x0032659C,76
e2d_idd4_type04,0x00326650,0x00326654,4
e2d_idd4_type05,0x003266E0,0x003266E4,4
e2d_idd4_type06,0x00326760,0x0032676C,12
e2d_idd4_type07,0x00326770,0x003267D4,100
e2d_idd4_type08,0x00326830,0x0032688C,92
e2d_idd4_type0b,0x003268F0,0x00326918,40
e2d_idd5_type00,0x003269D0,0x003269D8,8
e2d_idd5_type01,0x003269E0,0x003269E4,4
e2d_idd5_type02,0x00326AA0,0x00326AA8,8
e2d_idd5_type04,0x00326AB0,0x00326AB8,8
e2d_idd5_type05,0x00326AC0,0x00326AC8,8
e2d_idd5_type06,0x00326AD0,0x00326AFC,44
e2d_idd5_type0b,0x00326B50,0x00326B70,32
e2d_idd5_type0c,0x00326C30,0x00326C34,4
e2d_idd6_type00,0x00326CC0,0x00326CC8,8
e2d_idd6_type01,0x00326CD0,0x00326CD8,8
e2d_idd7_type00,0x00326CE0,0x00326CE8,8
e2d_idd7_type01,0x00326CF0,0x00326D14,36
e2d_idd7_type02,0x00326D90,0x00326D9C,12
e2d_idd8_type00,0x00326DA0,0x00326DA8,8
e2d_idd8_type01,0x00326DB0,0x00326DB8,8
e2d_idd8_type02,0x00326DC0,0x00326DC8,8
e2d_idd9_type00,0x00326DD0,0x00326DD8,8
e2d_idd9_type01,0x00326DE0,0x00326E14,52
e2d_idd9_type02,0x00326ED0,0x00326F04,52
e2d_idd9_type03,0x00326FC0,0x00326FF4,52
e2d_idd9_type04,0x003270B0,0x003270E4,52
e2d_idd9_type05,0x003271A0,0x003271D4,52
e2d_idd9_type06,0x00327290,0x003272C4,52
e2d_idda_type00,0x00327380,0x00327388,8
e2d_idda_type01,0x00327390,0x003273A4,20
e2d_iddb_type00,0x00327460,0x00327468,8
e2d_iddb_type01,0x00327470,0x00327484,20
e2d_iddb_type02,0x003275C0,0x003275C4,4
e2d_iddb_type03,0x00327710,0x00327714,4
e2d_iddb_type04,0x00327860,0x00327874,20
e2d_iddb_type05,0x003279B0,0x003279C4,20
e2d_iddb_type06,0x00327AA0,0x00327AB4,20
e2d_iddb_type07,0x00327BF0,0x00327C04,20
e2d_iddb_type08,0x00327D50,0x00327D64,20
e2d_iddb_type09,0x00327EB0,0x00327EC4,20
e2d_iddb_type0a,0x00328000,0x00328004,4
e2d_iddb_type0b,0x003280F0,0x00328104,20
e2d_iddb_type0c,0x003281B0,0x003281B4,4
e2d_iddc_type00,0x00328260,0x00328268,8
e2d_iddc_type01,0x00328270,0x0032829C,44
e2d_iddc_type02,0x003283D0,0x003283FC,44
e2d_iddc_type03,0x00328530,0x0032855C,44
e2d_iddc_type04,0x003286B0,0x003286DC,44
e2d_iddc_type05,0x00328830,0x0032885C,44
e2d_iddd_type00,0x003289B0,0x003289B8,8
e2d_iddd_type01,0x003289C0,0x00328A34,116
e2d_iddd_type02,0x00328B10,0x00328B84,116
e2d_iddd_type03,0x00328C60,0x00328CD4,116
e2d_iddd_type04,0x00328DB0,0x00328E24,116
e2d_iddd_type05,0x00328F00,0x00328F74,116
e2d_iddd_type06,0x00329040,0x003290B4,116
e2d_idde_type00,0x00329190,0x00329198,8
e2d_iddf_type00,0x003291A0,0x003291A8,8
e2d_iddf_type01,0x003291B0,0x003291DC,44
e2d_iddf_type02,0x00329280,0x003292AC,44
e2d_iddf_type03,0x00329350,0x0032937C,44
e2d_iddf_type04,0x00329420,0x0032944C,44
e2d_iddf_type05,0x003294F0,0x00329504,20
e2d_iddf_type06,0x00329600,0x00329614,20
e2d_iddf_type07,0x003296B0,0x003296C4,20
e2d_iddf_type08,0x003297D0,0x003297FC,44
e2d_iddf_type09,0x003298A0,0x003298CC,44
e2d_iddf_type0a,0x00329970,0x00329984,20
e2d_ide0_type00,0x00329A80,0x00329AA0,32
e2d_ide0_type01,0x00329AA0,0x00329AE4,68
e2d_ide1_type00,0x00329AF0,0x00329AFC,12
e2d_ide2_type00,0x00329B00,0x00329B08,8
e2d_ide3_type00,0x00329B10,0x00329B2C,28
e2d_ide3_type01,0x00329B30,0x00329B54,36
e2d_ide3_type02,0x00329B60,0x00329B7C,28
e2d_ide3_type03,0x00329B80,0x00329BA4,36
e2d_ide3_type04,0x00329BB0,0x00329BF4,68
e2d_ide3_type05,0x00329C00,0x00329C48,72
e2d_ide4_type00,0x00329C50,0x00329C7C,44
e2d_ide4_type01,0x00329DD0,0x00329DFC,44
e2d_ide5_type00,0x00329F50,0x00329F8C,60
e2d_ide5_type01,0x00329F90,0x00329FD4,68
e2d_ide5_type02,0x00329FE0,0x0032A024,68
e2d_ide5_type03,0x0032A030,0x0032A074,68
e2d_ide5_type04,0x0032A080,0x0032A0CC,76
e2d_ide5_type05,0x0032A0D0,0x0032A11C,76
e2d_ide6_type00,0x0032A120,0x0032A154,52
e2d_ide7_type00,0x0032A230,0x0032A25C,44
e2d_ide7_type01,0x0032A2E0,0x0032A310,48
e2d_ide7_type02,0x0032A3A0,0x0032A3CC,44
e2d_ide8_type00,0x0032A450,0x0032A458,8
e2d_ide9_type00,0x0032A460,0x0032A468,8
e2d_idea_type00,0x0032A470,0x0032A494,36
e2d_ideb_type00,0x0032A580,0x0032A5A4,36
e2d_idec_type00,0x0032A600,0x0032A61C,28
e2d_ided_type00,0x0032A730,0x0032A738,8
e2d_idee_type00,0x0032A740,0x0032A748,8
e2d_idf0_type00,0x0032A750,0x0032A75C,12
e2d_idf0_type01,0x0032A760,0x0032A824,196
e2d_idf1_type00,0x0032A830,0x0032A83C,12
e2d_idf2_type00,0x0032A840,0x0032A848,8
e2d_idf2_type01,0x0032A850,0x0032A880,48
e2d_idf2_type02,0x0032A880,0x0032A8B8,56
e2d_idf2_type03,0x0032A8C0,0x0032A8F8,56
e2d_idf3_type00,0x0032A900,0x0032A908,8
e2d_idf3_type01,0x0032A910,0x0032A918,8
e2d_idf3_type02,0x0032A920,0x0032A928,8
e2d_idf3_type03,0x0032A930,0x0032A938,8
e2d_idf4_type00,0x0032A940,0x0032A948,8
e2d_idf4_type01,0x0032A950,0x0032A98C,60
e2d_idf4_type02,0x0032A990,0x0032A9C8,56
e2d_idf4_type03,0x0032A9D0,0x0032AA28,88
e2d_idf4_type04,0x0032AA30,0x0032AA60,48
e2d_idf5_com_light,0x0032AAA0,0x0032AAC4,36
e2d_idf5_wave_light,0x0032AB30,0x0032AB70,64
e2d_idf5_type00,0x0032ABB0,0x0032ABD0,32
e2d_idf5_type01,0x0032ABD0,0x0032ABF0,32
e2d_idf5_type02,0x0032AC60,0x0032AC90,48
e2d_idf5_type03,0x0032AC90,0x0032ACA4,20
e2d_idf5_type04,0x0032ACD0,0x0032AD04,52
e2d_idf5_type05,0x0032ADC0,0x0032ADF4,52
e2d_idf5_type06,0x0032AED0,0x0032AEE4,20
e2d_idf5_type07,0x0032AF10,0x0032AF24,20
e2d_idf5_type08,0x0032AF50,0x0032AF58,8
e2d_idf5_type09,0x0032AF60,0x0032AF74,20
e2d_idf5_type0a,0x0032AFA0,0x0032AFB4,20
e2d_idf5_type0b,0x0032AFE0,0x0032AFF4,20
e2d_idf5_type0c,0x0032B020,0x0032B034,20
e2d_idf5_type0d,0x0032B060,0x0032B068,8
e2d_idf5_type0e,0x0032B070,0x0032B084,20
e2d_idf5_type0f,0x0032B0B0,0x0032B0D8,40
e2d_idf5_type10,0x0032B150,0x0032B18C,60
e2d_idf5_type11,0x0032B230,0x0032B26C,60
e2d_idf5_type12,0x0032B310,0x0032B324,20
e2d_idf5_type13,0x0032B350,0x0032B364,20
e2d_idf5_type14,0x0032B390,0x0032B418,136
e2d_idf5_type15,0x0032B420,0x0032B44C,44
e2d_idf5_type16,0x0032B4C0,0x0032B4CC,12
e2d_idf5_type17,0x0032B4D0,0x0032B524,84
e2d_idf5_type18,0x0032B530,0x0032B538,8
e2d_idf5_type19,0x0032B540,0x0032B548,8
e2d_idf5_type1a,0x0032B550,0x0032B58C,60
e2d_idf5_type1b,0x0032B630,0x0032B66C,60
e2d_idf5_type1c,0x0032B710,0x0032B74C,60
e2d_idf5_type1d,0x0032B7F0,0x0032B804,20
e2d_idf5_type1e,0x0032B810,0x0032B844,52
e2d_idf6_type00,0x0032B850,0x0032B858,8
e2d_idf7_type00,0x0032B860,0x0032B868,8
e2d_idf7_type01,0x0032B870,0x0032B8C0,80
e2d_idf8_type00,0x0032B900,0x0032B908,8
e2d_idf8_type01,0x0032B910,0x0032B938,40
e2d_idf8_type02,0x0032B9A0,0x0032B9BC,28
e2d_idf8_type03,0x0032BA30,0x0032BA64,52
e2d_idf8_type04,0x0032BA70,0x0032BAA8,56
e2d_idf8_type05,0x0032BAB0,0x0032BAD8,40
e2d_idf8_type06,0x0032BB40,0x0032BB7C,60
e2d_idf8_type07,0x0032BB80,0x0032BBBC,60
e2d_idf8_type08,0x0032BBC0,0x0032BC0C,76
e2d_idf8_type09,0x0032BC10,0x0032BC60,80
e2d_idf8_type0a,0x0032BC60,0x0032BC7C,28
e2d_idf9_type00,0x0032BD00,0x0032BD08,8
e2d_idf9_type01,0x0032BD10,0x0032BD38,40
e2d_idf9_type02,0x0032BDA0,0x0032BDEC,76
e2d_idf9_type03,0x0032BDF0,0x0032BDF4,4
e2d_idf9_type04,0x0032BF10,0x0032BF2C,28
e2d_idf9_type05,0x0032BFA0,0x0032C02C,140
e2d_idf9_type06,0x0032C030,0x0032C064,52
e2d_idfa_type00,0x0032C110,0x0032C118,8
e2d_idfa_type01,0x0032C120,0x0032C168,72
e2d_idfa_type02,0x0032C1B0,0x0032C200,80
e2d_idfa_type03,0x0032C250,0x0032C274,36
e2d_idfb_type00,0x0032C2F0,0x0032C2F8,8
e2d_idfb_type01,0x0032C300,0x0032C324,36
e2d_idfc_type00,0x0032C3E0,0x0032C3E8,8
e2d_idfc_type01,0x0032C3F0,0x0032C438,72
e2d_idfd_type00,0x0032C470,0x0032C478,8
e2d_idfd_type01,0x0032C480,0x0032C488,8
e2d_idfe_type00,0x0032C490,0x0032C498,8
e2d_idfe_type01,0x0032C4A0,0x0032C4A8,8
e2d_idff_type00,0x0032C4B0,0x0032C4B8,8
e2d_idff_type01,0x0032C4C0,0x0032C4C8,8
e2d_id100_type00,0x0032C4D0,0x0032C4DC,12
e2d_id100_type01,0x0032C4E0,0x0032C554,116
e2d_id100_type02,0x0032C560,0x0032C5D4,116
e2d_id100_type03,0x0032C5E0,0x0032C640,96
e2d_id101_type00,0x0032C640,0x0032C64C,12
e2d_id102_type00,0x0032C650,0x0032C658,8
e2d_id102_type01,0x0032C660,0x0032C6AC,76
e2d_id102_type02,0x0032C780,0x0032C7A8,40
e2d_id102_type03,0x0032C880,0x0032C8A4,36
e2d_id102_type04,0x0032C940,0x0032C96C,44
e2d_id102_type05,0x0032CA10,0x0032CA34,36
e2d_id102_type06,0x0032CB00,0x0032CB38,56
e2d_id102_type07,0x0032CC10,0x0032CC34,36
e2d_id102_type08,0x0032CD10,0x0032CD40,48
e2d_id102_type09,0x0032CE20,0x0032CE64,68
e2d_id102_type0a,0x0032CF30,0x0032CF54,36
e2d_id103_type00,0x0032D030,0x0032D038,8
e2d_id104_type00,0x0032D040,0x0032D048,8
e2d_id104_type01,0x0032D050,0x0032D0BC,108
e2d_id104_type02,0x0032D0C0,0x0032D12C,108
e2d_id105_type00,0x0032D130,0x0032D138,8
e2d_id106_type00,0x0032D140,0x0032D148,8
e2d_id107_type00,0x0032D150,0x0032D158,8
e2d_id107_type01,0x0032D160,0x0032D18C,44
e2d_id107_type02,0x0032D260,0x0032D2A4,68
e2d_id108_type00,0x0032D380,0x0032D388,8
e2d_id108_type01,0x0032D390,0x0032D3A0,16
e2d_id108_type02,0x0032D3A0,0x0032D3B0,16
e2d_id109_type00,0x0032D3B0,0x0032D3B8,8
e2d_id109_type01,0x0032D3C0,0x0032D3FC,60
e2d_id109_type02,0x0032D480,0x0032D4BC,60
e2d_id109_type03,0x0032D540,0x0032D57C,60
e2d_id109_type04,0x0032D600,0x0032D63C,60
e2d_id10a_type00,0x0032D6C0,0x0032D6C8,8
e2d_id10a_type01,0x0032D6D0,0x0032D6E4,20
e2d_id10a_type02,0x0032D790,0x0032D7A4,20
e2d_id10b_type00,0x0032D840,0x0032D84C,12
e2d_id10b_type01,0x0032D850,0x0032D8A0,80
e2d_id10b_type02,0x0032D8A0,0x0032D8F0,80
e2d_id10b_type03,0x0032D8F0,0x0032D934,68
e2d_id10c_type00,0x0032D940,0x0032D948,8
e2d_id10c_type01,0x0032D950,0x0032D9C8,120
e2d_id10c_type02,0x0032D9D0,0x0032DA4C,124
e2d_id10d_type00,0x0032DA50,0x0032DA58,8
e2d_id10d_type01,0x0032DA60,0x0032DAC8,104
e2d_id10e_type00,0x0032DAD0,0x0032DAD8,8
e2d_id10f_type00,0x0032DAE0,0x0032DAE8,8
e2d_id10f_type01,0x0032DAF0,0x0032DB18,40
e2d_id10f_type02,0x0032DBF0,0x0032DBF4,4
e2d_id10f_type03,0x0032DD00,0x0032DD04,4
e2d_id10f_type04,0x0032DE20,0x0032DE54,52
e2d_id10f_type05,0x0032DE60,0x0032DE64,4
e2d_id10f_type06,0x0032DF70,0x0032DF74,4
e2d_id110_type00,0x0032E080,0x0032E08C,12
e2d_id110_type01,0x0032E090,0x0032E0AC,28
e2d_id110_type02,0x0032E150,0x0032E154,4
e2d_id110_type03,0x0032E1D0,0x0032E218,72
e2d_id110_type04,0x0032E270,0x0032E28C,28
e2d_id111_type00,0x0032E330,0x0032E33C,12
e2d_id112_type00,0x0032E340,0x0032E348,8
e2d_id112_type01,0x0032E350,0x0032E3A8,88
e2d_id112_type02,0x0032E460,0x0032E4C0,96
e2d_id112_type03,0x0032E500,0x0032E548,72
e2d_id113_type00,0x0032E5C0,0x0032E5C8,8
e2d_id113_type01,0x0032E5D0,0x0032E618,72
e2d_id113_type02,0x0032E650,0x0032E698,72
e2d_id114_type00,0x0032E6D0,0x0032E6D8,8
e2d_id115_type00,0x0032E6E0,0x0032E6E8,8
e2d_id115_type01,0x0032E6F0,0x0032E748,88
e2d_id115_type02,0x0032E760,0x0032E7B8,88
e2d_id115_type03,0x0032E7D0,0x0032E80C,60
e2d_id116_type00,0x0032E810,0x0032E818,8
e2d_id116_type01,0x0032E820,0x0032E850,48
e2d_id116_type02,0x0032E8A0,0x0032E8D0,48
e2d_id116_type03,0x0032E940,0x0032E970,48
e2d_id117_type00,0x0032E9E0,0x0032E9E8,8
e2d_id118_type00,0x0032E9F0,0x0032E9F8,8
e2d_id119_type00,0x0032EA00,0x0032EA08,8
e2d_id11a_type00,0x0032EA10,0x0032EA18,8
e2d_id11b_type00,0x0032EA20,0x0032EA28,8
e2d_id11c_type00,0x0032EA30,0x0032EA38,8
e2d_id11d_type00,0x0032EA40,0x0032EA48,8
e2d_id11e_type00,0x0032EA50,0x0032EA58,8
e2d_id11f_type00,0x0032EA60,0x0032EA68,8
srp_id_srp00_b_check,0x0032EA70,0x0032EA78,8
srp_id00_type00,0x0032EA80,0x0032EA98,24
srp_id00_type02,0x0032EAA0,0x0032EAB0,16
srp_id00_type01,0x0032EAB0,0x0032EB10,96
srp_id00_type08,0x0032EB10,0x0032EB50,64
srp_id00_type0a,0x0032EC00,0x0032EC44,68
srp_id00_type0b,0x0032EC50,0x0032EC90,64
srp_id00_type0c,0x0032ED40,0x0032EDE4,164
srp_id00_type0d,0x0032EEE0,0x0032EF84,164
srp_id01_type00,0x0032F050,0x0032F058,8
srp_id02_type00,0x0032F060,0x0032F090,48
srp_id02_type0a,0x0032F150,0x0032F188,56
srp_id03_type00,0x0032F190,0x0032F194,4
srp_id03_type01,0x0032F200,0x0032F204,4
srp_id03_type0b,0x0032F290,0x0032F2C8,56
srp_id04_type00,0x0032F2D0,0x0032F2E0,16
srp_id05_type0c,0x0032F2E0,0x0032F30C,44
srp_id06_type00,0x0032F390,0x0032F3CC,60
srp_id06_type01,0x0032F3D0,0x0032F40C,60
srp_id07_type00,0x0032F410,0x0032F418,8
srp_id07_type01,0x0032F420,0x0032F454,52
srp_id07_type02,0x0032F500,0x0032F534,52
srp_id07_type03,0x0032F5E0,0x0032F614,52
srp_id07_type04,0x0032F6C0,0x0032F6FC,60
srp_id07_type05,0x0032F7B0,0x0032F7B4,4
srp_id07_type06,0x0032F890,0x0032F8CC,60
srp_id07_type07,0x0032F960,0x0032F994,52
srp_id08_type09,0x0032FA40,0x0032FA94,84
srp_id08_type0a,0x0032FAD0,0x0032FB24,84
srp_id08_type0b,0x0032FB60,0x0032FBB4,84
srp_id08_type0c,0x0032FBF0,0x0032FC44,84
srp_id08_type0d,0x0032FC80,0x0032FCD4,84
srp_id08_type0e,0x0032FD10,0x0032FD64,84
srp_id09_type00,0x0032FDA0,0x0032FDB0,16
srp_id0a_type00,0x0032FDB0,0x0032FDC0,16
srp_id0b_type00,0x0032FDC0,0x0032FDD8,24
srp_id0b_type01,0x0032FDE0,0x0032FDF8,24
srp_id0b_type02,0x0032FE00,0x0032FE18,24
srp_id0c_type00,0x0032FE20,0x0032FE38,24
srp_id0d_type00,0x0032FE40,0x0032FE58,24
srp_id0d_type01,0x0032FE60,0x0032FE78,24
srp_id0d_type02,0x0032FE80,0x0032FE98,24
srp_id0e_type00,0x0032FEA0,0x0032FEB0,16
srp_id0e_type01,0x0032FEB0,0x0032FEC0,16
srp_id0e_type02,0x0032FEC0,0x0032FED0,16
srp_id0f_type00,0x0032FED0,0x0032FEE0,16
srp_id10_type00,0x0032FEE0,0x0032FEEC,12
srp_id10_type01,0x0032FEF0,0x0032FF14,36
srp_id11_type00,0x0032FFC0,0x0033000C,76
srp_id11_type01,0x00330010,0x00330088,120
srp_id11_type02,0x00330090,0x003300D8,72
srp_id12_type01,0x00330120,0x00330134,20
srp_id13_type00,0x00330140,0x003301B8,120
srp_id14_type00,0x003301C0,0x003301F8,56
srp_id14_type01,0x00330250,0x00330288,56
srp_id15_type00,0x003302F0,0x00330320,48
srp_id15_type01,0x00330380,0x003303B0,48
srp_id16_type00,0x00330420,0x00330468,72
srp_id16_type01,0x00330510,0x003305C8,184
srp_id16_type02,0x003305D0,0x00330618,72
srp_id16_type03,0x003306C0,0x00330704,68
srp_id16_type04,0x003307B0,0x00330854,164
srp_id16_type05,0x00330860,0x003308A4,68
srp_id16_type0f,0x00330950,0x00330994,68
srp_id16_type10,0x00330A40,0x00330AD4,148
srp_id17_type00,0x00330AE0,0x00330B20,64
srp_id18_type00,0x00330B20,0x00330B58,56
srp_id19_type00,0x00330B60,0x00330B78,24
srp_id19_type01,0x00330B80,0x00330B94,20
srp_id19_type02,0x00330BA0,0x00330BB8,24
srp_id19_type03,0x00330BC0,0x00330BD4,20
srp_id1a_type00,0x00330BE0,0x00330C24,68
srp_id1a_type01,0x00330C90,0x00330CD4,68
srp_id1a_type02,0x00330D40,0x00330D84,68
srp_id1a_type03,0x00330DF0,0x00330E2C,60
srp_id1a_type04,0x00330EB0,0x00330F10,96
srp_id1a_type05,0x00330F70,0x00330FB4,68
srp_id1b_type00,0x00331040,0x00331094,84
srp_id1c_type00,0x003310A0,0x003310AC,12
srp_id1d_type00,0x003310B0,0x00331104,84
srp_id1d_type01,0x00331150,0x003311A0,80
srp_id1d_type02,0x00331200,0x00331254,84
srp_id1d_type03,0x003312A0,0x00331304,100
srp_id1d_type04,0x00331310,0x00331364,84
srp_id1d_type05,0x00331370,0x003313C4,84
srp_id1d_type06,0x003313D0,0x00331424,84
srp_id1d_type07,0x00331430,0x00331484,84
srp_id1d_type08,0x00331490,0x003314E0,80
srp_id1f_type00,0x00331530,0x00331560,48
srp_id1f_type01,0x00331620,0x00331650,48
srp_id20_type00,0x003316E0,0x0033174C,108
srp_id20_type01,0x00331780,0x003317E8,104
srp_id21_type00,0x00331820,0x00331868,72
srp_id21_type01,0x003318C0,0x00331908,72
srp_id21_type02,0x00331960,0x003319A8,72
srp_id21_type03,0x00331A00,0x00331A48,72
srp_id22_type00,0x00331AA0,0x00331AE8,72
srp_id23_type00,0x00331B30,0x00331B84,84
srp_id23_type01,0x00331BE0,0x00331C30,80
srp_id24_type00,0x00331C80,0x00331CBC,60
srp_id24_type01,0x00331D10,0x00331D5C,76
srp_id24_type02,0x00331DB0,0x00331DD8,40
srp_id25_type00,0x00331E40,0x00331E54,20
srp_id25_type01,0x00331F50,0x00331F64,20
srp_id25_type02,0x00332050,0x00332064,20
srp_id26_type00,0x00332150,0x00332178,40
srp_id26_type01,0x003321E0,0x00332210,48
srp_id27_type00,0x00332210,0x003322A8,152
srp_id28_type00,0x003322E0,0x00332304,36
srp_id28_type01,0x003323B0,0x003323D4,36
srp_id29_type00,0x00332480,0x003324B8,56
srp_id2a_type00,0x00332550,0x00332578,40
srp_id2a_type01,0x00332620,0x00332624,4
srp_id2a_type02,0x00332730,0x00332734,4
srp_id2a_type03,0x00332830,0x00332834,4
srp_id2a_type04,0x00332930,0x00332944,20
srp_id2a_type05,0x00332A50,0x00332A64,20
srp_id2a_type06,0x00332B60,0x00332B74,20
srp_id2a_type07,0x00332C60,0x00332C90,48
srp_id2b_type00,0x00332D50,0x00332D80,48
srp_id2b_type01,0x00332DD0,0x00332E00,48
srp_id2c_type00,0x00332E50,0x00332E90,64
srp_id2d_type00,0x00332ED0,0x00332F04,52
srp_id2e_type00,0x00332F70,0x00332FB8,72
srp_id2e_type01,0x00332FC0,0x00333008,72
srp_id2f_type00,0x00333010,0x00333048,56
srp_id2f_type01,0x00333090,0x003330D8,72
srp_id2f_type02,0x00333120,0x00333168,72
srp_id2f_type03,0x003331B0,0x003331E0,48
srp_id2f_type04,0x00333230,0x00333278,72
srp_id30_type00,0x00333280,0x003332A0,32
srp_id31_type00,0x003332A0,0x003332DC,60
srp_id32_type00,0x003332E0,0x00333314,52
srp_id32_type01,0x00333410,0x00333490,128
srp_id32_type02,0x003334F0,0x00333554,100
srp_id33_type00,0x003335B0,0x003335E4,52
srp_id33_type01,0x003336D0,0x00333718,72
srp_id33_type02,0x003337F0,0x00333824,52
srp_id33_type03,0x00333910,0x00333944,52
srp_id33_type04,0x00333A30,0x00333A64,52
srp_id33_type05,0x00333B50,0x00333B74,36
srp_id34_type00,0x00333C20,0x00333C40,32
srp_id35_type00,0x00333C40,0x00333C94,84
srp_id36_type00,0x00333CA0,0x00333CF4,84
srp_id36_type01,0x00333D00,0x00333D54,84
srp_id36_type02,0x00333D60,0x00333DB4,84
srp_id37_type00,0x00333DC0,0x00333DE8,40
srp_id37_type01,0x00333DF0,0x00333E14,36
srp_id37_type02,0x00333E20,0x00333E48,40
srp_id37_type03,0x00333E50,0x00333E74,36
srp_id38_type00,0x00333E80,0x00333EA0,32
srp_id39_type00,0x00333EA0,0x00333EF8,88
srp_id39_type01,0x00333F00,0x00333F50,80
srp_id39_type02,0x00333F50,0x00333FCC,124
srp_id3a_type00,0x00333FD0,0x00334008,56
srp_id3a_type01,0x003340A0,0x003340D8,56
srp_id3a_type02,0x00334170,0x00334174,4
srp_id3b_type00,0x00334240,0x00334260,32
srp_id3c_type00,0x00334260,0x003342AC,76
srp_id3d_type00,0x003342B0,0x003342D0,32
srp_id3e_type00,0x003342D0,0x00334320,80
srp_id3e_type01,0x00334320,0x00334370,80
srp_id3e_type02,0x00334370,0x003343D4,100
srp_id3e_type03,0x003343E0,0x00334444,100
srp_id3f_type00,0x00334450,0x00334478,40
srp_id3f_type01,0x00334480,0x003344A4,36
srp_id3f_type02,0x003344B0,0x003344D8,40
srp_id3f_type03,0x003344E0,0x00334504,36
srp_id40_type00,0x00334510,0x00334518,8
srp_id41_type00,0x00334520,0x00334548,40
srp_id42_type00,0x00334610,0x0033462C,28
srp_id42_type01,0x00334860,0x0033487C,28
srp_id43_type00,0x00334A50,0x00334A68,24
srp_id43_type01,0x00334A70,0x00334AD0,96
srp_id43_type02,0x00334AD0,0x00334B20,80
srp_id44_type00,0x00334B80,0x00334B88,8
srp_id44_type01,0x00334B90,0x00334B98,8
srp_id44_type02,0x00334BA0,0x00334BA8,8
srp_id45_type00,0x00334BB0,0x00334C08,88
srp_id45_type01,0x00334C50,0x00334CA8,88
srp_id46_type00,0x00334CF0,0x00334D3C,76
srp_id46_type01,0x00334D40,0x00334D8C,76
srp_id47_type00,0x00334D90,0x00334DE8,88
srp_id47_type01,0x00334DF0,0x00334E58,104
srp_id47_type02,0x00334E60,0x00334EC8,104
srp_id48_type00,0x00334ED0,0x00334ED8,8
srp_id49_type00,0x00334EE0,0x00334EE8,8
srp_id4a_type00,0x00334EF0,0x00334EF8,8
srp_id4b_type00,0x00334F00,0x00334F08,8
srp_id4c_type00,0x00334F10,0x00334F18,8
srp_id4d_type00,0x00334F20,0x00334F28,8
srp_id4e_type00,0x00334F30,0x00334F38,8
srp_id4f_type00,0x00334F40,0x00334F48,8
srp_id50_type00,0x00334F50,0x00334F98,72
srp_id50_type01,0x00334FA0,0x00334FE8,72
srp_id51_type00,0x00334FF0,0x00335050,96
srp_id51_type01,0x00335110,0x00335168,88
srp_id51_type02,0x00335220,0x00335278,88
srp_id52_type00,0x00335330,0x00335358,40
srp_id53_type00,0x00335410,0x00335444,52
srp_id53_type01,0x00335480,0x003354B4,52
srp_id54_type00,0x003354F0,0x00335550,96
srp_id54_type01,0x00335550,0x0033557C,44
srp_id55_type00,0x00335580,0x003355C4,68
srp_id55_type01,0x00335600,0x0033563C,60
srp_id55_type02,0x00335640,0x00335684,68
srp_id56_type00,0x00335690,0x003356CC,60
srp_id56_type01,0x00335770,0x003357B8,72
srp_id56_type02,0x00335840,0x00335874,52
srp_id57_type00,0x003358F0,0x003358FC,12
srp_id57_type01,0x00335900,0x00335954,84
srp_id57_type02,0x00335990,0x003359EC,92
srp_id57_type03,0x00335AB0,0x00335AEC,60
srp_id57_type04,0x00335B60,0x00335B64,4
srp_id57_type05,0x00335C20,0x00335C78,88
srp_id58_type00,0x00335CE0,0x00335CF4,20
srp_id59_type00,0x00335DB0,0x00335DC4,20
srp_id59_type01,0x00335E80,0x00335E94,20
srp_id59_type02,0x00335F40,0x00335F54,20
srp_id5a_type00,0x00336010,0x00336068,88
srp_id5b_type00,0x003360B0,0x003360F8,72
srp_id5b_type01,0x00336100,0x00336160,96
srp_id5c_type00,0x00336160,0x00336194,52
srp_id5c_type01,0x003361A0,0x003361BC,28
srp_id5d_type00,0x00336270,0x00336274,4
srp_id5d_type01,0x00336350,0x003363AC,92
srp_id5e_type00,0x00336450,0x0033645C,12
srp_id5f_type00,0x00336460,0x0033646C,12
Em03_dm_ck,0x00336470,0x00336478,8
FUN_003369a0,0x003369A0,0x00336A0C,108
Em03_pos_hosei,0x00336A30,0x00336A34,4
Em03_pos_hosei2,0x00336C00,0x00336C04,4
Em03_move,0x00336DD0,0x00336DE0,16
Em03_R0_init,0x00337190,0x0033719C,12
Em03_R0_move,0x003376F0,0x0033785C,364
Em03_R1_br_mv00,0x00337870,0x00337874,4
FUN_00337aa0,0x00337AA0,0x00337B20,128
Em03_R1_mv00,0x00337B40,0x00337B48,8
Em03_R1_br_mv01,0x00337F70,0x00337F78,8
Em03_R1_mv01,0x00337F80,0x00337F88,8
Em03_R1_br_mv02,0x003382B0,0x003382E8,56
Em03_R1_mv02,0x003382F0,0x00338300,16
Em03_R1_br_mv03,0x00338930,0x00338938,8
Em03_R1_mv03,0x00338940,0x00338B04,232
Em03_R1_br_mv04,0x00338B40,0x00338B78,56
Em03_R1_mv04,0x00338B80,0x00338B88,8
Em03_R1_br_mv05,0x00339160,0x00339198,56
Em03_R1_mv05,0x003391A0,0x003391A4,4
Em03_R1_br_mv06,0x00339590,0x00339604,116
Em03_R1_mv06,0x00339610,0x00339614,4
Em03_R1_br_mv07,0x00339CE0,0x00339CE4,4
Em03_R1_mv07,0x00339DE0,0x00339DE8,8
Em03_R1_br_mv08,0x0033A140,0x0033A148,8
Em03_R1_mv08,0x0033A150,0x0033A160,16
Em03_R1_br_mv09,0x0033A990,0x0033A998,8
Em03_R1_mv09,0x0033A9A0,0x0033A9A4,4
Em03_R1_br_mv0a,0x0033AC70,0x0033AC78,8
Em03_R1_mv0a,0x0033AC80,0x0033AC84,4
Em03_R1_br_mv0b,0x0033AFE0,0x0033AFE8,8
Em03_R1_mv0b,0x0033AFF0,0x0033B000,16
Em03_R0_damage,0x0033B6E0,0x0033B700,32
Em03_R1_dm00,0x0033B700,0x0033B70C,12
Em03_R1_dm01,0x0033BC30,0x0033BC3C,12
Em03_R1_dm02,0x0033C170,0x0033C17C,12
Em03_R1_dm03,0x0033C6B0,0x0033C6BC,12
Em03_R1_dm04,0x0033CCE0,0x0033CCEC,12
Em03_R0_die,0x0033D310,0x0033D330,32
Em03_R1_die00,0x0033D330,0x0033D340,16
Em03_R1_die01,0x0033DCB0,0x0033DCBC,12
Em03_R0_reset,0x0033E610,0x0033E634,36
Em03_R1_reset00,0x0033E640,0x0033E648,8
FUN_0033e8e0,0x0033E8E0,0x0033E8E1,1
Em03_R1_reset01,0x0033E8F0,0x0033E8F8,8
FUN_0033ea00,0x0033EA00,0x0033EA48,72
Em03_R1_reset02,0x0033EBA0,0x0033EBA8,8
Em03_R1_reset03,0x0033EBB0,0x0033EBB8,8
Motion_move03,0x0033EBC0,0x0033EBC4,4
Motion_move_em03,0x0033EC00,0x0033ECA8,168
Motion_move_neo_em03,0x0033ECC0,0x0033ECC8,8
FUN_0033f040,0x0033F040,0x0033F180,624
FUN_0033f180,0x0033F180,0x0033F2E0,256
FUN_0033f260,0x0033F260,0x0033F26C,12
FUN_0033f2e0,0x0033F2E0,0x0033F308,40
Add_speedXZY,0x0033F340,0x0033F398,88
FUN_0033f3a0,0x0033F3A0,0x0033F3A8,8
Dest_rot_hosei,0x0033F3B0,0x0033F3BC,12
FUN_0033f440,0x0033F440,0x0033F46C,44
Em03_hara,0x0033F4A0,0x0033F600,352
FUN_0033f600,0x0033F600,0x0033F660,24
FUN_0033f660,0x0033F660,0x0033F6C0,96
FUN_0033f6c0,0x0033F6C0,0x0033F720,96
Em03_parts_bom_init,0x0033F720,0x0033F740,32
FUN_0033f740,0x0033F740,0x0033F760,32
FUN_0033f760,0x0033F760,0x0033F778,24
Em03_parts_bom,0x0033F780,0x0033F78C,12
FUN_0033f7a0,0x0033F7A0,0x0033F7B4,20
FUN_0033f8c0,0x0033F8C0,0x0033F904,64
FUN_0033fa40,0x0033FA40,0x0033FA41,1
Ck_em02,0x0033FA60,0x0033FB04,164
Em03_devil_mode,0x0033FB10,0x0033FB14,4
FUN_0033fbf0,0x0033FBF0,0x0033FC48,84
FUN_0033fd20,0x0033FD20,0x0033FDA8,136
Em03_ev_end,0x0033FDD0,0x0033FE80,176
Em00_move,0x0033FE80,0x0033FE8C,12
FUN_003400a0,0x003400A0,0x00340100,96
FUN_00340100,0x00340100,0x00340200,256
FUN_00340200,0x00340200,0x00340624,272
FUN_00340480,0x00340480,0x003404AC,44
FUN_003404e0,0x003404E0,0x0034050C,44
FUN_00340520,0x00340520,0x003405A0,128
FUN_003405a0,0x003405A0,0x00340680,120
FUN_00340680,0x00340680,0x003406C0,64
FUN_003406e0,0x003406E0,0x0034073C,92
FUN_00340880,0x00340880,0x0034088C,12
FUN_00340ba0,0x00340BA0,0x00340CA0,256
FUN_00340d00,0x00340D00,0x00340EC0,448
FUN_00340ec0,0x00340EC0,0x00340F1C,92
FUN_00341040,0x00341040,0x003411A0,348
FUN_003411a0,0x003411A0,0x00341314,196
FUN_00341360,0x00341360,0x00341370,16
Em00_eye_color_ctrl,0x00341410,0x00341414,4
FUN_003414e0,0x003414E0,0x00341640,320
FUN_00341640,0x00341640,0x0034183C,184
Em00_evt_yougan,0x00341850,0x00341860,16
FUN_003419e0,0x003419E0,0x00341A1C,60
Em00_tbl_yougan,0x00341B40,0x00341B48,8
Em00_tbl_yougan_dmg,0x00341E20,0x00341E2C,12
Em00_R0_init,0x00342130,0x00342140,16
Em00_R0_move,0x00342D40,0x00342EE8,420
Em00_R1_br_wait,0x00342F10,0x00342F18,8
Em00_R1_wait,0x00342F20,0x00342F58,56
FUN_00342fa0,0x00342FA0,0x00342FBC,28
Em00_R1_br_wait2,0x003431D0,0x003431D8,8
Em00_R1_wait2,0x003431E0,0x003432C8,152
Em00_R1_br_walk,0x00343370,0x003436C0,280
FUN_003436c0,0x003436C0,0x00343860,136
FUN_00343760,0x00343760,0x00343794,52
FUN_00343860,0x00343860,0x0034390C,172
FUN_00343920,0x00343920,0x00343BC0,660
FUN_00343a60,0x00343A60,0x00343A68,8
FUN_00343bc0,0x00343BC0,0x00343E4C,420
Em00_R1_walk,0x00343E60,0x00344010,256
Em00_R1_br_run,0x00344020,0x003443C0,476
FUN_003442a0,0x003442A0,0x003442AC,12
FUN_003443c0,0x003443C0,0x003445BC,216
Em00_R1_run,0x003449A0,0x00344AB4,168
Em00_R1_br_turn,0x00344AD0,0x00344AD8,8
Em00_R1_turn,0x00344AE0,0x00344BAC,156
FUN_00344bc0,0x00344BC0,0x00344C04,64
Em00_R1_br_def_run,0x00344C20,0x00344E9C,632
Em00_R1_def_run,0x00344F20,0x00344FE4,140
Em00_R1_br_turn_h,0x00345030,0x00345038,8
Em00_R1_turn_h,0x00345040,0x00345168,204
FUN_00345100,0x00345100,0x0034511C,28
Em00_R1_br_jump,0x003451F0,0x003451F8,8
Em00_R1_jump,0x00345200,0x00345208,8
FUN_00345560,0x00345560,0x00345570,16
FUN_003456c0,0x003456C0,0x0034572C,108
FUN_003457c0,0x003457C0,0x003458C0,116
FUN_003458c0,0x003458C0,0x0034595C,152
Em00_R1_br_back_jump,0x00345C70,0x00345C78,8
Em00_R1_back_jump,0x00345C80,0x00345C84,4
Em00_R1_br_short_jump,0x00346480,0x00346488,8
Em00_R1_short_jump,0x00346490,0x00346498,8
FUN_003465c0,0x003465C0,0x00346680,164
Em00_R1_br_ikaku,0x00346820,0x00346828,8
Em00_R1_ikaku,0x00346830,0x00346844,20
Em00_R1_br_shake,0x00346970,0x00346978,8
Em00_R1_shake,0x00346980,0x003469B8,56
Em00_R1_br_atk_tail_f,0x00346C30,0x00346C38,8
Em00_R1_atk_tail_f,0x00346C40,0x00346CC0,80
Em00_R1_br_hit_tail_f,0x00346D90,0x00346D98,8
Em00_R1_hit_tail_f,0x00346DA0,0x00346E14,80
Em00_R1_br_atk_tail_s,0x00346E50,0x00346E58,8
Em00_R1_atk_tail_s,0x00346E60,0x00346F38,156
Em00_R1_br_hit_tail_s,0x00346FF0,0x00346FF8,8
Em00_R1_hit_tail_s,0x00347000,0x003470FC,160
FUN_003470a0,0x003470A0,0x003470B8,24
Em00_R1_br_atk_tail_r2,0x00347140,0x00347148,8
Em00_R1_atk_tail_r2,0x00347150,0x00347228,56
FUN_00347180,0x00347180,0x003471F0,100
Em00_R1_br_atk_tail_super,0x00347300,0x00347308,8
Em00_R1_atk_tail_super,0x00347310,0x00347320,16
FUN_00347320,0x00347320,0x00347384,64
Em00_R1_br_atk_tail_r,0x003473C0,0x003473C8,8
Em00_R1_atk_tail_r,0x003473D0,0x003474A8,156
Em00_R1_br_meta,0x003474E0,0x003474E8,8
Em00_R1_meta,0x003474F0,0x00347640,144
Em00_R1_br_meta_wait,0x003476A0,0x003476A8,8
Em00_R1_meta_wait,0x003476B0,0x00347730,108
Em00_R1_br_meta_walk,0x00347770,0x003478A4,284
Em00_R1_meta_walk,0x003478C0,0x00347D6C,116
Em00_R1_br_meta_def_wait,0x00347DD0,0x00347DD8,8
Em00_R1_meta_def_wait,0x00347DE0,0x00347E60,108
Em00_R1_br_meta_def_walk,0x00347EC0,0x00347FDC,284
Em00_R1_meta_def_walk,0x00347FF0,0x00348124,180
Em00_R1_br_atk_meta,0x00348170,0x003481BC,76
Em00_R1_atk_meta,0x003481D0,0x003481D8,8
Em00_R1_br_atk_fire_meta,0x00348700,0x0034874C,76
Em00_R1_atk_fire_meta,0x00348760,0x00348764,4
FUN_00348a20,0x00348A20,0x00348E0C,180
Em00_R1_br_atk_fire,0x00348E70,0x00348E78,8
Em00_R1_atk_fire,0x00348E80,0x003495F8,344
FUN_00348f60,0x00348F60,0x00348F6C,12
FUN_00348fe0,0x00348FE0,0x0034901C,48
FUN_00349140,0x00349140,0x003492AC,116
Em00_R1_br_atk_hand,0x003496C0,0x003496C8,8
Em00_R1_atk_hand,0x003496D0,0x003496D8,8
Em00_R1_br_atk_double,0x00349CB0,0x00349CB8,8
Em00_R1_atk_double,0x00349CC0,0x00349CC8,8
Em00_R1_br_atk_catch,0x0034A1B0,0x0034A1B8,8
Em00_R1_atk_catch,0x0034A1C0,0x0034A208,72
Em00_R1_br_atk_meteo,0x0034A740,0x0034A748,8
Em00_R1_atk_meteo,0x0034A750,0x0034A764,20
Em00_R1_br_atk_fire_e,0x0034A9D0,0x0034A9D8,8
Em00_R1_atk_fire_e,0x0034A9E0,0x0034AA18,56
Em00_R0_damage,0x0034AC10,0x0034ADB8,308
Em00_R0_die,0x0034AFD0,0x0034AFD4,4
Em00_R1_die_handgun,0x0034B180,0x0034B184,4
FUN_0034b360,0x0034B360,0x0034B93C,556
Em00_R1_die_escape,0x0034BAA0,0x0034BDD0,504
Em00_R1_die_bourei,0x0034BDE0,0x0034BDE8,8
Em00_dm_ck,0x0034C120,0x0034C128,8
FUN_0034c480,0x0034C480,0x0034C698,512
Em00_hokan_rotation,0x0034D000,0x0034D040,64
Em00_atack_tail_f_ck,0x0034D070,0x0034D110,152
Em00_atack_tail_s_ck,0x0034D120,0x0034D124,4
Em00_atack_tail_r_ck,0x0034D240,0x0034D2CC,140
Em00_atack_tail_r2_ck,0x0034D2F0,0x0034D374,132
Em00_wall_effect,0x0034D390,0x0034D394,4
Em00_R1_br_fall_down,0x0034D470,0x0034D478,8
Em00_R1_fall_down,0x0034D480,0x0034D510,100
Em00_R0_scenario,0x0034D550,0x0034D570,32
Em00_R1_sce_wait,0x0034D570,0x0034D584,20
Em00_R1_sce_mot,0x0034D590,0x0034D680,232
Pl_em_dam_em00_atk_catch,0x0034D690,0x0034D694,4
FUN_0034dac0,0x0034DAC0,0x0034DAD0,16
Pl_em_dam_em00_atk_yougan,0x0034DAD0,0x0034DAE0,16
FUN_0034dae0,0x0034DAE0,0x0034DAE4,4
FUN_0034dba0,0x0034DBA0,0x0034DBAC,12
Em00_pos_hosei,0x0034DCE0,0x0034DCE4,4
FUN_0034dde0,0x0034DDE0,0x0034DE10,48
Get_height_em00,0x0034DE30,0x0034DE38,8
Em00_parts_scale_set,0x0034DF70,0x0034DFC0,80
Em00_all_parts_rgb_set,0x0034DFC0,0x0034DFF0,48
Em00_shell_parts_rgb_set2,0x0034DFF0,0x0034E14C,344
Em00_ev_end,0x0034E150,0x0034E160,16
Em07_tbl_yougan,0x0034E160,0x0034E164,4
Em07_move,0x0034E210,0x0034E618,944
Em07_R0_init,0x0034E630,0x0034E634,4
Em07_R0_move,0x0034E7D0,0x0034E7D8,8
FUN_0034e820,0x0034E820,0x0034E821,1
Em07_R1_br_wait,0x0034E950,0x0034E9AC,92
Em07_R1_wait,0x0034E9B0,0x0034E9B4,4
FUN_0034e9e0,0x0034E9E0,0x0034EA80,116
FUN_0034ea80,0x0034EA80,0x0034EAD0,80
Em07_R1_br_walk,0x0034EAF0,0x0034EAF8,8
Em07_R1_walk,0x0034EB00,0x0034EB08,8
Em07_R1_br_wait_to_wait,0x0034EB10,0x0034EB18,8
Em07_R1_wait_to_wait,0x0034EB20,0x0034EC3C,260
Em07_R1_br_tail_wait,0x0034EC50,0x0034EDC0,368
Em07_R1_tail_wait,0x0034EDC0,0x0034EE10,64
Em07_R1_br_atk_tail_f,0x0034EE20,0x0034EE30,16
Em07_R1_atk_tail_f,0x0034EE30,0x0034EE34,4
Em07_R1_br_hit_tail_f,0x0034F3E0,0x0034F3F0,16
Em07_R1_hit_tail_f,0x0034F3F0,0x0034F4A8,168
Em07_R1_br_atk_tail_s,0x0034F4C0,0x0034F4D0,16
Em07_R1_atk_tail_s,0x0034F4D0,0x0034F4D4,4
FUN_0034f700,0x0034F700,0x0034FA18,600
FUN_0034fb60,0x0034FB60,0x0034FBEC,140
FUN_0034fc00,0x0034FC00,0x0034FC01,1
Em07_R1_br_hit_tail_s,0x0034FC20,0x0034FC30,16
Em07_R1_hit_tail_s,0x0034FC30,0x0034FE80,292
FUN_0034fd00,0x0034FD00,0x0034FD1C,28
FUN_0034fda0,0x0034FDA0,0x0034FE04,100
Em07_R1_br_atk_tail_super,0x0034FE90,0x0034FEA0,16
Em07_R1_atk_tail_super,0x0034FEA0,0x0034FEA4,4
FUN_00350160,0x00350160,0x00350168,8
Em07_R1_br_atk_tail_r,0x003503A0,0x003503B0,16
Em07_R1_atk_tail_r,0x003503B0,0x003503B4,4
FUN_00350460,0x00350460,0x00350474,20
Em07_R1_br_atk_tail_r2,0x00350860,0x00350870,16
Em07_R1_atk_tail_r2,0x00350870,0x00350874,4
Em07_R1_br_atk_meteo,0x00350D10,0x00350D18,8
Em07_R1_atk_meteo,0x00350D20,0x00350DAC,124
Em07_R1_br_atk_b,0x00350DC0,0x00350DC8,8
Em07_R1_atk_b,0x00350DD0,0x00350E08,56
Em07_R0_damage,0x003510B0,0x003510D0,32
Em07_R0_die,0x003510D0,0x00351104,52
Em07_motion_move,0x003511E0,0x003511E4,4
Pl_em_dam_em07_atk_sashi,0x00351270,0x00351274,4
Pl_em_dam_em07_atk_sashi_r,0x00351570,0x00351574,4
FUN_00351700,0x00351700,0x00351724,36
Pl_em_dam_em07_atk_sashi_l,0x00351890,0x00351894,4
Em07_catch_pl,0x00351BB0,0x00351C4C,140
FUN_00351c00,0x00351C00,0x00351C08,8
Em18_dm_ck,0x00351C60,0x00351C6C,12
Em18_dm_effect,0x00352300,0x00352304,4
Em18_pl_dm_effect,0x003524A0,0x003524CC,44
Em18_move,0x003524F0,0x003524F4,4
Em18_R0_init,0x00352840,0x00352844,4
Em18_R0_move,0x00352D90,0x00352DE0,80
Em18_grid_move,0x00352DF0,0x00352DFC,12
FUN_00353020,0x00353020,0x00353038,24
Em18_eyelid_move,0x003530B0,0x003530B8,8
Em18_eye_move,0x00353340,0x00353588,60
Em18_stencil_set,0x00353590,0x0035361C,140
Em18_sword_scale_move,0x003536F0,0x00353700,16
Em18_lightning_move,0x003539D0,0x003539D4,4
Em18_flash_move,0x00353B30,0x00353C50,284
Em18_R1_br_wait,0x00353C60,0x00353C64,4
Em18_R1_wait,0x003540C0,0x003540C4,4
Em18_R1_br_walk,0x003541B0,0x003541B4,4
Em18_R1_walk,0x003545A0,0x003545A4,4
Em18_R1_br_run,0x00354720,0x00354724,4
Em18_R1_run,0x00354AA0,0x00354AA4,4
Em18_R1_br_free_time,0x00354D30,0x00354D38,8
Em18_R1_free_time,0x00354D40,0x00354DD4,132
Em18_R1_br_free_walk,0x00354E40,0x00354E74,52
Em18_R1_free_walk,0x00354E90,0x00354E94,4
Em18_R1_br_sword,0x00355070,0x00355078,8
Em18_R1_sword,0x00355080,0x00355084,4
Em18_R1_br_missile,0x003556B0,0x003556B8,8
Em18_R1_missile,0x003556C0,0x003556C4,4
Em18_R1_br_ppkk,0x00355A90,0x00355A98,8
Em18_R1_ppkk,0x00355AA0,0x00355AA4,4
FUN_00355b20,0x00355B20,0x00355B3C,28
Em18_R1_br_turn_kick,0x003562C0,0x003562C8,8
Em18_R1_turn_kick,0x003562D0,0x003562D4,4
Em18_R1_br_upper_kick,0x003564D0,0x003564D8,8
Em18_R1_upper_kick,0x003564E0,0x003564E4,4
Em18_R1_br_upper_sword,0x00356790,0x00356798,8
Em18_R1_upper_sword,0x003567A0,0x003567A4,4
Em18_R1_br_jump_sword,0x00356C30,0x00356C38,8
Em18_R1_jump_sword,0x00356C40,0x00356C44,4
Em18_R1_br_dash_upper,0x00357110,0x00357118,8
Em18_R1_dash_upper,0x00357120,0x00357124,4
Em18_R1_br_jump_kick,0x003573B0,0x003573B8,8
Em18_R1_jump_kick,0x003573C0,0x003573C4,4
Em18_R1_br_beam,0x00357890,0x00357898,8
Em18_R1_beam,0x003578A0,0x003578A4,4
Em18_R1_br_earthquake,0x003582C0,0x003582C8,8
Em18_R1_earthquake,0x003582D0,0x003582DC,12
Em18_R1_br_escape_F,0x00358540,0x00358548,8
Em18_R1_escape_F,0x00358550,0x00358588,56
Em18_R1_br_escape_B,0x00358940,0x00358948,8
Em18_R1_escape_B,0x00358950,0x00358988,56
Em18_R1_br_escape_L,0x00358D90,0x00358D98,8
Em18_R1_escape_L,0x00358DA0,0x00358E38,100
Em18_R1_br_escape_R,0x00358EA0,0x00358EA8,8
Em18_R1_escape_R,0x00358EB0,0x00358F78,156
Em18_R1_br_step_aside,0x00358FE0,0x00358FE8,8
Em18_R1_step_aside,0x00358FF0,0x00358FF4,4
Em18_R1_br_fall,0x00359110,0x00359118,8
Em18_R1_fall,0x00359120,0x00359124,4
Em18_R1_br_change,0x003592F0,0x003592F8,8
Em18_R1_change,0x00359300,0x00359304,4
Em18_R1_br_sleep,0x00359620,0x00359628,8
Em18_R1_sleep,0x00359630,0x00359634,4
Em18_R0_damage,0x00359860,0x003598B0,80
Em18_R1_dm_br_small,0x003598C0,0x003598C8,8
Em18_R1_dm_small,0x003598D0,0x003599D0,200
Em18_R1_dm_br_middle,0x00359A40,0x00359A48,8
Em18_R1_dm_middle,0x00359A50,0x00359B6C,200
Em18_R1_dm_br_big,0x00359C00,0x00359C08,8
Em18_R1_dm_big,0x00359C10,0x00359C14,4
Em18_R1_dm_br_s_big,0x00359DD0,0x00359DD8,8
Em18_R1_dm_s_big,0x00359DE0,0x00359DE4,4
Em18_R1_dm_br_upper,0x00359FA0,0x00359FA8,8
Em18_R1_dm_upper,0x00359FB0,0x00359FB4,4
Em18_R0_die,0x0035A260,0x0035A2B0,80
Em18_R1_die_br_normal,0x0035A2C0,0x0035A2C8,8
Em18_R1_die_normal,0x0035A2D0,0x0035A2D4,4
Em18_R1_die_br_sleep,0x0035AC90,0x0035AC98,8
Em18_R1_die_sleep,0x0035ACA0,0x0035ACA8,8
Em18_bend_backward,0x0035B040,0x0035B0B0,112
Em18_divide_set,0x0035B100,0x0035B1CC,196
Em18_lv_set,0x0035B1E0,0x0035B24C,108
Em18_light_control,0x0035B250,0x0035B254,4
FUN_0035b4e0,0x0035B4E0,0x0035B4F0,16
FUN_0035b640,0x0035B640,0x0035B6FC,188
Em18_beam_ck,0x0035B720,0x0035B724,4
Em18_sword_at_ck,0x0035B8E0,0x0035B8FC,28
FUN_0035b900,0x0035B900,0x0035B928,40
Em18_pk_at_ck,0x0035BA00,0x0035BA10,16
Em18_atk_ok_ck,0x0035BAE0,0x0035BB8C,172
Em18_eff_earthquake,0x0035BB90,0x0035BB9C,12
FUN_0035bba0,0x0035BBA0,0x0035BBF4,84
Em18_neck_move,0x0035BC90,0x0035BC98,8
Em18_devil_ck,0x0035BE50,0x0035BE54,4
Em18_get_light,0x0035BFC0,0x0035C07C,180
Em18_set_effect_water,0x0035C090,0x0035C098,8
FUN_0035c120,0x0035C120,0x0035C128,8
FUN_0035c240,0x0035C240,0x0035C278,56
Em19_dm_ck,0x0035C300,0x0035C304,4
FUN_0035c500,0x0035C500,0x0035C520,32
FUN_0035c520,0x0035C520,0x0035C52C,12
FUN_0035c5e0,0x0035C5E0,0x0035C8E8,104
FUN_0035c6a0,0x0035C6A0,0x0035C700,92
FUN_0035c700,0x0035C700,0x0035C720,32
FUN_0035c800,0x0035C800,0x0035C810,16
Em19_dm_effect,0x0035C9A0,0x0035C9A4,4
Em19f_pl_dm_effect,0x0035CB40,0x0035CB6C,44
Em19_move,0x0035CBC0,0x0035CBC4,4
Em19_R0_init,0x0035CEC0,0x0035CED0,16
FUN_0035cf20,0x0035CF20,0x0035CF3C,28
FUN_0035cf60,0x0035CF60,0x0035CF9C,60
Em19_R0_move,0x0035D250,0x0035D2A0,80
Em19_search_em18,0x0035D2B0,0x0035D374,196
Em19_grid_move,0x0035D380,0x0035D38C,12
Em19_stencil_set,0x0035D660,0x0035D6EC,140
Em19_lightning_move,0x0035D7C0,0x0035D7C4,4
Em19_shockwave_move,0x0035D950,0x0035D954,4
Em19_flash_move,0x0035DD10,0x0035DE28,276
Em19_R1_br_sleep,0x0035DE40,0x0035DE44,4
Em19_R1_sleep,0x0035DF60,0x0035E01C,172
Em19_R1_br_return,0x0035E030,0x0035E038,8
Em19_R1_return,0x0035E040,0x0035E044,4
Em19_R1_br_change,0x0035E1F0,0x0035E1F8,8
Em19_R1_change,0x0035E200,0x0035E204,4
Em19_R1_br_wait,0x0035E3E0,0x0035E3E4,4
Em19_R1_wait,0x0035E650,0x0035E7C8,264
Em19_R1_br_flight,0x0035E810,0x0035E814,4
Em19_R1_flight,0x0035EA90,0x0035EB5C,164
Em19_R1_br_attack,0x0035EC10,0x0035EC18,8
Em19_R1_attack,0x0035EC20,0x0035EC28,8
FUN_0035ed60,0x0035ED60,0x0035F080,344
Em19_R1_br_beam,0x0035F0E0,0x0035F0E8,8
Em19_R1_beam,0x0035F0F0,0x0035F0F4,4
Em19_R0_damage,0x0035FA70,0x0035FAC0,80
FUN_0035fac0,0x0035FAC0,0x0035FAC1,1
Em19_R1_dm_br_small,0x0035FAD0,0x0035FAD8,8
Em19_R1_dm_small,0x0035FAE0,0x0035FBB8,148
FUN_0035fbc0,0x0035FBC0,0x0035FBEC,44
Em19_R1_dm_br_middle,0x0035FCB0,0x0035FCB8,8
Em19_R1_dm_middle,0x0035FCC0,0x0035FE0C,264
Em19_R0_die,0x0035FF00,0x0035FF50,80
Em19_R1_die_br_normal,0x0035FF60,0x0035FF68,8
Em19_R1_die_normal,0x0035FF70,0x0035FF7C,12
FUN_00360520,0x00360520,0x00360768,84
Em19_move_backward,0x00360790,0x00360794,4
FUN_003607c0,0x003607C0,0x00360818,80
Em19_light_control,0x00360880,0x00360884,4
Em19_morph_move,0x00360D50,0x00360D54,4
Em19_updown_hosei,0x00360EA0,0x00360EA4,4
Em19_devil_ck,0x00360F70,0x00360F74,4
Em19_get_light,0x003610E0,0x003611C0,216
Set_effect_em06_dmg_feather,0x003611D0,0x003611D4,4
Set_effect_em06_00,0x00361540,0x00361550,16
Set_effect_em06_01,0x00361D30,0x00361E54,292
Set_effect_em05_01,0x00362020,0x0036202C,12
Set_effect_em05_02,0x00362320,0x00362330,16
Set_effect_em05_02_2,0x00362700,0x00362710,16
FUN_003627e0,0x003627E0,0x003627FC,28
FUN_00362a00,0x00362A00,0x00362A0C,12
Set_effect_em05_02_3,0x00362B30,0x00362B40,16
Set_effect_em05_03,0x00362D70,0x00362D74,4
FUN_00363160,0x00363160,0x003631A0,64
FUN_00363420,0x00363420,0x00363424,4
Set_effect_em05_05,0x003637D0,0x003637D4,4
FUN_00363a20,0x00363A20,0x00363A34,20
Set_effect_em06_05,0x00363B90,0x00363B94,4
Set_effect_em05_denki00,0x00363F60,0x00363F64,4
Set_effect_em05_denki01,0x00364340,0x00364344,4
Set_effect_em05_denki02,0x00364640,0x00364648,8
FUN_003647e0,0x003647E0,0x00364840,96
Set_effect_em05_denki03,0x00364860,0x00364868,8
Set_effect_em05_denki04_sp,0x00364A90,0x00364AC8,56
Set_effect_em05_denki04,0x00364AE0,0x00364AEC,12
Set_effect_em05_denki05,0x00364D70,0x00364DA8,56
Set_effect_em05_denki_dama,0x00364DC0,0x00364F4C,376
Set_effect_em05_06,0x00364FD0,0x00364FE0,16
eff_em05_get_cross_position,0x00365680,0x00365690,16
eff_em05_denki_dir_set,0x00365790,0x00365794,4
eff_em05_denki_dir_set2,0x00365B90,0x00365B94,4
eff_em05_denki_dir_set3,0x00365FE0,0x00365FE4,4
ctr_EmSeCall,0x003663D0,0x003663EC,28
spd_level_adjust,0x00366430,0x00366480,80
eff_em05_denki_dir,0x00366480,0x0036648C,12
eff_em05_reflect_denki,0x00366550,0x0036655C,12
eff_em05_denki_tama,0x00366680,0x00366690,16
eff_em05_mouth_move_denki,0x00366770,0x00366774,4
eff_em05_move_denki,0x003668A0,0x003668B0,16
eff_em05_tentyu,0x00366A20,0x00366A28,8
eff_em05_tentyu2,0x00366AA0,0x00366AA8,8
eff_em05_tentyu3,0x00366B20,0x00366B28,8
eff_em05_tentyu4,0x00366BA0,0x00366BA8,8
eff_em05_tentyu5,0x00366C20,0x00366C28,8
eff_em05_shot_denki_wire,0x00366CA0,0x00366CB0,16
eff_em05_shot_denki_wire2,0x00366EB0,0x00366EB4,4
eff_em05_shot_wind,0x00367120,0x00367130,16
eff_em05_syo_light,0x00367200,0x00367214,20
eff_em05_syo_light2,0x00367220,0x00367230,16
eff_em05_shot_denki_wire2_set,0x00367630,0x00367634,4
seteff_em05_core,0x00367960,0x00367964,4
set_eff_light_player,0x00367A50,0x00367A5C,12
Set_effect_pl00_mizusibuki,0x00367B80,0x00367B8C,12
Set_effect_pl00_kaminari00,0x00367ED0,0x00367ED8,8
Set_effect_pl00_kaminari02,0x00368050,0x00368054,4
Set_effect_pl00_kaminari04,0x003681F0,0x003681F4,4
Set_effect_pl00_kaminari01,0x003683A0,0x003683A8,8
set_eff_pl00_flash,0x00368510,0x0036851C,12
set_eff_pl00_denki_aura,0x003688B0,0x003688C0,16
set_eff_pl00_denki_aura2,0x003688C0,0x003688C4,4
Set_effect_pl00_kemuri00,0x00368E90,0x00368EA0,16
Set_effect_pl00_kemuri01,0x00369330,0x00369340,16
Set_effect_pl00_denkiatk00_0,0x00369800,0x00369804,4
Set_effect_pl00_denkiatk00,0x00369990,0x003699C8,56
Set_effect_pl00_denkiatk01,0x003699E0,0x003699E8,8
FUN_00369a60,0x00369A60,0x00369B68,264
Set_effect_pl00_denki_ra,0x00369BB0,0x00369BC0,16
Set_effect_pl00_denki_la,0x00369D70,0x00369D78,8
Set_effect_pl00_uji_eki_hagare,0x00369F40,0x00369FCC,140
set_eff_pl00_denki_tame,0x0036A020,0x0036A02C,12
set_eff_pl00_denki_tame_lefthand,0x0036A3B0,0x0036A3BC,12
set_eff_pl00_2d_denki,0x0036A740,0x0036A744,4
set_eff_pl00_t_denki_aura,0x0036AA40,0x0036AA50,16
set_eff_pl00_t_denki_aura2,0x0036AA50,0x0036AA58,8
Set_effect_em2x_flash,0x0036B170,0x0036B174,4
set_eff_light_on_mat,0x0036B500,0x0036B50C,12
Set_effect_em2x_flash3,0x0036B740,0x0036B748,8
ectrl07_init00,0x0036B880,0x0036B8A0,32
Set_effect_ctr07_eki,0x0036B8A0,0x0036B8B4,20
ChkHitPlane,0x0036BA00,0x0036BA08,8
ectrl07_move10,0x0036BA70,0x0036BA78,8
Ectrl_07,0x0036BD80,0x0036BDA0,32
ectrl08_init00,0x0036BDA0,0x0036BDC0,32
Set_effect_ctr08_taieki,0x0036BDC0,0x0036BDD4,20
ectrl08_move10,0x0036C120,0x0036C12C,12
FUN_0036c440,0x0036C440,0x0036C4D4,148
Ectrl_08,0x0036C4F0,0x0036C510,32
ectrl09_init00,0x0036C510,0x0036C530,32
ectrl09_move10,0x0036C530,0x0036C53C,12
FUN_0036c680,0x0036C680,0x0036C698,24
Ectrl_09,0x0036C780,0x0036C7A0,32
ectrl0a_init00,0x0036C7A0,0x0036C7C0,32
ectrl0a_move10,0x0036C7C0,0x0036C7D0,16
FUN_0036d040,0x0036D040,0x0036D618,524
Ectrl_0a,0x0036D640,0x0036D660,32
ectrl0b_init00,0x0036D660,0x0036D680,32
ectrl0b_move10,0x0036D680,0x0036D68C,12
FUN_0036ddc0,0x0036DDC0,0x0036E100,164
Ectrl_0b,0x0036E120,0x0036E140,32
ectrl0d_init00,0x0036E140,0x0036E14C,12
ectrl0d_move10,0x0036E150,0x0036E1DC,140
Ectrl_0d,0x0036E1F0,0x0036E210,32
ectrl13_init00,0x0036E210,0x0036E224,20
ectrl13_move10,0x0036E230,0x0036E240,16
Ectrl_13,0x0036E430,0x0036E450,32
ectrl14_init00,0x0036E450,0x0036E464,20
ectrl14_move10,0x0036E470,0x0036E494,36
Ectrl_14,0x0036E4A0,0x0036E4C0,32
ectrl19_init00,0x0036E4C0,0x0036E4D4,20
ectrl19_move10,0x0036E4E0,0x0036E4E8,8
Ectrl_19,0x0036E870,0x0036E890,32
ectrl1f_init00,0x0036E890,0x0036E8A8,24
ectrl1f_move00,0x0036E8B0,0x0036E8B4,4
FUN_0036eaa0,0x0036EAA0,0x0036EAC0,32
ectrl1f_move10,0x0036F2E0,0x0036F2E4,4
FUN_0036f4c0,0x0036F4C0,0x0036F4D4,20
Ectrl_1f,0x0036F8A0,0x0036F8C0,32
ectrl24_init00,0x0036F8C0,0x0036F8F8,56
ectrl24_move10,0x0036F900,0x0036FAE4,252
Ectrl_24,0x0036FB80,0x0036FBA0,32
ectrl25_init00,0x0036FBA0,0x0036FBB4,20
ectrl25_move10,0x0036FBC0,0x0036FCE0,288
FUN_0036fce0,0x0036FCE0,0x0036FCFC,28
Ectrl_25,0x0036FD10,0x0036FD30,32
ectrl26_init00,0x0036FD30,0x0036FD44,20
ectrl26_move10,0x0036FD50,0x0036FE78,296
Ectrl_26,0x0036FE90,0x0036FEB0,32
ectrl2c_init00,0x0036FEB0,0x0036FEBC,12
ectrl2c_move10,0x0036FEC0,0x0037000C,304
FUN_00370040,0x00370040,0x003700B8,120
Ectrl_2c,0x00370150,0x00370170,32
ectrl30_init00,0x00370170,0x00370184,20
ectrl30_move10,0x00370190,0x00370194,4
FUN_00370a80,0x00370A80,0x00370AA0,32
FUN_00370b40,0x00370B40,0x00370B48,8
FUN_00370c00,0x00370C00,0x00370C44,68
FUN_00370d60,0x00370D60,0x00370D88,40
Ectrl_30,0x00371000,0x00371020,32
ectrl37_init00_t00,0x00371020,0x003716F0,760
ectrl37_move10_t00,0x00371700,0x00371710,16
Ectrl_37,0x00371710,0x00371730,32
ectrl3b_init00,0x00371730,0x00371744,20
ectrl3b_move10,0x00371750,0x00371754,4
Ectrl_3b,0x00371880,0x003718A0,32
ectrl3c_init00,0x003718A0,0x003718B4,20
ectrl3c_move_t00,0x003718C0,0x00371BD4,220
ectrl3c_move_t01,0x00371CE0,0x00371FD4,216
ectrl3c_move10,0x00371FF0,0x0037203C,68
Ectrl_3c,0x00372040,0x00372060,32
ectrl40_init00,0x00372060,0x00372078,24
ectrl40_move10,0x00372080,0x00372084,4
Ectrl_40,0x00372440,0x00372460,32
ectrl41_init00,0x00372460,0x00372468,8
ectrl41_move10,0x00372740,0x0037274C,12
ectrl41_move20,0x00373210,0x0037321C,12
ectrl41_move00,0x00373C40,0x00373C8C,68
Ectrl_41,0x00373C90,0x00373CB0,32
ectrl42_init00,0x00373CB0,0x00373D1C,72
ectrl42_move10,0x00373D70,0x00373D74,4
ectrl42_move11,0x003741D0,0x003741D8,8
ectrl42_move00,0x003744D0,0x003744F0,32
Ectrl_42,0x003744F0,0x00374510,32
ectrl43_init00,0x00374510,0x0037451C,12
ectrl43_move10,0x00374680,0x00374684,4
Ectrl_43,0x00374E00,0x00374E20,32
ectrl45_init00,0x00374E20,0x00374E38,24
ectrl45_move10,0x00374E40,0x00374E50,16
Ectrl_45,0x00375350,0x00375370,32
ectrl46_init00,0x00375370,0x00375384,20
ectrl46_move10,0x00375390,0x003753A4,20
Ectrl_46,0x00375920,0x00375940,32
ectrl47_init00,0x00375940,0x00375954,20
ectrl47_move20,0x00375960,0x00375964,4
ectrl47_move21,0x003761B0,0x003761B4,4
ectrl47_move22,0x003766D0,0x003766D4,4
ectrl47_move23,0x00376C20,0x00376C30,16
ectrl47_move10,0x00376F80,0x00376FA0,32
Ectrl_47,0x00376FA0,0x00376FC0,32
ectrl48_init00,0x00376FC0,0x00377040,56
ectrl48_move10,0x00377090,0x00377098,8
Ectrl_48,0x00377400,0x00377420,32
ectrl49_init00,0x00377420,0x003774A0,56
ectrl49_move10,0x00377590,0x00377594,4
Ectrl_49,0x00377850,0x00377870,32
ectrl4a_init00,0x00377870,0x0037787C,12
ectrl4a_move10,0x00377A10,0x00377A14,4
Ectrl_4a,0x00377C80,0x00377CA0,32
Em01_move,0x00377CA0,0x00377CB4,20
Em01_R0_init,0x003783F0,0x003783F4,4
Em01_voice_request,0x00378B50,0x00378BA8,88
Em01_voice_off,0x00378BB0,0x00378BBC,12
Em01_voice_seq_ctrl,0x00378BC0,0x00378D10,336
Em01_tate_move,0x00378D20,0x00378D24,4
Em01_missile_move,0x00378E50,0x00378E54,4
Em01_R0_move,0x00379440,0x00379608,452
Em01_R1_br_wait,0x00379620,0x003796A4,132
Em01_R1_wait,0x003796B0,0x00379724,96
Em01_R1_br_walk,0x003797A0,0x00379AE8,668
Em01_R1_walk,0x0037A9D0,0x0037A9D4,4
Em01_R1_br_walk_h,0x0037ABD0,0x0037AC10,64
Em01_R1_walk_h,0x0037AC10,0x0037AD40,180
Em01_R1_br_run,0x0037ADB0,0x0037B888,948
Em01_R1_run,0x0037B8A0,0x0037B8A4,4
Em01_R1_br_turn,0x0037C180,0x0037C188,8
Em01_R1_turn,0x0037C190,0x0037C194,4
Em01_R1_br_step,0x0037C500,0x0037C508,8
Em01_R1_step,0x0037C510,0x0037C514,4
Em01_R1_br_step_muteki,0x0037CC80,0x0037CC88,8
Em01_R1_step_muteki,0x0037CC90,0x0037CDA0,256
Em01_R1_br_duck,0x0037D010,0x0037D018,8
Em01_R1_duck,0x0037D020,0x0037D024,4
Em01_R1_br_ikaku,0x0037D230,0x0037D238,8
Em01_R1_ikaku,0x0037D240,0x0037D2D4,128
Em01_R1_br_crow,0x0037D420,0x0037D428,8
Em01_R1_crow,0x0037D430,0x0037D440,16
Em01_R1_br_jump_up,0x0037D830,0x0037D86C,60
Em01_R1_jump_up,0x0037D870,0x0037D8D0,92
Em01_R1_br_jump_down,0x0037DC10,0x0037DC4C,60
Em01_R1_jump_down,0x0037DC50,0x0037DEA4,360
Em01_R1_br_defence,0x0037DEC0,0x0037DEC8,8
Em01_R1_defence,0x0037DED0,0x0037DED4,4
Em01_R1_br_def_hand,0x0037E400,0x0037E408,8
Em01_R1_def_hand,0x0037E410,0x0037E414,4
Em01_R1_br_tate_fly,0x0037E760,0x0037E768,8
Em01_R1_tate_fly,0x0037E770,0x0037E7F4,116
Em01_R1_br_atk_s,0x0037E870,0x0037E878,8
Em01_R1_atk_s,0x0037E880,0x0037E884,4
Em01_R1_br_atk_m_s,0x0037EE10,0x0037EE18,8
Em01_R1_atk_m_s,0x0037EE20,0x0037EE24,4
Em01_R1_br_atk_m,0x0037F410,0x0037F418,8
Em01_R1_atk_m,0x0037F420,0x0037F424,4
Em01_R1_br_atk_j,0x0037F930,0x0037F938,8
Em01_R1_atk_j,0x0037F940,0x0037F948,8
Em01_R1_br_atk_r,0x0037FFF0,0x0037FFF8,8
Em01_R1_atk_r,0x00380000,0x00380008,8
Em01_R1_br_atk_qr,0x00380640,0x00380648,8
Em01_R1_atk_qr,0x00380650,0x00380658,8
Em01_R1_br_atk_l,0x00380C90,0x00380C98,8
Em01_R1_atk_l,0x00380CA0,0x00380CA4,4
Em01_R1_br_atk_oi,0x003815A0,0x003815A8,8
Em01_R1_atk_oi,0x003815B0,0x003815B8,8
Em01_R1_br_atk_tsuki,0x00381CA0,0x00381CA8,8
Em01_R1_atk_tsuki,0x00381CB0,0x00381CB4,4
Em01_R1_br_atk_missile,0x00382600,0x00382608,8
Em01_R1_atk_missile,0x00382610,0x00382614,4
Em01_R1_br_atk_doton_up,0x00382D20,0x00382D28,8
Em01_R1_atk_doton_up,0x00382D30,0x00382D44,20
Em01_R1_br_doton_up,0x00383210,0x00383218,8
Em01_R1_doton_up,0x00383220,0x00383234,20
Em01_R1_br_doton_down,0x00383500,0x00383508,8
Em01_R1_doton_down,0x00383510,0x00383524,20
Em01_R1_br_sce_wait,0x00383740,0x00383748,8
Em01_R1_sce_wait,0x00383750,0x00383758,8
Em01_R1_br_dash,0x00383760,0x003837B4,84
Em01_R1_dash,0x00383A70,0x00383A74,4
Em01_R1_br_doton_move,0x00383CD0,0x00383CD8,8
Em01_R1_doton_move,0x00383CE0,0x00383CF4,20
Em01_R1_br_comb_set,0x00384130,0x00384138,8
Em01_R1_comb_set,0x00384140,0x003841DC,116
Em01_R1_br_atk_comb,0x00384210,0x00384218,8
Em01_R1_atk_comb,0x00384220,0x00384564,292
Em01_R1_br_hamari_nige,0x00384740,0x00384748,8
Em01_R1_hamari_nige,0x00384750,0x00384764,20
Em01_R0_damage,0x00384A60,0x00384B40,212
Em01_R1_dm_handgun,0x00384B50,0x00384C1C,176
Em01_R1_dm_shotgun,0x00384F60,0x003851B0,376
Em01_R1_dm_sword2,0x00385250,0x00385450,376
Em01_R1_dm_yoroke,0x003854E0,0x00385560,96
Em01_R1_dm_jmp,0x00385600,0x0038575C,264
Em01_R1_dm_up,0x003857C0,0x003857F8,56
Em01_R1_dm_up_nige,0x00385C10,0x00385C48,56
Em01_R0_die,0x00386180,0x003861A0,32
Em01_R1_die_normal,0x003861A0,0x00386540,780
Em01_R1_die_front,0x00386550,0x003868F8,788
Em01_R1_die_rear,0x00386910,0x00386CB8,788
Em01_R1_die_air,0x00386CD0,0x003870A0,816
Em01_R1_die_crit,0x003870B0,0x003870E8,56
Em01_dm_ck,0x003875D0,0x003875D8,8
Em01_hokan_rotation,0x00389AA0,0x00389AA8,8
Em01_R0_reset,0x00389B50,0x00389BB8,96
Em01_R1_reset_ceil,0x00389BC0,0x00389C48,100
Em01_R1_reset_floor,0x00389CF0,0x00389D78,100
Em01_R1_reset_right,0x00389E10,0x00389E18,8
Em01_R1_reset_left,0x00389E20,0x00389E28,8
Em01_R1_reset_doton_up,0x00389E30,0x00389E44,20
Em01s_R0_move,0x0038A0E0,0x0038A1F4,276
Em01s_R1_br_wait,0x0038A210,0x0038A218,8
Em01s_R1_wait,0x0038A220,0x0038A2F4,180
Em01s_R1_br_walk,0x0038A330,0x0038A65C,808
Em01s_R1_walk,0x0038A670,0x0038A6F0,96
Em01s_R1_br_walk_back,0x0038A740,0x0038A748,8
Em01s_R1_walk_back,0x0038A750,0x0038A7D0,96
Em01s_R1_br_e_walk,0x0038A840,0x0038A954,276
Em01s_R1_e_walk,0x0038A970,0x0038A9E4,96
Em01s_R1_br_up,0x0038AA50,0x0038AA58,8
Em01s_R1_up,0x0038AA60,0x0038AAE0,96
Em01s_R1_br_down,0x0038AC50,0x0038AC58,8
Em01s_R1_down,0x0038AC60,0x0038ACE0,96
Em01s_R1_br_run,0x0038AE50,0x0038B09C,584
Em01s_R1_run,0x0038B0B0,0x0038B27C,300
Em01s_R1_br_turn,0x0038B2C0,0x0038B2C8,8
Em01s_R1_turn,0x0038B2D0,0x0038B3A4,164
Em01s_R1_br_turn_180,0x0038B410,0x0038B418,8
Em01s_R1_turn_180,0x0038B420,0x0038B4A4,104
Em01s_R1_br_crow,0x0038B4F0,0x0038B4F8,8
Em01s_R1_crow,0x0038B500,0x0038B510,16
Em01s_R1_br_atk,0x0038B980,0x0038B988,8
Em01s_R1_atk,0x0038B990,0x0038B9C8,56
Em01s_R1_br_atk_missile,0x0038BCB0,0x0038BCB8,8
Em01s_R1_atk_missile,0x0038BCC0,0x0038BCC4,4
Em01s_R0_damage,0x0038C330,0x0038C394,100
Em01s_R1_dm_swim,0x0038C3A0,0x0038C478,176
Em01s_R0_die,0x0038C730,0x0038CA58,700
Em01_neck_move,0x0038CA70,0x0038CA78,8
Em01_kick_move,0x0038CBC0,0x0038CBC4,4
Em01s_R0_reset,0x0038CDF0,0x0038CE14,36
Pl_em_dam_em01_atk_tsuki,0x0038CE20,0x0038CE28,8
Em01_event_tsume_grow_init,0x0038D000,0x0038D068,104
Em01_devil_mode_ck,0x0038D070,0x0038D130,188
Em01_pos_hosei,0x0038D190,0x0038D198,8
Em0f_move,0x0038D3C0,0x0038D3C4,4
Em0f_tsume_effect,0x0038DA10,0x0038DA14,4
Em0f_missile_move,0x0038DAD0,0x0038DAD4,4
Em0f_light_move,0x0038DF40,0x0038E07C,104
Em0f_R0_init,0x0038E170,0x0038E174,4
Em0f_R0_move,0x0038E5F0,0x0038E724,308
Em0f_ice_eff,0x0038E740,0x0038E754,20
Em0f_R1_br_wait,0x0038E7E0,0x0038E7E8,8
Em0f_R1_wait,0x0038E7F0,0x0038E804,20
FUN_0038e840,0x0038E840,0x0038E8F0,176
Em0f_R1_br_walk,0x0038E930,0x0038F1F0,2012
Em0f_R1_walk,0x0038F200,0x0038F204,4
Em0f_R1_br_run,0x0038F5D0,0x0038F5D4,4
Em0f_R1_run,0x0038F960,0x0038FAF0,248
Em0f_R1_br_turn,0x0038FB30,0x0038FB38,8
Em0f_R1_turn,0x0038FB40,0x0038FC88,304
Em0f_R1_br_step,0x0038FD70,0x0038FD78,8
Em0f_R1_step,0x0038FD80,0x0038FD84,4
Em0f_R1_br_warp,0x00390010,0x00390018,8
Em0f_R1_warp,0x00390020,0x00390024,4
Em0f_R1_br_healing,0x003916D0,0x003916D8,8
Em0f_R1_healing,0x003916E0,0x003916E4,4
Em0f_R1_br_evt_return,0x00391DF0,0x00391DF8,8
Em0f_R1_evt_return,0x00391E00,0x00391F5C,192
Em0f_R1_br_evt_wait,0x00391FC0,0x00391FC8,8
Em0f_R1_evt_wait,0x00391FD0,0x00392024,80
Em0f_R1_br_dummy_wait,0x00392030,0x00392038,8
Em0f_R1_dummy_wait,0x00392040,0x003920AC,104
Em0f_R1_br_dummy_warp,0x003920B0,0x003920B8,8
Em0f_R1_dummy_warp,0x003920C0,0x0039212C,104
Em0f_R1_br_jump_up,0x00392150,0x0039218C,60
Em0f_R1_jump_up,0x00392190,0x003921F0,92
Em0f_R1_br_jump_down,0x00392AB0,0x00392AEC,60
Em0f_R1_jump_down,0x00392AF0,0x0039300C,480
FUN_00392d80,0x00392D80,0x00392D8C,12
Em0f_hokan_rotation,0x00393020,0x00393028,8
Em0f_R1_br_atk_s,0x003930D0,0x003930D8,8
Em0f_R1_atk_s,0x003930E0,0x003932E8,356
Em0f_R1_br_atk_m_s,0x003933E0,0x003933E8,8
Em0f_R1_atk_m_s,0x003933F0,0x00393640,356
Em0f_R1_br_atk_m,0x00393740,0x00393748,8
Em0f_R1_atk_m,0x00393750,0x00393978,356
Em0f_R1_br_atk_j,0x00393A70,0x00393A78,8
Em0f_R1_atk_j,0x00393A80,0x00393A84,4
FUN_00393c40,0x00393C40,0x00393C44,4
FUN_00393cc0,0x00393CC0,0x00393D40,72
Em0f_R1_br_atk_r,0x003941B0,0x003941B8,8
Em0f_R1_atk_r,0x003941C0,0x003943C8,356
Em0f_R1_br_atk_l,0x003944C0,0x003944C8,8
Em0f_R1_atk_l,0x003944D0,0x003946D8,356
Em0f_R1_br_atk_missile,0x003947D0,0x003947D8,8
Em0f_R1_atk_missile,0x003947E0,0x003947EC,12
FUN_003951e0,0x003951E0,0x00395304,160
Em0f_R1_br_atk_tsuki,0x003954C0,0x003954C8,8
Em0f_R1_atk_tsuki,0x003954D0,0x003954DC,12
Em0f_R1_br_atk_ice,0x00395E40,0x00395E48,8
Em0f_R1_atk_ice,0x00395E50,0x00395F20,156
Em0f_R1_br_atk_ice2,0x00395FF0,0x00395FF8,8
Em0f_R1_atk_ice2,0x00396000,0x00396318,200
Em0f_R1_br_crow,0x00396680,0x00396688,8
Em0f_R1_crow,0x00396690,0x00396698,8
Em0f_R1_br_hamari_warp,0x00396AA0,0x00396AA8,8
Em0f_R1_hamari_warp,0x00396AB0,0x00396AB4,4
Em0f_R0_damage,0x00397EA0,0x00397F40,136
Em0f_R1_dm_handgun,0x00397F50,0x0039801C,176
Em0f_R1_dm_sword2,0x003980C0,0x003982C8,376
Em0f_R1_dm_up,0x00398320,0x00398358,56
Em0f_R1_dm_up_nige,0x003986D0,0x00398708,56
Em0f_R1_dm_jmp,0x00398C60,0x00398DB0,264
Em0f_R0_die,0x00398E00,0x00398E14,20
FUN_00399180,0x00399180,0x00399250,208
Em0f_dm_ck,0x00399260,0x00399274,20
FUN_00399480,0x00399480,0x003994FC,104
FUN_00399680,0x00399680,0x00399681,1
Em0f_R0_reset,0x00399D80,0x00399DBC,60
Em0f_R1_reset_ceil,0x00399DC0,0x0039A124,240
FUN_00399f60,0x00399F60,0x00399F7C,28
Em0f_R1_reset_floor,0x0039A1D0,0x0039A258,100
FUN_0039a500,0x0039A500,0x0039A538,56
Em0f_R1_reset_right,0x0039A5D0,0x0039A5D8,8
Em0f_R1_reset_left,0x0039A5E0,0x0039A5E8,8
Em0f_R1_reset_sp00,0x0039A5F0,0x0039A664,100
Em0f_neck_move,0x0039A6E0,0x0039A6E8,8
Em0f_charge_eff,0x0039A850,0x0039A858,8
Em0f_atk_hit_eff,0x0039A900,0x0039A914,20
Em0f_atk_hit_eff_laser,0x0039A9D0,0x0039A9D8,8
Em0f_eff_dango,0x0039AA60,0x0039AA64,4
Em0f_blur_set,0x0039ADA0,0x0039ADA4,4
Pl_em_dam_em0f_atk_tsuki,0x0039AE80,0x0039AE88,8
Em0f_tume_tex_move,0x0039B050,0x0039B07C,44
Em0f_get_dummy_em0f,0x0039B580,0x0039B638,184
Em0f_kill_dummy_em0f,0x0039B640,0x0039B688,72
Em0f_devil_mode_ck,0x0039B690,0x0039B748,180
Em0f_pos_hosei,0x0039B7A0,0x0039B7A8,8
Set_effect_em02_uji,0x0039B9D0,0x0039B9DC,12
FUN_0039ba20,0x0039BA20,0x0039BAC8,76
Set_effect_em02_uji_katamari,0x0039BB30,0x0039BB3C,12
Set_effect_em02_uji_ekikabe,0x0039BCC0,0x0039BCC8,8
Set_effect_em02_uji_eki_pl,0x0039BDA0,0x0039BDA4,4
Set_effect_em02_uji_eki_dmg,0x0039BE80,0x0039BE84,4
Set_effect_em02_uji_eki_hagare,0x0039BF20,0x0039BF60,64
Set_effect_em02_uji_hittuki,0x0039BFC0,0x0039BFC4,4
Set_effect_em02_nikuhen,0x0039C140,0x0039C144,4
Set_effect_em02_uji_sitai,0x0039C3B0,0x0039C3B4,4
Set_effect_em02_uji_dmgeki2d,0x0039C550,0x0039C5F8,168
Set_eff_data_em02_uji,0x0039C610,0x0039C618,8
FUN_0039c660,0x0039C660,0x0039C710,176
Set_eff_data_em02_uji_bomb,0x0039C730,0x0039C738,8
Set_effect_em02_uji_put_player,0x0039C8A0,0x0039C900,96
Set_effect_pl00_sword_fireset1,0x0039CA90,0x0039CA98,8
set_eff_pl00_sword_light,0x0039CBB0,0x0039CBBC,12
Set_effect_pl00_sword_fireset0,0x0039CE20,0x0039CE24,4
Set_effect_pl00_sword_fire_st,0x0039CF50,0x0039CF58,8
Set_effect_pl00_firewall,0x0039D130,0x0039D138,8
FUN_0039d1a0,0x0039D1A0,0x0039D1C4,36
Set_effect_pl00_fire_punch00,0x0039D3A0,0x0039D3D0,48
Set_effect_pl00_fire_kick00,0x0039D400,0x0039D430,48
Set_effect_pl00_sword_fire,0x0039D460,0x0039D488,40
FUN_0039d4a0,0x0039D4A0,0x0039D4B8,24
Set_effect_pl00_sake_strip,0x0039D4E0,0x0039D4EC,12
FUN_0039d540,0x0039D540,0x0039D5CC,140
Set_effect_pl00_del_sake_strip,0x0039D620,0x0039D638,24
Set_effect_pl00_sakefirep,0x0039D640,0x0039D648,8
Set_effect_pl00_sake,0x0039D780,0x0039D7B8,56
Set_effect_pl00_01,0x0039D960,0x0039D9F8,152
set_eff_pl00_honoo_aura,0x0039DA10,0x0039DAB4,164
set_eff_pl00_up_fire,0x0039DAC0,0x0039DADC,28
Set_effect_pl00_dmfire_damage,0x0039DBE0,0x0039DC24,68
Set_effect_pl00_fire_damage,0x0039DC50,0x0039DC64,20
FUN_0039dce0,0x0039DCE0,0x0039DD44,100
Om19_move,0x0039DD60,0x0039DD80,32
Om19_R0_init,0x0039DD80,0x0039DD98,24
Om19_R0_move,0x0039DE00,0x0039DE08,8
FUN_0039e000,0x0039E000,0x0039E0A0,160
FUN_0039e1a0,0x0039E1A0,0x0039E1B0,16
FUN_0039e440,0x0039E440,0x0039E468,40
Om19_R1_mv00,0x0039E480,0x0039E484,4
Om19_dm_ck,0x0039E900,0x0039ECE8,168
Om18_move,0x0039EE10,0x0039EE58,72
Om18_R0_init,0x0039EE70,0x0039EE78,8
Om18_R0_wait,0x0039F060,0x0039F068,8
Om18_R0_move,0x0039F070,0x0039F090,32
Om18_R1_mv00,0x0039F090,0x0039F0A4,20
Om18_R1_mv01,0x0039F3E0,0x0039F3E4,4
Om18_R1_mv02,0x0039FF40,0x0039FF54,20
FUN_0039ffc0,0x0039FFC0,0x003A000C,68
FUN_003a00c0,0x003A00C0,0x003A00E4,36
Om18_R1_mv03,0x003A02A0,0x003A02B4,20
Om18_R1_mv06,0x003A05D0,0x003A05D4,4
FUN_003a0600,0x003A0600,0x003A065C,92
FUN_003a06e0,0x003A06E0,0x003A079C,180
Om18_R1_mv07,0x003A0D80,0x003A0D84,4
FUN_003a11e0,0x003A11E0,0x003A1204,36
FUN_003a13e0,0x003A13E0,0x003A13EC,12
Om18_R1_em1b_atk,0x003A1530,0x003A1534,4
FUN_003a15a0,0x003A15A0,0x003A15C8,40
FUN_003a16e0,0x003A16E0,0x003A16E8,8
FUN_003a1820,0x003A1820,0x003A1860,64
FUN_003a1860,0x003A1860,0x003A1864,4
FUN_003a1880,0x003A1880,0x003A18B8,56
FUN_003a18c0,0x003A18C0,0x003A1910,80
Om18_R1_em1b_return_atk,0x003A1C70,0x003A1C84,20
FUN_003a1e60,0x003A1E60,0x003A1ECC,108
Om18_R1_em1b_spin,0x003A2080,0x003A2084,4
FUN_003a2800,0x003A2800,0x003A2810,16
Om18_R1_mv08,0x003A2940,0x003A2944,4
Om18_R1_mv09,0x003A3260,0x003A3274,20
Om18_R0_die,0x003A35C0,0x003A3608,72
Om18_R1_die00,0x003A3630,0x003A3640,16
Om18_R1_die02,0x003A4C60,0x003A4C70,16
Om18_R1_em1b_die01,0x003A62B0,0x003A62B4,4
Om18_scr_at_ck,0x003A6DE0,0x003A6DEC,12
Om18_dm_ck,0x003A6E50,0x003A704C,440
Om18_em1b_dm_ck,0x003A7060,0x003A7108,128
Om18_dm_ryu_ck,0x003A7120,0x003A7320,440
Set_Meteo,0x003A7330,0x003A7338,8
Set_Meteo_all_han,0x003A7530,0x003A7534,4
Set_Meteo_all_han_e,0x003A7610,0x003A7648,56
Set_Meteo_evt,0x003A76C0,0x003A76C1,1
Set_Meteo_kill,0x003A7740,0x003A7788,72
Set_Fire2,0x003A7810,0x003A794C,120
Set_Fire_all,0x003A7950,0x003A7A84,92
Set_Fire_all_han,0x003A7A90,0x003A7A94,4
Set_Fire_all_ryu,0x003A7BE0,0x003A7BE8,8
Set_Fire_start,0x003A7CD0,0x003A7D60,144
Set_Fire_start2,0x003A7D90,0x003A7E00,112
FUN_003a7e00,0x003A7E00,0x003A7E20,32
Set_Fire_start_han,0x003A7E60,0x003A7E61,1
Set_Fire_start_remove2,0x003A7EB0,0x003A7F00,80
FUN_003a7f00,0x003A7F00,0x003A7F24,36
Set_Fire_start_remove,0x003A7F30,0x003A7F34,4
Om18_Em1b_atk_set,0x003A8040,0x003A8044,4
FUN_003a8080,0x003A8080,0x003A8088,8
FUN_003a80c0,0x003A80C0,0x003A80C8,8
FUN_003a8100,0x003A8100,0x003A8170,112
Om18_Em1b_atk_set2,0x003A8190,0x003A8194,4
Om18_light_control,0x003A82E0,0x003A82F8,24
FUN_003a8980,0x003A8980,0x003A898C,12
Om15_move,0x003A8A40,0x003A8A60,32
Om15_R0_init,0x003A8A60,0x003A8D28,660
Om15_R0_wait,0x003A8D40,0x003A8DE0,140
Om15_R0_move,0x003A8DE0,0x003A8E10,48
Om15_R1_mv00,0x003A8EB0,0x003A8EBC,12
FUN_003a9de0,0x003A9DE0,0x003A9F20,208
FUN_003a9f20,0x003A9F20,0x003A9F5C,60
Om15_R1_mv01,0x003A9F80,0x003A9F8C,12
FUN_003aa080,0x003AA080,0x003AA128,168
FUN_003aa480,0x003AA480,0x003AA4A4,36
FUN_003aa580,0x003AA580,0x003AA854,652
Om15_R1_mv02,0x003AA870,0x003AA878,8
FUN_003aaa60,0x003AAA60,0x003AAA61,1
Om15_R0_die,0x003AB120,0x003AB140,32
Om15_R1_die00,0x003AB140,0x003AB14C,12
Om15_R1_die01,0x003AB910,0x003AB924,20
Om15_R1_die02,0x003ABBD0,0x003ABBDC,12
Om15_Pl_atari_ck,0x003AC020,0x003AC038,24
Orv_Pl_Range_ck,0x003AC050,0x003AC160,144
Om15_Rgb_set,0x003AC160,0x003AC290,56
Green_orb_get,0x003AC290,0x003AC3B4,292
R501_init,0x003AC3C0,0x003AC3D4,20
R501_main,0x003AC540,0x003AC558,24
r501_bub_loop,0x003AC570,0x003AC574,4
bgm_watch,0x003AC630,0x003AC84C,540
Om_orb_set_ck2,0x003AC860,0x003AC86C,12
Crystal_work_init,0x003AC950,0x003AC9F8,124
Crystal_work_clr,0x003ACA00,0x003ACA34,52
Crystal_init,0x003ACA40,0x003ACB4C,268
Crystal_load,0x003ACB60,0x003ACB64,4
Set_Crystal2,0x003ACBF0,0x003ACC1C,44
Set_Crystal4,0x003ACC30,0x003ACC3C,12
Set_Crystal5,0x003ACD50,0x003ACD5C,12
Set_Crystal6,0x003AD170,0x003AD180,16
Set_Crystal7,0x003AD300,0x003AD308,8
Set_Crystal_han,0x003AD4E0,0x003AD4EC,12
Set_Crystal_han2,0x003AD600,0x003AD60C,12
Set_Crystal_han3,0x003AD720,0x003AD728,8
Set_Crystal_item,0x003AD8E0,0x003AD9E0,120
Set_Crystal_item2,0x003AD9F0,0x003AD9F8,8
Crystal_set_init,0x003ADBE0,0x003ADCA8,200
Crystal_Start_Trial,0x003ADCC0,0x003ADCCC,12
Orb_disp_set,0x003AE4C0,0x003AE714,588
Orb_move_set,0x003AE720,0x003AE934,524
Huuin_door_def_evt,0x003AE940,0x003AE944,4
Huuin_door_def_evt2,0x003AEE90,0x003AEE94,4
Huuin_door_def_evt3,0x003AF400,0x003AF404,4
Huuin_door_out,0x003AF8C0,0x003AF8D4,20
Huuin_door_ok2,0x003AF960,0x003AF964,4
Huuin_door_ok,0x003AFA50,0x003AFB10,188
Huuin_door_ok3,0x003AFB20,0x003AFB28,8
Huuin_door_kill,0x003AFB30,0x003AFB70,64
Huuin_door_start,0x003AFB70,0x003AFB78,8
Huuin_door_stop,0x003AFB80,0x003AFBA0,32
Huuin_door_remove,0x003AFBA0,0x003AFBA4,4
Huuin_door_remove3,0x003AFF00,0x003AFF08,8
Huuin_door_remove4,0x003B02A0,0x003B02B0,16
srp_07_init,0x003B05F0,0x003B07A0,384
srp_07_move,0x003B07B0,0x003B07BC,12
srp_07_set2d,0x003B0D10,0x003B0D20,16
Srp07_scr_at_ck,0x003B0D20,0x003B0D3C,28
Strip_07,0x003B0D50,0x003B0D70,32
srp_08_init,0x003B0D70,0x003B0D78,8
srp_08_move,0x003B0FF0,0x003B0FF8,8
srp_08_set2d,0x003B1600,0x003B1610,16
Strip_08,0x003B1610,0x003B1630,32
srp_09_init,0x003B1630,0x003B166C,60
srp_09_move,0x003B17D0,0x003B17E0,16
srp_09_set2d,0x003B1DE0,0x003B1DF0,16
Strip_09,0x003B1DF0,0x003B1E10,32
Set_effect_em18_denkiatk03,0x003B1E10,0x003B1E18,8
Set_effect_em18_kaminari00,0x003B1F50,0x003B1F5C,12
Set_effect_em18_kaminari01,0x003B2160,0x003B216C,12
Set_effect_em18_denki_pR,0x003B2340,0x003B2344,4
Set_effect_em18_denki_pL,0x003B2520,0x003B2524,4
Set_effect_em18_denki_kR,0x003B2700,0x003B2708,8
Set_effect_em18_denki_kL,0x003B2880,0x003B2884,4
set_eff_em18_denki_aura,0x003B29F0,0x003B2A08,24
set_eff_em18_denki_houden,0x003B2ED0,0x003B2EDC,12
set_eff_em18_denki_hitmark,0x003B2F90,0x003B2FA0,16
set_eff_em18_flash,0x003B30D0,0x003B30D4,4
FUN_003b3200,0x003B3200,0x003B323C,60
set_eff_em18_hensin,0x003B33E0,0x003B33F0,16
set_eff_em19_flash,0x003B37E0,0x003B37EC,12
set_eff_em19_denki_aura,0x003B3A20,0x003B3A38,24
My_rot_dir,0x003B3FE0,0x003B3FE4,4
Vec_round_off,0x003B4030,0x003B4034,4
Keep_round_pi,0x003B4100,0x003B4134,52
FUN_003b4140,0x003B4140,0x003B4180,64
Rebound_vec,0x003B41A0,0x003B42B0,272
Eff2d_calc_pos,0x003B42B0,0x003B42D0,32
Eff_animation,0x003B4480,0x003B4584,248
Eff2d_init_v0,0x003B45A0,0x003B45B4,20
Eff2d_init_common,0x003B46C0,0x003B46C8,8
Srp_init_common,0x003B47B0,0x003B47B4,4
FUN_003b48c0,0x003B48C0,0x003B48C8,8
Srp_init_common_sp,0x003B48E0,0x003B48E4,4
FUN_003b49e0,0x003B49E0,0x003B4A00,32
Srp_pos_initial,0x003B4A20,0x003B4A28,8
Srp_pos_calc,0x003B4C30,0x003B4C38,8
FUN_003b4d80,0x003B4D80,0x003B4D84,4
Srp_pos_calc_sp,0x003B4DC0,0x003B4DC8,8
Srp_animation,0x003B4F50,0x003B502C,216
strip_st_h,0x003B5030,0x003B5200,464
strip_st_w,0x003B5200,0x003B53D0,464
Eff2d_color_select,0x003B53D0,0x003B5444,112
Srp_color_select,0x003B5450,0x003B54C4,112
Eff_init_hit_mark_wk,0x003B54D0,0x003B5500,48
srp_0c_init00,0x003B5500,0x003B557C,120
srp_0c_move10,0x003B56E0,0x003B56E8,8
srp_0c_end20,0x003B5BF0,0x003B5C00,16
Strip_0c,0x003B5C00,0x003B5C20,32
srp_0d_init00,0x003B5C20,0x003B5C44,36
srp_0d_move10,0x003B5C60,0x003B5C6C,12
srp_0d_end20,0x003B5D80,0x003B5D90,16
Strip_0d,0x003B5D90,0x003B5DB0,32
srp_0e_init00,0x003B5DB0,0x003B5DD8,40
srp_0e_move10,0x003B5DF0,0x003B5DF8,8
srp_0e_move20,0x003B5ED0,0x003B5ED8,8
Strip_0e,0x003B5FF0,0x003B6010,32
srp_0f_init00,0x003B6010,0x003B6054,68
srp_0f_move10,0x003B6070,0x003B6078,8
FUN_003b6120,0x003B6120,0x003B6154,60
srp_0f_end20,0x003B6170,0x003B6180,16
Strip_0f,0x003B6180,0x003B61A0,32
srp_10_init00,0x003B61A0,0x003B61E4,68
srp_10_move10,0x003B6220,0x003B6240,32
srp_10_end20,0x003B6370,0x003B6380,16
Strip_10,0x003B6380,0x003B63A0,32
srp_11_init00,0x003B63A0,0x003B63C4,36
srp_11_move10,0x003B63E0,0x003B63E8,8
Strip_11,0x003B6550,0x003B6570,32
srp_14_init00,0x003B6570,0x003B65AC,60
srp_14_wait10,0x003B65F0,0x003B6618,40
srp_14_move20,0x003B6620,0x003B6628,8
srp_14_end30,0x003B6900,0x003B6910,16
Strip_14,0x003B6910,0x003B6930,32
srp_15_init00,0x003B6930,0x003B6954,36
srp_15_move10_r00,0x003B6970,0x003B6A50,156
srp_15_move10_r01,0x003B6AD0,0x003B6B04,52
srp_15_init00_r02,0x003B6B60,0x003B6B84,36
srp_15_move10_r02,0x003B6BA0,0x003B6BDC,60
srp_15_move20_r02,0x003B6BF0,0x003B6C24,52
Strip_15,0x003B6D20,0x003B6D50,48
srp_16_init00,0x003B6D50,0x003B6DCC,120
srp_16_move10,0x003B6F40,0x003B6F50,16
Strip_16,0x003B7560,0x003B7580,32
srp_17_init00,0x003B7580,0x003B75FC,120
srp_17_move10,0x003B7750,0x003B7768,24
srp_17_end20,0x003B7B20,0x003B7B30,16
Strip_17,0x003B7B30,0x003B7B50,32
srp_18_init00,0x003B7B50,0x003B7B94,68
srp_18_move10,0x003B7CF0,0x003B7CF4,4
srp_18_end20,0x003B81A0,0x003B81B0,16
Strip_18,0x003B81B0,0x003B81D0,32
srp_19_init00,0x003B81D0,0x003B81F4,36
srp_19_move10_r00,0x003B8210,0x003B8218,8
srp_19_move10_r01,0x003B82E0,0x003B82E8,8
Strip_19,0x003B83B0,0x003B83E0,48
srp_1a_init00,0x003B83E0,0x003B83F4,20
srp_1a_move10,0x003B8630,0x003B8638,8
Strip_1a,0x003B8B70,0x003B8B90,32
Gauge_init,0x003B8B90,0x003B8BAC,28
Cockpit_init,0x003B8D70,0x003B8E94,292
Life_gauge_move,0x003B8EB0,0x003B8EB4,4
Enemy_life_gauge_move,0x003BA460,0x003BAB5C,1588
Enemy_life_gauge_trans,0x003BAB70,0x003BAB74,4
Devil_gauge_move,0x003BB590,0x003BB908,888
Gauge_move,0x003BB920,0x003BB950,48
Item_gauge_move,0x003BB960,0x003BBFD4,1188
Item_gauge_trans,0x003BBFF0,0x003BBFF4,4
Devil_gauge_trans,0x003BC840,0x003BC844,4
Life_gauge_trans,0x003BD9B0,0x003BD9B4,4
Gauge_trans,0x003BE4D0,0x003BE4D4,4
Gauge_scene_init,0x003BE6A0,0x003BE7A0,256
Boss_enemy_check,0x003BE7B0,0x003BE8A4,240
Gauge_disp_off,0x003BE8B0,0x003BE8EC,60
Combo_level_move,0x003BE8F0,0x003BEBB0,684
Combo_level_trans,0x003BEBD0,0x003BEBE0,16
Item_gauge_reset,0x003BEF30,0x003BEF8C,92
Gauge_set_to_easy_mode,0x003BEF90,0x003BF0B4,288
Gauge_level_up,0x003BF170,0x003BF2A0,260
Map_menu,0x003BF2B0,0x003BF3B8,248
Map_menu_init,0x003BF3D0,0x003BF3D8,8
Map_menu_move,0x003BFF70,0x003C021C,620
Map_floor_scroll,0x003C0230,0x003C0238,8
Map_menu_trans,0x003C04D0,0x003C04D4,4
Map_floor_scroll_trans,0x003C1A80,0x003C1A84,4
Put_player,0x003C1CB0,0x003C1CB4,4
Put_door,0x003C21D0,0x003C21D4,4
Put_room,0x003C2AB0,0x003C2AB4,4
Put_mark,0x003C3780,0x003C3784,4
Status_through_map_flg_on,0x003C3A50,0x003C3BCC,380
Translate_cordinate,0x003C3BD0,0x003C3BD8,8
linear_mapping,0x003C3D30,0x003C3D48,24
Map_unknown_chk,0x003C3D70,0x003C3F30,444
Get_mark_no,0x003C3F30,0x003C40A0,332
Is_set_room,0x003C40A0,0x003C42A4,516
Item_menu,0x003C42B0,0x003C43CC,276
Item_menu_init,0x003C43E0,0x003C43E4,4
Item_menu_move,0x003C4BD0,0x003C4BD4,4
Get_uv_tbl_no,0x003C5220,0x003C5290,60
Get_uv_index_no,0x003C5290,0x003C52EC,60
Get_uv_tbl_no2,0x003C52F0,0x003C5358,52
Get_uv_index_no2,0x003C5360,0x003C53B4,52
Item_menu_trans,0x003C53C0,0x003C53C4,4
Orb_info_disp,0x003C6B90,0x003C6B94,4
Item_cancel,0x003C7C20,0x003C7C28,8
Item_spend,0x003C8100,0x003C8104,4
Item_select,0x003C8CC0,0x003C8CC4,4
Item_get,0x003C9830,0x003C9888,80
Item_get_init,0x003C9890,0x003C98A0,16
Item_get_move,0x003CA2C0,0x003CA2C8,8
Item_sort,0x003CB640,0x003CB64C,12
type_cmp,0x003CB770,0x003CB780,16
id_cmp,0x003CB780,0x003CB790,16
Item_find,0x003CB790,0x003CB7F0,96
Item_use,0x003CB7F0,0x003CB7FC,12
Item_obtain,0x003CB980,0x003CB98C,12
Get_item_tex_no,0x003CBA60,0x003CBAB8,52
Get_item_tex_no2,0x003CBAC0,0x003CBB18,52
Get_global_item_id,0x003CBB20,0x003CBB74,52
Get_item_state,0x003CBB80,0x003CBC00,124
Is_consumption_item,0x003CBC00,0x003CBC70,104
Dump_stage_item,0x003CBC70,0x003CBD24,112
Item_hold_over,0x003CBD30,0x003CBD34,4
wait_alarm,0x003CC050,0x003CC064,20
SdrDelayThread,0x003CC080,0x003CC0C0,64
SdrInitQue,0x003CC0D0,0x003CC110,64
sdr_initQue,0x003CC120,0x003CC16C,76
sdr_initDev,0x003CC170,0x003CC178,8
SdrInit,0x003CC200,0x003CC2E4,228
SdrSeReq,0x003CC2F0,0x003CC414,276
SdrSeCancel,0x003CC420,0x003CC52C,260
SdrSeChg,0x003CC530,0x003CC66C,296
SdrSeAllStop,0x003CC670,0x003CC6E0,108
SdrSeMasterVol,0x003CC6E0,0x003CC764,128
SdrBgmMasterVol,0x003CC770,0x003CC7F4,128
SdrXagMasterVol,0x003CC800,0x003CC884,128
SdrBgmReq,0x003CC890,0x003CC920,140
SdrBgmStop,0x003CC920,0x003CC9A4,128
SdrBgmVol,0x003CC9B0,0x003CCA40,140
SdrXagStandby2,0x003CCA40,0x003CCAE0,156
SdrXagSetSkip3,0x003CCAE0,0x003CCB74,144
SdrXagStart,0x003CCB80,0x003CCBF0,108
SdrXagFadeout,0x003CCBF0,0x003CCC94,152
SdrXagStop,0x003CCCA0,0x003CCD10,108
SdrXagVol,0x003CCD10,0x003CCD94,128
SdrXagSetCore,0x003CCDA0,0x003CCE28,132
SdrXagSetBuff,0x003CCE30,0x003CCEC8,148
SdrXagInit,0x003CCED0,0x003CCF94,188
SdrAllStopV,0x003CCFA0,0x003CD010,108
SdrSetOutputMode,0x003CD010,0x003CD098,132
SdrSetRev,0x003CD0A0,0x003CD16C,196
SdrSendReq,0x003CD170,0x003CD17C,12
cb_sifRpc,0x003CD2D0,0x003CD2D8,8
SdrGetStateSend,0x003CD2E0,0x003CD2E8,8
SdrGetStateReceive,0x003CD380,0x003CD3CC,76
SdrGetState,0x003CD3E0,0x003CD418,44
makebuff_tq,0x003CD420,0x003CD4FC,220
makebuff_vmix,0x003CD500,0x003CD5B8,184
makebuff8,0x003CD5C0,0x003CD74C,392
makebuff,0x003CD750,0x003CD7E0,140
makebuff_ext,0x003CD7E0,0x003CD86C,136
sending_req,0x003CD870,0x003CDC60,928
Em_rset_all_clr,0x003CDC60,0x003CDC7C,28
Em_rset_clr,0x003CDE00,0x003CDE1C,28
Em_rset_init,0x003CDE40,0x003CDE48,8
Em_rset_init_main,0x003CDE50,0x003CDE58,8
Em_rset_ck,0x003CE390,0x003CE39C,12
Emr_auto_reset,0x003CE6D0,0x003CE6D8,8
Emr_zone_open,0x003CED90,0x003CEDD4,68
Emr_dummy_routin,0x003CF130,0x003CF154,36
Emr_em01_routin,0x003CF160,0x003CF190,48
Emr_em0f_routin,0x003CF2E0,0x003CF30C,44
Emr_em03_routin,0x003CF450,0x003CF47C,44
Emr_em10_routin,0x003CF5C0,0x003CF5EC,44
Emr_em09_routin,0x003CF750,0x003CF77C,44
Emr_em0a_routin,0x003CF8C0,0x003CF8EC,44
Emr_em0b_routin,0x003CFA50,0x003CFA80,48
Search_reset_em,0x003CFBE0,0x003CFBF4,20
Search_zone,0x003CFC00,0x003CFC08,8
Em_rset_light,0x003CFFF0,0x003CFFF4,4
Ck_em_alive,0x003D0300,0x003D0408,260
Ck_em_die,0x003D0410,0x003D0530,284
Search_em2,0x003D0530,0x003D05B8,136
Reset_zone_ck,0x003D05C0,0x003D0600,60
Zone_open,0x003D0600,0x003D0610,16
Hikari_parts_move,0x003D0A50,0x003D0BA0,336
Eff_hikari_set,0x003D0BA0,0x003D0BB4,20
Em_rset_set,0x003D0CF0,0x003D0D3C,76
Emr_rset_id_set,0x003D0D60,0x003D0E1C,184
Em_reset_search,0x003D0E20,0x003D0E24,4
Em04_move,0x003D0F10,0x003D0F14,4
Em04_R0_init,0x003D11C0,0x003D11D0,16
Em04_R0_move,0x003D1650,0x003D1658,8
Em04_R1_br_wait,0x003D1E20,0x003D1E28,8
Em04_R1_wait,0x003D1E30,0x003D1E38,8
Em04_R1_br_walk,0x003D1E40,0x003D1E90,80
Em04_R1_walk,0x003D1E90,0x003D1F5C,68
Em04_R1_br_atk,0x003D2020,0x003D2028,8
Em04_R1_atk,0x003D2030,0x003D213C,264
Em04_R0_damage,0x003D2150,0x003D2154,4
Em04_R0_die,0x003D23E0,0x003D23E8,8
Em04_dm_ck,0x003D23F0,0x003D2448,84
Get_em04,0x003D2450,0x003D24A8,84
Om8bSetPartsEffect,0x003D24B0,0x003D253C,136
Om8bDelPartsEffect,0x003D2540,0x003D25A8,104
Om8bDelPartsEffectSlow,0x003D25B0,0x003D2618,104
Om8bSetPartsColor,0x003D2620,0x003D27BC,364
Om8b_move,0x003D27C0,0x003D27E0,32
Om8bSetEffLight,0x003D27E0,0x003D27E8,8
Om8bSetEffLight2,0x003D28F0,0x003D28F8,8
Om8b_R0_init,0x003D2900,0x003D2910,16
Om8bSetWaitColor,0x003D2B70,0x003D2D70,500
Om8b_hit,0x003D2D70,0x003D2E38,184
Om8b_flash,0x003D2EA0,0x003D2EE4,68
Om8b_R1_wait,0x003D2F40,0x003D3018,212
Om8b_R1_timer_wait,0x003D3030,0x003D30E0,172
Om8b_R1_wait_supply,0x003D30F0,0x003D31A0,172
Om8b_R1_flash,0x003D31B0,0x003D3294,228
Om8b_R1_timer,0x003D32B0,0x003D3444,400
Om8b_R1_timer_supply,0x003D3460,0x003D3684,488
Om8b_R1_end,0x003D36A0,0x003D3758,184
Om8b_R0_move,0x003D3770,0x003D377C,12
Om8b_dm_ck_type0,0x003D3C90,0x003D3EDC,564
Om8b_dm_ck,0x003D3EF0,0x003D3F34,68
Om8b_light_set,0x003D3F40,0x003D408C,332
Em09_dm_ck,0x003D4090,0x003D40A0,16
Em09_pos_hosei,0x003D4F30,0x003D4F40,16
Em09_move,0x003D5190,0x003D5194,4
Em09_R0_init,0x003D5DE0,0x003D5DE4,4
Em09_R0_move,0x003D7310,0x003D7394,128
Em09_R1_br_mv00,0x003D73B0,0x003D73C4,20
Em09_R1_mv00,0x003D7490,0x003D7534,116
Em09_R1_br_mv01,0x003D7570,0x003D757C,12
Em09_R1_mv01,0x003D7B70,0x003D7C04,112
Em09_R1_br_mv02,0x003D7C40,0x003D7C44,4
Em09_R1_mv02,0x003D8180,0x003D82AC,192
Em09_R1_br_mv03,0x003D82C0,0x003D82D4,20
Em09_R1_mv03,0x003D8320,0x003D832C,12
Em09_R1_br_mv04,0x003D86B0,0x003D86B8,8
Em09_R1_mv04,0x003D86C0,0x003D86D0,16
Em09_R1_br_mv05,0x003D8DD0,0x003D8DD8,8
Em09_R1_mv05,0x003D8DE0,0x003D8DE4,4
Em09_R1_br_mv06,0x003D9DB0,0x003D9DB8,8
Em09_R1_mv06,0x003D9DC0,0x003D9DC4,4
Em09_R1_br_mv07,0x003DA290,0x003DA298,8
Em09_R1_mv07,0x003DA2A0,0x003DA2A4,4
Em09_R1_br_mv08,0x003DABE0,0x003DABE8,8
Em09_R1_mv08,0x003DABF0,0x003DABF8,8
Em09_R1_br_mv09,0x003DB0F0,0x003DB0F8,8
Em09_R1_mv09,0x003DB100,0x003DB10C,12
Em09_R1_br_mv0a,0x003DB7C0,0x003DB7D4,20
Em09_R1_mv0a,0x003DB7F0,0x003DB7F8,8
Em09_R1_br_mv0b,0x003DBE20,0x003DBE34,20
Em09_R1_mv0b,0x003DBE50,0x003DBE58,8
Em09_R1_br_mv0c,0x003DC4A0,0x003DC4B4,20
Em09_R1_mv0c,0x003DC4D0,0x003DC4D4,4
Em09_R1_br_mv0d,0x003DC690,0x003DC698,8
Em09_R1_mv0d,0x003DCA70,0x003DCA74,4
Em09_R1_br_mv0e,0x003DCBA0,0x003DCBA4,4
Em09_R1_mv0e,0x003DCE60,0x003DCE64,4
Em09_R1_br_mv0f,0x003DCF90,0x003DCFA4,20
Em09_R1_mv0f,0x003DCFC0,0x003DCFC8,8
FUN_003dcfe0,0x003DCFE0,0x003DD00C,44
FUN_003dd300,0x003DD300,0x003DD320,32
Em09_R1_br_mv10,0x003DD670,0x003DD684,20
Em09_R1_mv10,0x003DD6A0,0x003DD738,112
Em09_R1_br_mv11,0x003DD790,0x003DD7A4,20
Em09_R1_mv11,0x003DD7C0,0x003DD7C4,4
Em09_R1_br_mv12,0x003DD9A0,0x003DD9A8,8
Em09_R1_mv12,0x003DD9B0,0x003DD9B8,8
Em09_R1_br_mv13,0x003DF0E0,0x003DF0E8,8
Em09_R1_mv13,0x003DF0F0,0x003DF0FC,12
Em09_R1_br_mv14,0x003DFE70,0x003DFE78,8
Em09_R1_mv14,0x003DFE80,0x003DFE88,8
Em09_R1_br_mv15,0x003E02D0,0x003E02E4,20
Em09_R1_mv15,0x003E0300,0x003E0308,8
Em09_R1_br_mv16,0x003E0BD0,0x003E0BE4,20
Em09_R1_mv16,0x003E0C00,0x003E0C08,8
Em09_R1_br_mv17,0x003E0E80,0x003E0E84,4
Em09_R1_mv17,0x003E1070,0x003E1074,4
Em09_R1_br_mv18,0x003E14B0,0x003E14B4,4
Em09_R1_mv18,0x003E1580,0x003E1584,4
Em09_R1_br_mv19,0x003E1970,0x003E19DC,108
Em09_R1_mv19,0x003E19E0,0x003E19E4,4
Em09_R1_br_mv1a,0x003E2200,0x003E2270,112
Em09_R1_mv1a,0x003E2270,0x003E2274,4
Em09_R1_br_mv1b,0x003E2850,0x003E2858,8
Em09_R1_mv1b,0x003E2860,0x003E2864,4
Em09_R1_br_mv1c,0x003E2CE0,0x003E2CE8,8
Em09_R1_mv1c,0x003E2CF0,0x003E2CF4,4
Em09_R0_damage,0x003E30A0,0x003E30C0,32
Em09_R1_dm00,0x003E30C0,0x003E30C4,4
Em09_R1_dm01,0x003E33B0,0x003E33B4,4
Em09_R1_dm02,0x003E3BA0,0x003E3BAC,12
Em09_R1_dm03,0x003E4200,0x003E4204,4
Em09_R0_die,0x003E44B0,0x003E44D0,32
Em09_R1_die00,0x003E44D0,0x003E44DC,12
Em09_R1_die01,0x003E50E0,0x003E50E8,8
Em09_R0_reset,0x003E50F0,0x003E5114,36
Em09_R1_reset00,0x003E5120,0x003E5124,4
Em09_R1_reset01,0x003E5450,0x003E5458,8
Em09_R1_reset02,0x003E5CD0,0x003E5CD8,8
Em09_R1_reset03,0x003E5CE0,0x003E5CE8,8
Pl_damage_em09_00,0x003E5CF0,0x003E5CF4,4
Pl_damage_em09_01,0x003E5EA0,0x003E5EA4,4
Pl_damage_em09_02,0x003E6230,0x003E6234,4
Em09_neck_move,0x003E63D0,0x003E63D4,4
Dest_dir_x,0x003E66B0,0x003E66C4,20
Em09_kosi_init,0x003E6700,0x003E67CC,204
Em09_kosi_move,0x003E67D0,0x003E67DC,12
Em09_sipo_move,0x003E6A70,0x003E6A7C,12
Em09_morph_move,0x003E6DB0,0x003E6DB8,8
Em09_jyu_move,0x003E6FF0,0x003E72B4,704
Em09_corw_dm_move,0x003E72C0,0x003E72C8,8
Em09_mode_ch,0x003E74A0,0x003E74EC,76
Em09_yari_move,0x003E74F0,0x003E74F4,4
Em09_kage_move,0x003E8600,0x003E87E0,480
Em09_peke_move,0x003E87E0,0x003E87E8,8
Em09_size_ch,0x003E87F0,0x003E8AA0,688
Em09_die_bom_ck,0x003E8AA0,0x003E8C5C,440
Em09_asi_kemuri,0x003E8C70,0x003E8C74,4
Ceiling_em09,0x003E8D90,0x003E8D94,4
Em09_devil_mode,0x003E8EF0,0x003E8F00,16
Em09_ev_end,0x003E9270,0x003E930C,156
Pl_r1_ppkk,0x003E9310,0x003E9320,16
Pl_r1_ranbu,0x003EB550,0x003EB554,4
Pl_r1_tatumaki,0x003EC770,0x003EC778,8
Pl_r1_punch,0x003ECDC0,0x003ECDDC,28
Pl_r1_kick,0x003ECDE0,0x003ECDFC,28
Pl_r1_jump_kick,0x003ECE00,0x003ECE10,16
Pl_r1_dash_upper,0x003ED960,0x003ED96C,12
Pl_r1_reflect_body,0x003EE320,0x003EE41C,112
Pl_r1_dp_sword,0x003EE430,0x003EE44C,28
Pl_r1_dp_earthquake,0x003EE450,0x003EE454,4
Search_stop_enemy,0x003EE930,0x003EE934,4
Pl_r1_dp_time_atk,0x003EEAE0,0x003EEBB0,152
Pl_r1_dp_fireball,0x003EED60,0x003EED6C,12
set_eff_em09_BlackLight,0x003EF5F0,0x003EF5F4,4
set_eff_em09_ColorLight,0x003EF720,0x003EF728,8
set_eff_em09_del_BlackLight,0x003EF830,0x003EF840,16
set_eff_em09_bomb,0x003EF8F0,0x003EF8F4,4
set_eff_em09_bomb_core,0x003F0190,0x003F019C,12
Set_effect_em09_BlackStrip,0x003F0400,0x003F0404,4
set_eff_em09_BlackLightChgSize2,0x003F0500,0x003F0508,8
set_eff_em09_del_BlackLightChgSize2,0x003F05B0,0x003F05D4,36
set_eff_em09_guard,0x003F05E0,0x003F05F8,24
set_eff_em09_core_fire,0x003F0600,0x003F068C,140
set_eff_em09_core_smoke,0x003F0750,0x003F07BC,108
set_eff_em09_core_light,0x003F07D0,0x003F0828,88
set_eff_em09_hajiki,0x003F0860,0x003F0868,8
R500_init,0x003F0B80,0x003F0BC4,68
R500_main,0x003F0D80,0x003F0DA8,40
r500_loop_se,0x003F0DC0,0x003F0DD0,16
sq_watch_task,0x003F0FC0,0x003F103C,124
R502_init,0x003F1050,0x003F108C,60
R502_main,0x003F1270,0x003F1278,8
r502_fire_se,0x003F1280,0x003F1290,16
R503_init,0x003F1480,0x003F14B4,52
R503_main,0x003F1530,0x003F1538,8
r503_bub_loop,0x003F1540,0x003F1544,4
R504_init,0x003F1600,0x003F161C,28
R504_blue_orb_init,0x003F1870,0x003F1880,16
R504_main,0x003F18A0,0x003F1A00,348
R504_death_appear,0x003F1A10,0x003F1A2C,28
R504_ship_move_event,0x003F1AB0,0x003F1B08,88
R504_ship_move_event_cancel,0x003F1C00,0x003F1C08,8
R504_waterfall_move,0x003F1C10,0x003F1C8C,124
R504_falls_smoke_move,0x003F1CA0,0x003F1CB0,16
R504_event_00,0x003F1DA0,0x003F1DB0,16
R504_event_01,0x003F1F20,0x003F1F24,4
R504_event_02,0x003F24D0,0x003F24E0,16
R504_event_03,0x003F2580,0x003F2588,8
R504_event_04,0x003F2590,0x003F25B8,40
R504_event_05,0x003F2640,0x003F2654,20
R504_scr_ship_trans_onoff,0x003F2660,0x003F26C8,104
R504_scr_ship_set_offset,0x003F26D0,0x003F26DC,12
R504_locked_door_fire_set,0x003F2760,0x003F276C,12
R504_torch_set,0x003F2C00,0x003F2C04,4
R504_torch_set2,0x003F2D00,0x003F2D04,4
R504_torch_set3,0x003F2E30,0x003F2E34,4
R504_effect_on_obj_ship,0x003F2F60,0x003F2F6C,12
hamon_init,0x003F3160,0x003F3264,260
hamon_move,0x003F3280,0x003F32D0,80
R504_backup_initial_ship_pos,0x003F32D0,0x003F32DC,12
R504_reset_initial_ship_pos,0x003F3380,0x003F338C,12
R505_init,0x003F3430,0x003F3524,244
R505_main,0x003F3720,0x003F3728,8
r505_init_effect_set,0x003F3730,0x003F3738,8
r505_item_get_ck,0x003F3830,0x003F3874,56
r505_chandelier_move,0x003F3890,0x003F38CC,60
r505_nor_chan_move,0x003F3910,0x003F398C,112
r505_flood_event,0x003F39A0,0x003F39B0,16
r505_ev_cha_move_00,0x003F3AB0,0x003F3AF8,72
r505_ev_water_full_01,0x003F3B10,0x003F3B64,84
r505_ev_water_end_02,0x003F3C40,0x003F3C5C,28
r505_ev_ship_move_03,0x003F3C60,0x003F3CC8,104
r505_ev_room_water_up_04,0x003F3E60,0x003F3E90,48
r505_ev_bub_05,0x003F3EE0,0x003F3F20,64
r505_ev_ship_eff_06,0x003F3F70,0x003F3F74,4
r505_ev_pl_rip_07,0x003F42F0,0x003F42F8,8
r505_ev_ceiing_08,0x003F4570,0x003F4574,4
r505_ev_ceiing_09,0x003F47E0,0x003F47E4,4
r505_ev_ceiing_10,0x003F49C0,0x003F49C4,4
r505_ev_ceiing_11,0x003F4B90,0x003F4B9C,12
r505_ev_water_2d_bub_12,0x003F4F10,0x003F4F14,4
r505_ev_water_3d_bub_13,0x003F5210,0x003F521C,12
r505_sub_water_move,0x003F5410,0x003F5420,16
r505_sub_room_water_move,0x003F54A0,0x003F54B0,16
r505_sub_koushi_water_esp,0x003F5520,0x003F5528,8
r505_ship_roll_move,0x003F5C10,0x003F5C60,80
R506_init,0x003F5C70,0x003F5C74,4
R506_blue_orb_init,0x003F6140,0x003F6150,16
R506_stelmo_set,0x003F6170,0x003F617C,12
R506_main,0x003F62E0,0x003F62EC,12
R506_scr_parts_onoff,0x003F66E0,0x003F6794,156
R506_scr_init_position_backup,0x003F67B0,0x003F67B8,8
R506_make_disp_parts_tbl,0x003F6870,0x003F69B4,324
R506_roll_scr,0x003F69C0,0x003F69CC,12
R506_move_scr,0x003F6D60,0x003F6D68,8
R506_scr_parts_set,0x003F7080,0x003F7090,16
R506_scr_parts_rm,0x003F7170,0x003F7180,16
R506_torch_set,0x003F7240,0x003F7244,4
R506_mission_clear,0x003F72F0,0x003F7300,16
R506_sky_init,0x003F7330,0x003F7350,32
R506_sky_move,0x003F73E0,0x003F740C,44
R506_opening_event_drive,0x003F7450,0x003F7460,16
R506_opening_event,0x003F74A0,0x003F74B0,16
R506_opening_event_cancel,0x003F7670,0x003F7690,32
R506_door_sword_open,0x003F7760,0x003F776C,12
R506_event_parts00,0x003F7960,0x003F7A38,216
R506_event_parts01,0x003F7A50,0x003F7C68,388
R506_event_parts02,0x003F7C80,0x003F7C88,8
R506_event_parts03,0x003F7D40,0x003F7D44,4
R506_event_parts04,0x003F7EC0,0x003F7EC8,8
R506_event_parts05,0x003F7FA0,0x003F8050,176
R506_event_parts06,0x003F8060,0x003F8074,20
R506_event_parts07,0x003F8220,0x003F8250,48
R506_event_parts08,0x003F8250,0x003F826C,28
R506_locked_door_fire_set,0x003F8280,0x003F828C,12
R506_set_scr,0x003F8720,0x003F8724,4
R506_st_elmo_all_set,0x003F88C0,0x003F88D8,24
R506_fight_against_grifon_finish,0x003F8A70,0x003F8A80,16
R506_scr_parts_far_off,0x003F8B30,0x003F8BB0,128
R507_init,0x003F8BB0,0x003F8BC4,20
R507_main,0x003F8D10,0x003F8D18,8
sq_watch_task,0x003F8D20,0x003F8DB4,140
flame_se_check,0x003F8DC0,0x003F8DC4,4
Om8a_move,0x003F9050,0x003F9070,32
Om8a_R0_init,0x003F9070,0x003F9088,24
Om8a_R0_move,0x003F9190,0x003F91B0,32
Om8a_R1_mv00,0x003F91B0,0x003F9490,736
Set_effect_em00_yougan,0x003F9490,0x003F94E0,80
Set_effect_em00_yougan_w,0x003F9510,0x003F9528,24
Set_effect_em00_smoke,0x003F95F0,0x003F9630,64
Set_effect_em00_hit,0x003F9660,0x003F966C,12
Set_effect_em00_jyouki,0x003F9720,0x003F975C,60
Set_eff_em00_fire_init,0x003F9760,0x003F9768,8
Set_eff_em00_side_fire_init,0x003F9A90,0x003F9A94,4
Set_eff_em00_fire,0x003F9DF0,0x003F9E08,24
Set_eff_em00_side_fire,0x003FA230,0x003FA248,24
Set_eff_em00_aura_del,0x003FA480,0x003FA498,24
Set_eff_em00_side_aura_del,0x003FA4A0,0x003FA4B8,24
Set_eff_em00_fire_del,0x003FA4C0,0x003FA4E0,32
Set_eff_em001_del,0x003FA510,0x003FA514,4
Set_eff_em001_hit,0x003FA590,0x003FA598,8
ectrl17_init,0x003FA710,0x003FA720,16
ectrl17_move00,0x003FA720,0x003FA72C,12
ectrl17_move01,0x003FA730,0x003FA85C,168
ectrl17_move03,0x003FA870,0x003FA874,4
ectrl17_move04,0x003FAEC0,0x003FAF94,168
ectrl17_move06,0x003FAFB0,0x003FB0F4,168
ectrl17_move07,0x003FB110,0x003FB114,4
ectrl17_move09,0x003FB210,0x003FB214,4
ectrl17_move,0x003FB330,0x003FB350,32
Ectrl_17,0x003FB350,0x003FB370,32
ectrl18_init,0x003FB370,0x003FB380,16
ectrl18_move00,0x003FB380,0x003FB388,8
ectrl18_move01,0x003FB570,0x003FB684,216
ectrl18_move02,0x003FB6A0,0x003FB788,172
ectrl18_move,0x003FB7A0,0x003FB7C0,32
Ectrl_18,0x003FB7C0,0x003FB7E0,32
Em24_move,0x003FB7E0,0x003FB800,32
Em24_R0_init,0x003FB800,0x003FB804,4
Em24_R0_move,0x003FB8C0,0x003FB910,80
Em24_R1_br_wait,0x003FB920,0x003FB928,8
Em24_R1_wait,0x003FB930,0x003FB9A0,96
Em24_R0_damage,0x003FB9B0,0x003FB9B8,8
Em24_R0_die,0x003FB9C0,0x003FB9C8,8
Em25_move,0x003FB9D0,0x003FBA50,124
Em25_R0_init,0x003FBA50,0x003FBA58,8
Em25_R0_move,0x003FBB60,0x003FBBB0,80
Em25_R1_br_wait,0x003FBBC0,0x003FBBC8,8
Em25_R1_wait,0x003FBBD0,0x003FBC30,92
Em26_move,0x003FBC40,0x003FBCC0,124
Em26_R0_init,0x003FBCC0,0x003FBCC8,8
Em26_R0_move,0x003FBDD0,0x003FBE20,80
Em26_R1_br_wait,0x003FBE30,0x003FBE38,8
Em26_R1_wait,0x003FBE40,0x003FBEA0,92
Em26_scenario,0x003FBEB0,0x003FC024,352
Em20_move,0x003FC040,0x003FC098,88
Em20_R0_init,0x003FC0B0,0x003FC0B4,4
Em20_R0_move,0x003FC270,0x003FC2C0,80
Em20_R1_br_wait,0x003FC2D0,0x003FC2D8,8
Em20_R1_wait,0x003FC2E0,0x003FC350,96
Em20_R0_damage,0x003FC360,0x003FC368,8
Em20_R0_die,0x003FC370,0x003FC378,8
Em20_R0_scenario,0x003FC380,0x003FC3F0,96
Em21_coat_set,0x003FC410,0x003FC41C,12
Om84_move,0x003FC540,0x003FC560,32
Om84_R0_init,0x003FC560,0x003FC578,24
Om84_R0_move,0x003FC610,0x003FC630,32
Om84_R1_mv00,0x003FC630,0x003FC660,48
Om84_R0_damage,0x003FC670,0x003FC690,32
Om84_R1_dm00,0x003FC690,0x003FC6A4,20
Om84_R1_dm01,0x003FC740,0x003FC748,8
Om84_R0_die,0x003FCA10,0x003FCA18,8
Om84_dm_ck,0x003FCA20,0x003FCAB8,148
Om84_oya_dm_ck,0x003FCAC0,0x003FCB34,116
Om86_move,0x003FCB40,0x003FCB60,32
Om86_R0_init,0x003FCB60,0x003FCB78,24
Om86_R0_move,0x003FCBE0,0x003FCC00,32
Om86_R1_mv00,0x003FCC00,0x003FCC1C,28
Om86_R0_damage,0x003FCC30,0x003FCC50,32
Om86_R1_dm00,0x003FCC50,0x003FCC64,20
Om86_R1_dm01,0x003FCD00,0x003FCE20,148
Om86_R0_die,0x003FCE60,0x003FCE68,8
Om86_dm_ck,0x003FCE70,0x003FCF3C,200
Om86_oya_dm_ck,0x003FCF40,0x003FCFB4,116
Om83_move,0x003FCFC0,0x003FCFE0,32
Om83_R0_init,0x003FCFE0,0x003FCFF0,16
Om83_R0_move,0x003FD190,0x003FD1B0,32
Om83_R1_mv00,0x003FD1B0,0x003FD1E0,48
Om83_R0_damage,0x003FD1F0,0x003FD22C,60
Om83_R1_dm00,0x003FD240,0x003FD344,152
Om83_R1_dm01,0x003FD360,0x003FD368,8
Om83_R0_die,0x003FD370,0x003FD378,8
Om83_dm_ck,0x003FD380,0x003FD3D8,84
Om83_oya_dm_ck,0x003FD3E0,0x003FD450,112
Om82_move,0x003FD450,0x003FD470,32
Om82_R0_init,0x003FD470,0x003FD4BC,76
Om82_R0_move,0x003FD520,0x003FD540,32
Om82_R1_mv00,0x003FD540,0x003FD570,48
Om82_R0_damage,0x003FD580,0x003FD5BC,60
Om82_R1_dm00,0x003FD5D0,0x003FD6C4,164
Om82_R1_dm01,0x003FD6E0,0x003FD6E8,8
Om82_R0_die,0x003FD6F0,0x003FD6F8,8
Om82_dm_ck,0x003FD700,0x003FD758,84
Om82_oya_dm_ck,0x003FD760,0x003FD7D0,112
Om81_move,0x003FD7D0,0x003FD7F0,32
Om81_R0_init,0x003FD7F0,0x003FD808,24
Om81_R0_move,0x003FD8A0,0x003FD8C0,32
Om81_R1_mv00,0x003FD8C0,0x003FD8C8,8
Om81_R0_damage,0x003FD8D0,0x003FD8F0,32
Om81_R1_dm00,0x003FD8F0,0x003FD904,20
Om81_R1_dm01,0x003FD9A0,0x003FD9A8,8
Om81_R0_die,0x003FDC80,0x003FDC88,8
Om81_dm_ck,0x003FDC90,0x003FDD28,148
Om8f_move,0x003FDD30,0x003FDD50,32
Om8f_R0_init,0x003FDD50,0x003FDD68,24
Om8f_R0_move,0x003FDDD0,0x003FDDF0,32
Om8f_R1_mv00,0x003FDDF0,0x003FDE20,48
Om8f_R0_damage,0x003FDE30,0x003FDE50,32
Om8f_R1_dm00,0x003FDE50,0x003FDE64,20
Om8f_R1_dm01,0x003FDF00,0x003FDFD8,164
Om8f_R0_die,0x003FE010,0x003FE018,8
Om8f_dm_ck,0x003FE020,0x003FE08C,104
Om8f_oya_dm_ck,0x003FE090,0x003FE104,116
scTag2,0x003FE110,0x003FE140,48
SetD3chcr,0x003FE140,0x003FE154,20
SetD4chcr,0x003FE1B0,0x003FE1C4,20
MovieBufferInit,0x003FE220,0x003FE30C,236
MovieBufferRelease,0x003FE320,0x003FE350,48
ReadFileGetAddr,0x003FE380,0x003FE3AC,44
ReadFileSetAddr,0x003FE3B0,0x003FE3F0,64
ReadDataGetAddr,0x003FE3F0,0x003FE430,64
ReadDataSetAddr,0x003FE430,0x003FE450,32
Copy2area,0x003FE450,0x003FE454,4
Movie_loadimage,0x003FE590,0x003FE5B8,40
SettoIpuTag,0x003FE5C0,0x003FE5D0,16
Movie_execute,0x003FE680,0x003FE690,16
Movie_suspend,0x003FE930,0x003FE964,52
Movie_signal,0x003FE970,0x003FE9A0,48
Movie_set_toIPU_tag,0x003FE9A0,0x003FE9EC,76
Movie_texture,0x003FE9F0,0x003FE9F8,8
Movie_rate_set,0x003FEED0,0x003FEF04,52
Movie_mode_set,0x003FEF10,0x003FEFC4,168
SetfromIPUDma,0x003FEFD0,0x003FF004,52
Movie_set_loadimage2,0x003FF010,0x003FF230,544
Om88_move,0x003FF230,0x003FF250,32
Om88_R0_init,0x003FF250,0x003FF29C,76
Om88_R0_move,0x003FF300,0x003FF320,32
Om88_R1_mv00,0x003FF320,0x003FF350,48
Om88_R0_damage,0x003FF360,0x003FF39C,60
Om88_R1_dm00,0x003FF3B0,0x003FF4A4,172
Om88_R1_dm01,0x003FF4C0,0x003FF4C8,8
Om88_R0_die,0x003FF4D0,0x003FF4D8,8
Om88_dm_ck,0x003FF4E0,0x003FF538,84
Om88_oya_dm_ck,0x003FF540,0x003FF5B0,112
Om27_move,0x003FF5B0,0x003FF5D0,32
Om27_R0_init,0x003FF5D0,0x003FF5D4,4
Om27_R0_move,0x003FF960,0x003FF964,4
Om27_R1_mv00,0x003FFB80,0x003FFB88,8
Om27_R1_mv01,0x003FFB90,0x003FFC28,132
Om27_R1_mv02,0x003FFC40,0x003FFC7C,56
Om27_R1_mv03,0x003FFD00,0x003FFD08,8
Om27_R0_damage,0x003FFD10,0x003FFD18,8
Om27_R0_die,0x003FFD20,0x003FFD28,8
Om27_Zone_open,0x003FFD30,0x003FFD34,4
Om27_Hikari_parts_move,0x00400000,0x0040013C,316
Om27_light_control,0x00400140,0x00400144,4
Om97_move,0x00400510,0x00400530,32
Om97_R0_init,0x00400530,0x00400558,40
Om97_R0_move,0x004005C0,0x004005E0,32
Om97_R1_mv00,0x004005E0,0x004005E8,8
Om97_R1_mv01,0x004005F0,0x004009CC,884
Om97_R1_mv02,0x004009E0,0x004009E8,8
Om97_R1_mv03,0x004009F0,0x00400BE4,468
Om97_R0_damage,0x00400C00,0x00400C20,32
Om97_R1_dm00,0x00400C20,0x00400C28,8
Om97_R0_die,0x00400C30,0x00400C38,8
Om97_set,0x00400C40,0x00400C5C,28
Om97_kill,0x00400C60,0x00400C80,32
Em1a_dm_ck,0x00400C80,0x00400C8C,12
FUN_00401f00,0x00401F00,0x00402060,112
Em1a_swd_dm_set,0x00402140,0x00402144,4
Em1a_move,0x00402230,0x00402238,8
Em1a_R0_init,0x004027D0,0x004027D8,8
Em1a_R0_move,0x00402DD0,0x00402E20,80
Em1a_R1_br_wait,0x00402E30,0x00402E34,4
Em1a_R1_wait,0x004033A0,0x00403410,96
Em1a_R1_br_walk,0x00403420,0x00403424,4
FUN_00403700,0x00403700,0x00403720,32
FUN_00403720,0x00403720,0x00403740,32
FUN_00403740,0x00403740,0x004039A8,288
FUN_004038c0,0x004038C0,0x004038D0,16
FUN_004038e8,0x004038E8,0x004038F0,8
FUN_00403960,0x00403960,0x00403984,36
Em1a_R1_walk,0x00403A40,0x00403A48,8
FUN_00403a60,0x00403A60,0x00403AC8,84
FUN_00403b80,0x00403B80,0x00403BA8,40
FUN_00403c00,0x00403C00,0x00403C08,8
Em1a_R1_br_run,0x00403C10,0x00403C14,4
FUN_00403c60,0x00403C60,0x00403CE8,104
FUN_00403cc0,0x00403CC0,0x00403CE0,32
FUN_00403d60,0x00403D60,0x00403D6C,12
FUN_00403da0,0x00403DA0,0x00404064,528
Em1a_R1_run,0x00404100,0x00404104,4
Em1a_R1_br_warp,0x00404340,0x00404348,8
Em1a_R1_warp,0x00404350,0x00404354,4
FUN_004044c0,0x004044C0,0x004044E4,36
FUN_00404500,0x00404500,0x0040458C,80
FUN_00404680,0x00404680,0x004046B0,48
thunk_FUN_00404718,0x004046C0,0x004046C8,8
FUN_004046e0,0x004046E0,0x00404708,40
FUN_00404718,0x00404718,0x00404720,8
FUN_00404720,0x00404720,0x00404738,24
FUN_00404740,0x00404740,0x00404760,32
FUN_00404760,0x00404760,0x00404780,32
FUN_00404780,0x00404780,0x004047A0,16
FUN_004047a0,0x004047A0,0x004047B8,24
FUN_004047c0,0x004047C0,0x004047EC,44
FUN_00404800,0x00404800,0x00404820,32
FUN_00404820,0x00404820,0x0040482C,12
FUN_00404830,0x00404830,0x00404840,16
FUN_00404840,0x00404840,0x00404860,32
FUN_00404860,0x00404860,0x00404864,4
FUN_004048c0,0x004048C0,0x004048E0,32
FUN_004048e0,0x004048E0,0x00404900,32
FUN_00404900,0x00404900,0x00404928,40
FUN_00404940,0x00404940,0x00404960,32
FUN_00404960,0x00404960,0x004049E0,128
FUN_004049e0,0x004049E0,0x00404A00,32
FUN_00404a20,0x00404A20,0x00404A70,80
FUN_00404aa0,0x00404AA0,0x00404AAC,12
FUN_00404ac0,0x00404AC0,0x00404AEC,44
FUN_00404b00,0x00404B00,0x00404B40,52
FUN_00404b20,0x00404B20,0x00404B2C,12
FUN_00404b40,0x00404B40,0x00404B44,4
Em1a_R1_br_air_wait,0x00404B70,0x00404B78,8
Em1a_R1_air_wait,0x00404B80,0x00404B90,16
FUN_00404ba0,0x00404BA0,0x00404BC0,32
FUN_00404bc0,0x00404BC0,0x00404BD0,16
FUN_00404c80,0x00404C80,0x00404CBC,52
FUN_00404cc0,0x00404CC0,0x00404CE0,32
FUN_00404ce0,0x00404CE0,0x00404CF4,20
FUN_00404d00,0x00404D00,0x00404D20,32
FUN_00404d20,0x00404D20,0x00404D3C,28
FUN_00404d40,0x00404D40,0x00404D60,32
FUN_00404d60,0x00404D60,0x00404DA4,68
FUN_00404e20,0x00404E20,0x00404E44,36
Em1a_R1_br_air_atk,0x00404FE0,0x00404FE8,8
Em1a_R1_air_atk,0x00404FF0,0x00404FF4,4
FUN_004051c0,0x004051C0,0x00405208,68
Em1a_R1_br_air_atk2,0x00405220,0x00405228,8
Em1a_R1_air_atk2,0x00405230,0x00405234,4
FUN_00405260,0x00405260,0x00405284,32
FUN_004052e0,0x004052E0,0x004052F4,20
FUN_00405300,0x00405300,0x00405318,24
FUN_00405340,0x00405340,0x004053A0,96
FUN_004053a0,0x004053A0,0x004053B0,16
Em1a_R1_br_air_guard,0x004053D0,0x004053D8,8
Em1a_R1_air_guard,0x004053E0,0x004053E4,4
FUN_00405400,0x00405400,0x00405434,48
FUN_00405440,0x00405440,0x00405460,32
FUN_00405460,0x00405460,0x00405498,56
FUN_004054c0,0x004054C0,0x004054D8,24
FUN_004054e0,0x004054E0,0x004054F4,20
FUN_00405520,0x00405520,0x004055A0,60
FUN_004055a0,0x004055A0,0x00405640,120
FUN_004055c0,0x004055C0,0x004055E8,40
FUN_00405640,0x00405640,0x00405698,88
Em1a_R1_br_air_fireball,0x004056B0,0x004056B8,8
Em1a_R1_air_fireball,0x004056C0,0x004056C8,8
FUN_00405700,0x00405700,0x00405778,76
FUN_00405800,0x00405800,0x00405960,140
FUN_00405940,0x00405940,0x00405954,20
FUN_00405960,0x00405960,0x0040596C,12
FUN_00405970,0x00405970,0x00405971,1
Em1a_R1_br_sword,0x00405990,0x00405998,8
Em1a_R1_sword,0x004059A0,0x004059A8,8
FUN_00405ad0,0x00405AD0,0x00405AE0,16
FUN_00405ae0,0x00405AE0,0x00405AE4,4
FUN_00405b10,0x00405B10,0x00405B20,16
FUN_00405b20,0x00405B20,0x00405C10,208
FUN_00405c10,0x00405C10,0x00405C3C,44
Em1a_R1_br_sword3,0x00405D00,0x00405D08,8
Em1a_R1_sword3,0x00405D10,0x00405D14,4
FUN_00405d50,0x00405D50,0x00405D51,1
FUN_00405d60,0x00405D60,0x00405E24,164
Em1a_R1_br_dash_upper,0x00405F20,0x00405F28,8
Em1a_R1_dash_upper,0x00405F30,0x00405F34,4
FUN_00406110,0x00406110,0x00406188,116
FUN_004061e0,0x004061E0,0x004062B0,176
FUN_004062b0,0x004062B0,0x0040630C,92
Em1a_R1_br_blow_kick,0x00406320,0x00406328,8
Em1a_R1_blow_kick,0x00406330,0x00406334,4
FUN_00406340,0x00406340,0x00406380,64
FUN_00406380,0x00406380,0x00406398,24
FUN_00406620,0x00406620,0x0040668C,72
Em1a_R1_br_iai,0x00406790,0x00406798,8
Em1a_R1_iai,0x004067A0,0x004067A4,4
FUN_00406980,0x00406980,0x00406A40,192
Em1a_R1_br_mini_iai,0x00406A60,0x00406A68,8
Em1a_R1_mini_iai,0x00406A70,0x00406A74,4
FUN_00406b30,0x00406B30,0x00406C08,180
Em1a_R1_br_missile,0x00406D30,0x00406D38,8
Em1a_R1_missile,0x00406D40,0x00406D44,4
FUN_00406e90,0x00406E90,0x00406EA8,24
FUN_00406fd0,0x00406FD0,0x00407038,96
FUN_00407020,0x00407020,0x00407028,8
FUN_00407090,0x00407090,0x0040718C,240
Em1a_R1_br_run_missile,0x004071A0,0x004071A8,8
Em1a_R1_run_missile,0x004071B0,0x004071B4,4
FUN_00407200,0x00407200,0x00407220,32
FUN_00407250,0x00407250,0x0040725C,12
FUN_00407278,0x00407278,0x004072B8,52
FUN_004072b8,0x004072B8,0x00407368,176
Em1a_R1_br_upper_sword,0x00407380,0x00407388,8
Em1a_R1_upper_sword,0x00407390,0x00407394,4
FUN_004076d0,0x004076D0,0x004076E4,20
Em1a_R1_br_upper_sword2,0x00407850,0x00407858,8
Em1a_R1_upper_sword2,0x00407860,0x00407868,8
FUN_00407970,0x00407970,0x00407980,16
Em1a_R1_br_upper_sword3,0x00407AA0,0x00407AA8,8
Em1a_R1_upper_sword3,0x00407AB0,0x00407BB8,184
FUN_00407b10,0x00407B10,0x00407B18,8
Em1a_R1_br_jump_sword,0x00407BF0,0x00407BF8,8
Em1a_R1_jump_sword,0x00407C00,0x00407C04,4
FUN_00407c90,0x00407C90,0x00407CD8,72
FUN_00407db0,0x00407DB0,0x00407DD4,36
FUN_00407fa8,0x00407FA8,0x00407FB4,12
Em1a_R1_br_jump_kick,0x004080E0,0x004080E8,8
Em1a_R1_jump_kick,0x004080F0,0x004080F4,4
FUN_00408570,0x00408570,0x004085E4,84
Em1a_R1_br_fall,0x004086B0,0x004086B8,8
Em1a_R1_fall,0x004086C0,0x004086C4,4
Em1a_R1_br_step_aside,0x004088B0,0x004088B8,8
Em1a_R1_step_aside,0x004088C0,0x004088C4,4
Em1a_R1_br_chance,0x004089C0,0x004089C8,8
Em1a_R1_chance,0x004089D0,0x004089D4,4
Em1a_R1_br_reflect01,0x00408AE0,0x00408AE8,8
Em1a_R1_reflect01,0x00408AF0,0x00408AF4,4
Em1a_R1_br_reflect02,0x00408C10,0x00408C18,8
Em1a_R1_reflect02,0x00408C20,0x00408CB0,96
Em1a_R1_br_reflect03,0x00408D50,0x00408D58,8
Em1a_R1_reflect03,0x00408D60,0x00408D64,4
FUN_00408e50,0x00408E50,0x00408E51,1
Em1a_R1_br_guard,0x00408E70,0x00408E78,8
Em1a_R1_guard,0x00408E80,0x00408E84,4
FUN_00408ec0,0x00408EC0,0x00408EC1,1
FUN_00408fe0,0x00408FE0,0x00408FFC,28
FUN_00409070,0x00409070,0x00409204,160
Em1a_R1_br_counter,0x00409250,0x00409258,8
Em1a_R1_counter,0x00409260,0x00409264,4
FUN_00409338,0x00409338,0x00409428,204
Em1a_R1_br_threat,0x004094D0,0x004094D8,8
Em1a_R1_threat,0x004094E0,0x004094E4,4
FUN_00409570,0x00409570,0x0040957C,12
FUN_00409618,0x00409618,0x00409619,1
Em1a_R1_br_come_on,0x00409850,0x00409858,8
Em1a_R1_come_on,0x00409860,0x00409864,4
FUN_00409960,0x00409960,0x004099CC,104
FUN_004099e0,0x004099E0,0x004099FC,28
FUN_00409cb0,0x00409CB0,0x00409CC4,20
FUN_00409e10,0x00409E10,0x00409E94,128
Em1a_R1_br_fireball,0x00409EB0,0x00409EB8,8
Em1a_R1_fireball,0x00409EC0,0x00409ECC,12
FUN_00409fd8,0x00409FD8,0x0040A014,60
FUN_0040a080,0x0040A080,0x0040A09C,28
FUN_0040a0a0,0x0040A0A0,0x0040A0AC,12
FUN_0040a150,0x0040A150,0x0040A1C8,120
Em1a_R0_damage,0x0040A230,0x0040A280,80
Em1a_R1_dm_br_small,0x0040A290,0x0040A298,8
Em1a_R1_dm_small,0x0040A2A0,0x0040A2A4,4
FUN_0040a380,0x0040A380,0x0040A464,164
Em1a_R1_dm_br_middle,0x0040A520,0x0040A528,8
Em1a_R1_dm_middle,0x0040A530,0x0040A534,4
Em1a_R1_dm_br_air,0x0040A7F0,0x0040A7F8,8
Em1a_R1_dm_air,0x0040A800,0x0040A804,4
Em1a_R0_die,0x0040AAA0,0x0040AAF0,80
FUN_0040aaf0,0x0040AAF0,0x0040AAF1,1
Em1a_R1_die_br_normal,0x0040AB00,0x0040AB08,8
Em1a_R1_die_normal,0x0040AB10,0x0040AB18,8
FUN_0040ab68,0x0040AB68,0x0040AB70,8
Em1a_R1_die_br_air,0x0040AD50,0x0040AD58,8
Em1a_R1_die_air,0x0040AD60,0x0040AD68,8
FUN_0040ae90,0x0040AE90,0x0040AEC8,56
Em1a_check_sword,0x0040AFB0,0x0040AFE8,52
Em1a_sword_move,0x0040AFF0,0x0040AFF8,8
Em1a_swd_r0_off,0x0040B060,0x0040B064,4
Em1a_swd_r0_guard,0x0040B0E0,0x0040B0E4,4
FUN_0040b270,0x0040B270,0x0040B290,20
Em1a_swd_r0_turn_atk,0x0040B2C0,0x0040B2C4,4
Em1a_swd_r0_throw,0x0040B600,0x0040B610,16
Em1a_swd_r0_atk01,0x0040BA30,0x0040BA34,4
FUN_0040bcd0,0x0040BCD0,0x0040BCDC,12
FUN_0040bd30,0x0040BD30,0x0040BD38,8
FUN_0040bdb8,0x0040BDB8,0x0040BDC8,16
FUN_0040bdc8,0x0040BDC8,0x0040BDDC,20
FUN_0040be00,0x0040BE00,0x0040BE0C,12
Em1a_swd_r0_atk02,0x0040BE30,0x0040BE34,4
FUN_0040c1e0,0x0040C1E0,0x0040C204,36
FUN_0040c230,0x0040C230,0x0040C24C,28
FUN_0040c260,0x0040C260,0x0040C278,24
FUN_0040ca6c,0x0040CA6C,0x0040CA78,12
Em1a_swd_r0_atk03,0x0040CAA0,0x0040CAA4,4
FUN_0040cce0,0x0040CCE0,0x0040CCF4,20
Em1a_swd_r0_atk04,0x0040CF00,0x0040CF04,4
FUN_0040d1f0,0x0040D1F0,0x0040D21C,44
Em1a_swd_r0_atk05,0x0040D420,0x0040D424,4
FUN_0040d570,0x0040D570,0x0040D5A0,48
Em1a_swd_r0_atk06,0x0040D960,0x0040D964,4
Em1a_swd_r0_bomb,0x0040DE20,0x0040DE90,112
Em1a_swd_atari,0x0040DE90,0x0040DE9C,12
Em1a_f_swd_atari,0x0040E060,0x0040E06C,12
Em1a_f_swd_eff,0x0040E210,0x0040E218,8
Em1a_bend_backward,0x0040E2C0,0x0040E330,112
Em1a_check_warp,0x0040E380,0x0040E44C,204
Em1a_check_armor,0x0040E450,0x0040E610,448
Em1a_dm_parts_bomb,0x0040E610,0x0040E618,8
Em1a_check_fireball,0x0040E770,0x0040E774,4
Em1a_sword_locus,0x0040E8A0,0x0040E8A4,4
Em1a_cloud_of_dust,0x0040EB30,0x0040EB34,4
Em1a_neck_init,0x0040EE00,0x0040EE44,68
Em1a_neck_move,0x0040EE50,0x0040EE58,8
Em1a_effect_warp,0x0040F010,0x0040F100,224
Em1a_get_warp_point,0x0040F110,0x0040F11C,12
Em1a_tex_scroll,0x0040F2D0,0x0040F3B8,232
Em1a_blur_set,0x0040F3C0,0x0040F3C8,8
Em1a_blur_trans,0x0040F540,0x0040F54C,12
Em1a_cloak_matrix_calc,0x0040F990,0x0040F998,8
Em1a_cloakt_set,0x00411400,0x00411404,4
Em4a_move,0x00411550,0x00411588,56
Em4a_R0_init,0x004115A0,0x004115A4,4
Em4a_R0_move,0x00411650,0x00411658,8
Em4a_R0_damage,0x00411660,0x00411668,8
Em4a_R0_die,0x00411670,0x00411678,8
Em4a_morph_move,0x00411680,0x004117BC,316
Em1a_devil_ck,0x004117E0,0x004117E8,8
Em1a_set_effect_water,0x004117F0,0x004117F8,8
Om85_move,0x00411A60,0x00411A80,32
Om85_R0_init,0x00411A80,0x00411A98,24
Om85_R0_move,0x00411B30,0x00411B50,32
Om85_R1_mv00,0x00411B50,0x00411B80,48
Om85_R0_damage,0x00411B90,0x00411BB0,32
Om85_R1_dm00,0x00411BB0,0x00411BC4,20
Om85_R1_dm01,0x00411C60,0x00411C68,8
Om85_R0_die,0x00411F40,0x00411F48,8
Om85_dm_ck,0x00411F50,0x00411FE8,148
Om85_oya_dm_ck,0x00411FF0,0x00412064,116
Om94_move,0x00412070,0x00412090,32
Om94_R0_init,0x00412090,0x004120AC,28
Om94_R0_move,0x004120B0,0x004120D0,32
Om94_R1_mv00,0x004120D0,0x00412214,324
Om94_R0_damage,0x00412220,0x00412240,32
Om94_R1_dm00,0x00412240,0x00412248,8
Om94_R0_die,0x00412250,0x00412258,8
Om_alpha_ctrl,0x00412260,0x00412264,4
Om_bom_ctrl,0x004123A0,0x00412470,208
Om_lnk_at_dell,0x00412480,0x00412560,216
Om_lnk_at_on_off,0x00412560,0x00412720,432
Om_on_at_ck,0x00412720,0x00412724,4
FUN_004128c0,0x004128C0,0x004128C8,8
FUN_004129a0,0x004129A0,0x004129BC,28
Om_def_dm_ck,0x00412C20,0x00412C64,68
FUN_00412c70,0x00412C70,0x00412C98,16
Om_on_at_conv,0x00412CA0,0x00412CA8,8
FUN_00412d70,0x00412D70,0x00412E34,168
FUN_00412e38,0x00412E38,0x00412E40,8
Om_pl_on_ck,0x00412E40,0x00412E88,72
Om_eff_bom_hokori,0x00412E90,0x00412E9C,12
Om_effect_hokori,0x00412FD0,0x00412FDC,12
FUN_00413080,0x00413080,0x00413081,1
Srp_draw_data_header_section,0x00413110,0x004131E8,216
Om87_move,0x004131F0,0x00413210,32
Om87_R0_init,0x00413210,0x00413228,24
Om87_R0_move,0x00413290,0x004132B0,32
Om87_R1_mv00,0x004132B0,0x004132CC,28
Om87_R0_damage,0x004132E0,0x004132E8,8
FUN_004132e8,0x004132E8,0x00413300,24
Om87_R1_dm00,0x00413300,0x00413314,20
Om87_R1_dm01,0x004133B0,0x00413490,100
Om87_R0_die,0x004134D0,0x004134D8,8
Om87_dm_ck,0x004134E0,0x004135AC,200
Om87_oya_dm_ck,0x004135B0,0x00413624,116
Om89_move,0x00413630,0x00413650,32
Om89_R0_init,0x00413650,0x0041369C,76
Om89_R0_move,0x00413700,0x00413720,32
Om89_R1_mv00,0x00413720,0x00413750,48
Om89_R0_damage,0x00413760,0x0041379C,60
Om89_R1_dm00,0x004137B0,0x004138DC,220
FUN_004138e0,0x004138E0,0x004138E1,1
Om89_R1_dm01,0x004138F0,0x004138F8,8
Om89_R0_die,0x00413900,0x00413908,8
Om89_dm_ck,0x00413910,0x00413964,80
Om89_oya_dm_ck,0x00413970,0x004139E0,112
Em0a_dm_ck,0x004139E0,0x004139E4,4
FUN_00413fa0,0x00413FA0,0x00414004,20
FUN_00414500,0x00414500,0x004145C0,64
FUN_00414590,0x00414590,0x004145B0,32
FUN_004145c0,0x004145C0,0x004145D0,16
FUN_004145d0,0x004145D0,0x00414610,64
FUN_00414660,0x00414660,0x00414680,32
Em0a_move,0x004147E0,0x004147EC,12
Em0a_R0_init,0x00414B80,0x00414B88,8
Em0a_R0_move,0x00415010,0x00415060,80
Em0a_R1_br_wait,0x00415070,0x00415080,16
Em0a_R1_wait,0x00415090,0x00415100,96
Em0a_R1_br_event_wait,0x00415150,0x004151F0,160
Em0a_R1_event_wait,0x004151F0,0x004151F4,4
Em0a_R1_br_walk,0x00415420,0x00415424,4
FUN_00415460,0x00415460,0x004155E4,192
Em0a_R1_walk,0x00415600,0x00415604,4
Em0a_R1_br_run,0x00415750,0x00415758,8
Em0a_R1_run,0x004158C0,0x004158C4,4
FUN_00415a60,0x00415A60,0x00415A74,20
Em0a_R1_br_hi_jump,0x00415AD0,0x00415AD8,8
Em0a_R1_hi_jump,0x00415AE0,0x00415AE4,4
Em0a_R1_br_punch,0x00415E40,0x00415E48,8
Em0a_R1_punch,0x00415E50,0x00415E5C,12
Em0a_cloud_of_dust,0x004165E0,0x004165E8,8
Em0a_R1_br_lariat,0x00416680,0x00416688,8
Em0a_R1_lariat,0x00416690,0x0041669C,12
FUN_004167a0,0x004167A0,0x004167D0,48
Em0a_R1_br_catch_eye,0x00416AC0,0x00416AC8,8
Em0a_R1_catch_eye,0x00416AD0,0x00416AD4,4
Em0a_R1_br_throw_eye,0x00416BC0,0x00416BC8,8
Em0a_R1_throw_eye,0x00416BD0,0x00416BD4,4
Em0a_R1_br_separate_eye,0x00416CB0,0x00416CB8,8
Em0a_R1_separate_eye,0x00416CC0,0x00416CC8,8
FUN_00416d20,0x00416D20,0x00416DA0,128
Em0a_R1_br_mask_on,0x00416E30,0x00416E38,8
Em0a_R1_mask_on,0x00416E40,0x00416E44,4
Em0a_set_mask,0x00416F90,0x00416F94,4
Em0a_R1_br_catch_ck,0x00417010,0x00417088,116
Em0a_R1_catch_ck,0x004170A0,0x004170A4,4
Em0a_R1_br_catch,0x004172A0,0x004172A8,8
Em0a_R1_catch,0x004173C0,0x004173C4,4
Em0a_R1_br_catch_throw,0x00417530,0x00417538,8
Em0a_R1_catch_throw,0x00417540,0x004175E8,152
Em0a_R1_br_catch_bomb,0x00417650,0x00417658,8
Em0a_R1_catch_bomb,0x00417660,0x00417708,152
Em0a_R1_br_catch_critical,0x00417770,0x00417778,8
Em0a_R1_catch_critical,0x00417780,0x00417784,4
Em0a_R1_br_catch_break,0x004179F0,0x004179F8,8
Em0a_R1_catch_break,0x00417A00,0x00417A04,4
Em0a_R1_br_escape_L,0x00417B30,0x00417B38,8
Em0a_R1_escape_L,0x00417B40,0x00417B44,4
Em0a_R1_br_escape_R,0x00417D00,0x00417D08,8
Em0a_R1_escape_R,0x00417D10,0x00417D18,8
Em0a_R1_br_turn,0x00417F20,0x00417F28,8
Em0a_R1_turn,0x00417F30,0x00417F34,4
Em0a_R1_br_kick,0x004180C0,0x004180C8,8
Em0a_R1_kick,0x004180D0,0x004180D8,8
Em0a_R1_br_wait_air,0x004184B0,0x004184B8,8
Em0a_R1_wait_air,0x004184C0,0x004184C8,8
Em0a_R1_br_fall,0x004184D0,0x004184D8,8
Em0a_R1_fall,0x004184E0,0x004184E8,8
Em0a_R1_br_threat,0x004184F0,0x004184F8,8
Em0a_R1_threat,0x00418500,0x00418504,4
Em0a_R1_br_strange_dance,0x00418730,0x00418738,8
Em0a_R1_strange_dance,0x00418740,0x00418748,8
Em0a_R0_damage,0x00418A90,0x00418AE0,80
Em0a_R1_dm_br_front_mid,0x00418AF0,0x00418AF8,8
Em0a_R1_dm_front_mid,0x00418B00,0x00418B04,4
Em0a_R1_dm_br_back_mid,0x00418CE0,0x00418CE8,8
Em0a_R1_dm_back_mid,0x00418CF0,0x00418CF4,4
Em0a_R1_dm_br_front_big,0x00418ED0,0x00418ED8,8
Em0a_R1_dm_front_big,0x00418EE0,0x00418EE4,4
Em0a_R1_dm_br_back_big,0x00419090,0x00419098,8
Em0a_R1_dm_back_big,0x004190A0,0x004191CC,160
Em0a_R1_dm_br_front_air,0x00419270,0x00419278,8
Em0a_R1_dm_front_air,0x00419280,0x00419284,4
Em0a_R1_dm_br_back_air,0x00419440,0x00419448,8
Em0a_R1_dm_back_air,0x00419450,0x00419454,4
Em0a_R1_dm_br_upper,0x00419620,0x00419628,8
Em0a_R1_dm_upper,0x00419630,0x00419634,4
Em0a_R0_die,0x00419780,0x004197D0,80
Em0a_die_scale_down,0x004197E0,0x004197EC,12
FUN_0041a240,0x0041A240,0x0041A250,16
Em0a_R1_die_br_front,0x0041A3C0,0x0041A3C8,8
Em0a_R1_die_front,0x0041A3D0,0x0041A408,56
Em0a_R1_die_br_back,0x0041A570,0x0041A578,8
Em0a_R1_die_back,0x0041A580,0x0041A5B8,56
Em0a_R1_die_br_front_air,0x0041A730,0x0041A738,8
Em0a_R1_die_front_air,0x0041A740,0x0041A744,4
Em0a_R1_die_br_back_air,0x0041A940,0x0041A948,8
Em0a_R1_die_back_air,0x0041A950,0x0041A954,4
FUN_0041ab20,0x0041AB20,0x0041AB4C,44
Em0a_R1_die_br_wait,0x0041AB60,0x0041AB68,8
Em0a_R1_die_wait,0x0041AB70,0x0041AC38,192
Em0a_R0_reset,0x0041AC50,0x0041AC74,36
Em0a_R1_reset00,0x0041AC80,0x0041AC84,4
Em0a_R1_reset01,0x0041ADF0,0x0041ADF8,8
FUN_0041b100,0x0041B100,0x0041B108,8
Em0a_R1_reset02,0x0041B1E0,0x0041B1E8,8
Em0a_R1_reset03,0x0041B1F0,0x0041B1F8,8
Em0a_check_next_action,0x0041B200,0x0041B20C,12
FUN_0041b480,0x0041B480,0x0041B498,24
Em0a_check_eye_action,0x0041B9A0,0x0041B9A8,8
Em0a_search_lockon,0x0041BAD0,0x0041BAE0,16
Em0a_catch_ck,0x0041BC00,0x0041BD0C,268
Em0a_set_chi,0x0041BD20,0x0041BD28,8
FUN_0041be60,0x0041BE60,0x0041BE61,1
Em0a_set_chi2,0x0041BE70,0x0041BE78,8
FUN_0041bf60,0x0041BF60,0x0041BF8C,44
Em0a_set_chi_swd,0x0041BFB0,0x0041BFB8,8
Em0a_pl_dm_effect,0x0041C100,0x0041C11C,28
Em0a_set_eye_dmg,0x0041C1A0,0x0041C1A4,4
Em0a_scale_control,0x0041C270,0x0041C274,4
FUN_0041c280,0x0041C280,0x0041C630,584
Em0a_get_eye_wk,0x0041C650,0x0041C68C,56
Em0a_catch_eye_wk,0x0041C690,0x0041C698,8
Em0a_eye_move,0x0041C780,0x0041C788,8
Em0a_eye_calc_make_matrix,0x0041C7F0,0x0041C800,16
Em0a_eye_r0_on,0x0041C8D0,0x0041C8DC,12
Em0a_eye_r0_off,0x0041CA90,0x0041CA94,4
Em0a_eye_r0_reset,0x0041CB40,0x0041CB50,16
Em0a_eye_r0_separate,0x0041CD70,0x0041CD74,4
Em0a_eye_r0_land_wait,0x0041D3D0,0x0041D464,136
Em0a_eye_r0_bomb,0x0041D480,0x0041D490,16
FUN_0041d580,0x0041D580,0x0041D598,24
Em0a_eye_r0_catch,0x0041D730,0x0041D73C,12
Em0a_eye_r0_throw,0x0041D890,0x0041D894,4
Em0a_eye_r0_chase,0x0041DB30,0x0041DB38,8
Em0a_eye_r0_time_bomb,0x0041E1B0,0x0041E244,136
Em0a_check_eye_bomb,0x0041E260,0x0041E268,8
Em0a_bend_neck,0x0041E370,0x0041E374,4
FUN_0041e4a0,0x0041E4A0,0x0041E5A8,220
Pl_em_dam_em0a_catch,0x0041E5C0,0x0041E5F4,52
Pl_r2_em0a_dm_catch,0x0041E600,0x0041E604,4
Pl_r2_em0a_dm_catch_throw,0x0041E760,0x0041E764,4
FUN_0041e9e0,0x0041E9E0,0x0041E9E8,8
Pl_r2_em0a_dm_catch_bomb,0x0041EC10,0x0041EC18,8
Pl_r2_em0a_dm_catch_critical,0x0041EF60,0x0041EF64,4
Pl_r2_em0a_dm_catch_break,0x0041F1B0,0x0041F1B4,4
Em0a_devil_ck,0x0041F2F0,0x0041F2F4,4
Em1b_dm_ck,0x0041F440,0x0041F448,8
Em1b_dm_effect,0x0041FB90,0x0041FBBC,44
Em1b_move,0x0041FBE0,0x0041FBE4,4
Em1b_R0_init,0x0041FF80,0x0041FF84,4
Em1b_R0_move,0x004206D0,0x004206F0,32
Em1b_R1_move_type02,0x004206F0,0x00420760,88
Em1b_R1_move_type00,0x00420770,0x004207CC,92
Em1b_R1_br_wait_air,0x004207E0,0x004207E8,8
Em1b_R1_wait_air,0x004207F0,0x004208EC,212
Em1b_R1_br_barrier,0x00420900,0x00420908,8
Em1b_R1_barrier,0x00420910,0x00420918,8
Em1b_R1_br_atk_ele,0x00420A00,0x00420A08,8
Em1b_R1_atk_ele,0x00420A10,0x00420A14,4
Em1b_R1_br_atk_rock,0x00420B60,0x00420B68,8
Em1b_R1_atk_rock,0x00420B70,0x00420B74,4
Em1b_R1_br_atk_laser,0x00420CA0,0x00420CA8,8
Em1b_R1_atk_laser,0x00420CB0,0x00420CB4,4
Em1b_R1_br_atk_net,0x00420F20,0x00420F28,8
Em1b_R1_atk_net,0x00420F30,0x00420F34,4
Em1b_R1_br_atk_ball,0x00421000,0x00421008,8
Em1b_R1_atk_ball,0x00421010,0x00421014,4
Em1b_R1_br_atk_meteor,0x00421210,0x00421218,8
Em1b_R1_atk_meteor,0x00421220,0x00421224,4
Em1b_R1_br_atk_dash,0x00421330,0x00421338,8
Em1b_R1_atk_dash,0x00421340,0x00421348,8
Em1b_R1_br_atk_vulcan,0x00421830,0x00421838,8
Em1b_R1_atk_vulcan,0x00421840,0x0042189C,76
Em1b_R1_br_atk_homing,0x004218D0,0x004218D8,8
Em1b_R1_atk_homing,0x004218E0,0x004218E4,4
Em1b_R1_move_type01,0x00421BF0,0x00421C8C,156
Em1b_R1_br_wait,0x00421CA0,0x00421CA8,8
Em1b_R1_wait,0x00421CB0,0x00421D5C,148
Em1b_R1_br_wait2,0x00421DD0,0x00421DD8,8
Em1b_R1_wait2,0x00421DE0,0x00421E48,104
Em1b_R1_br_atk_wave_l,0x00422060,0x00422068,8
Em1b_R1_atk_wave_l,0x00422070,0x00422074,4
Em1b_R1_br_atk_wave_w,0x004221B0,0x004221B8,8
Em1b_R1_atk_wave_w,0x004221C0,0x004221C4,4
Em1b_R1_br_atk_magma,0x00422330,0x00422338,8
Em1b_R1_atk_magma,0x00422340,0x00422344,4
Em1b_R1_br_atk_magma_ryu,0x00422470,0x00422478,8
Em1b_R1_atk_magma_ryu,0x00422480,0x00422484,4
Em1b_R1_br_atk_magma_w,0x004225C0,0x004225C8,8
Em1b_R1_atk_magma_w,0x004225D0,0x004225D8,8
Em1b_R1_br_atk_magma_fb,0x00422710,0x00422718,8
Em1b_R1_atk_magma_fb,0x00422720,0x00422724,4
Em1b_R1_br_atk_3rd_eye,0x004228D0,0x004228D8,8
Em1b_R1_atk_3rd_eye,0x004228E0,0x00422968,120
Em1b_R1_br_atk_3rd_eye_set,0x00422A20,0x00422A28,8
Em1b_R1_atk_3rd_eye_set,0x00422A30,0x00422A34,4
Em1b_R1_br_atk_ball_set,0x00422BA0,0x00422BA8,8
Em1b_R1_atk_ball_set,0x00422BB0,0x00422BB4,4
Em1b_R1_br_atk_3rd_eye_sp,0x00422D80,0x00422D88,8
Em1b_R1_atk_3rd_eye_sp,0x00422D90,0x00422D94,4
Em1b_R1_br_atk_punch,0x00422EB0,0x00422EB8,8
Em1b_R1_atk_punch,0x00422EC0,0x00422EC8,8
Em1b_R1_br_atk_punch_r,0x00423150,0x00423158,8
Em1b_R1_atk_punch_r,0x00423160,0x00423168,8
Em1b_R1_br_atk_e_homing,0x004233A0,0x004233A8,8
Em1b_R1_atk_e_homing,0x004233B0,0x004233B4,4
Em1b_R1_br_atk_e_vulcan,0x004236A0,0x004236A8,8
Em1b_R1_atk_e_vulcan,0x004236B0,0x0042373C,120
Em1b_body_attack_ck,0x004237E0,0x004237E8,8
Em1b_body_attack_ck2,0x004239A0,0x004239AC,12
Em1b_iwa_all_break,0x00423B90,0x00423B98,8
Em1b_R0_damage,0x00423C80,0x00423CA0,32
Em1b_R1_dm_type00,0x00423CA0,0x00423CAC,12
Em1b_R1_dm_type01,0x00423E00,0x00423E70,96
Em1b_R0_die,0x00423EB0,0x00423EB8,8
Em1b_atk_set,0x00423EC0,0x00423ECC,12
Em1b_atk_move,0x00424560,0x00424568,8
Em1b_air_motion_move,0x00425230,0x0042527C,76
Em1b_hokan_rotation,0x004252D0,0x004252D8,8
Em1b_om_ball_move,0x00425390,0x00425394,4
Em1b_om_ab_r0_init,0x004254E0,0x004254E4,4
Em1b_om_ab_r0_off,0x004255C0,0x00425630,108
Em1b_om_ab_r0_move00,0x00425650,0x00425654,4
FUN_004259c0,0x004259C0,0x00425A10,80
FUN_00425a20,0x00425A20,0x00425C88,136
Em1b_om_ab_r0_move01,0x00425D30,0x00425D38,8
FUN_004260e0,0x004260E0,0x004261F0,184
Em1b_om_ab_r0_move02,0x00426500,0x00426504,4
Em1b_om_ab_r0_move03,0x00426BA0,0x00426BB0,16
Em1b_om_ab_r0_move_e_00,0x004270F0,0x004270FC,12
Em1b_om_ab_r0_move_e_01,0x004276B0,0x004276C0,16
Em1b_om_ab_r0_move_e_02,0x00427D20,0x00427D30,16
Em1b_om_ab_r0_move_e_03,0x00428360,0x00428370,16
Em1b_om_ab_r0_move_e_04,0x00428960,0x00428970,16
Em1b_om_ab_r0_die,0x00428F10,0x00429058,268
Em1b_om_db_r0_init,0x00429070,0x00429078,8
Em1b_om_db_r0_off,0x004291C0,0x0042925C,152
Em1b_om_db_r0_move00,0x00429280,0x00429288,8
Em1b_om_db_r0_move01,0x00429560,0x00429564,4
Em1b_om_db_r0_move02,0x00429B10,0x00429B14,4
Em1b_om_db_r0_move03,0x00429D00,0x00429F28,456
Em1b_om_db_r0_die,0x00429F70,0x0042A07C,244
Em1b_om_ab_dm_ck,0x0042A0C0,0x0042A0CC,12
Em1b_om_db_dm_ck,0x0042A4F0,0x0042A4F4,4
Em1b_cloud_scr_move,0x0042A8A0,0x0042A8A4,4
Em1b_ripple_move,0x0042AB50,0x0042AC04,148
Em1b_magma_move,0x0042AC10,0x0042AC18,8
Em1b_aball_move,0x0042ADB0,0x0042AE70,168
Em1b_3rd_eye_sp_move,0x0042AE80,0x0042AE84,4
Em1b_rock_move,0x0042B120,0x0042B248,248
Em1b_thunder_move,0x0042B260,0x0042B264,4
Em1b_thunder_ball_move,0x0042B470,0x0042B510,160
Em1b_fball_move,0x0042B530,0x0042B538,8
Em1b_fball_r0_wait,0x0042B600,0x0042B608,8
Em1b_fball_r0_set,0x0042B610,0x0042B614,4
FUN_0042b9c0,0x0042B9C0,0x0042B9E4,36
Em1b_fball_sky_r0_move,0x0042BA10,0x0042BA18,8
Em1b_fball_earth_r0_move00,0x0042BC40,0x0042BCDC,152
Em1b_fball_earth_r0_move01,0x0042BCF0,0x0042BD8C,152
Em1b_set_fball,0x0042BDA0,0x0042BEF0,232
Em1b_set_om_ab_move03,0x0042BF00,0x0042BF0C,12
Em1b_next_action_set00,0x0042C130,0x0042C134,4
Em1b_next_action_set01,0x0042C580,0x0042C588,8
Em1b_3rd_eye_ck,0x0042CB00,0x0042CB48,72
Em1b_atk_ball_ck,0x0042CB50,0x0042CBA0,80
Em1b_magma_ryu_ck,0x0042CBA0,0x0042CBD4,52
Em1b_parts_bomb_move,0x0042CBE0,0x0042CBE8,8
Em1b_earth_parts_off,0x0042CE70,0x0042CF0C,156
Em1b_neck_move,0x0042CF10,0x0042CF18,8
Em1b_barrier_move,0x0042D070,0x0042D080,16
Em1b_core_move,0x0042D3A0,0x0042D3A8,8
Em1c_move,0x0042D570,0x0042D574,4
Em1c_R0_init,0x0042D6E0,0x0042D6E4,4
Em1c_R0_move,0x0042D860,0x0042D880,32
Em1c_R1_move_type02,0x0042D880,0x0042D8D0,64
Em1c_R1_move_type00,0x0042D8E0,0x0042D930,80
Em1c_R1_br_wait_air,0x0042D940,0x0042D948,8
Em1c_R1_wait_air,0x0042D950,0x0042D9EC,124
Em1c_R1_br_barrier,0x0042DA00,0x0042DA08,8
Em1c_R1_barrier,0x0042DA10,0x0042DA84,92
Em1c_R1_br_atk_ele,0x0042DAA0,0x0042DAA8,8
Em1c_R1_atk_ele,0x0042DAB0,0x0042DB00,64
Em1c_R1_br_atk_rock,0x0042DB10,0x0042DB18,8
Em1c_R1_atk_rock,0x0042DB20,0x0042DB70,64
Em1c_R1_br_atk_laser,0x0042DB80,0x0042DB88,8
Em1c_R1_atk_laser,0x0042DB90,0x0042DB98,8
Em1c_R1_br_atk_net,0x0042DDE0,0x0042DDE8,8
Em1c_R1_atk_net,0x0042DDF0,0x0042DDF8,8
Em1c_R1_br_atk_ball,0x0042E070,0x0042E078,8
Em1c_R1_atk_ball,0x0042E080,0x0042E088,8
Em1c_R1_br_atk_meteor,0x0042E2F0,0x0042E2F8,8
Em1c_R1_atk_meteor,0x0042E300,0x0042E350,64
Em1c_R1_br_atk_dash,0x0042E360,0x0042E368,8
Em1c_R1_atk_dash,0x0042E370,0x0042E3A8,56
Em1c_R1_br_atk_vulcan,0x0042E450,0x0042E458,8
Em1c_R1_atk_vulcan,0x0042E460,0x0042E468,8
Em1c_R1_br_atk_homing,0x0042E7C0,0x0042E7C8,8
Em1c_R1_atk_homing,0x0042E7D0,0x0042E820,64
Em1c_R1_move_type01,0x0042E830,0x0042E880,80
Em1c_R1_br_wait,0x0042E890,0x0042E898,8
Em1c_R1_wait,0x0042E8A0,0x0042E914,92
Em1c_R1_br_wait2,0x0042E930,0x0042E938,8
Em1c_R1_wait2,0x0042E940,0x0042E978,56
Em1c_R1_br_atk_wave_l,0x0042EA30,0x0042EA38,8
Em1c_R1_atk_wave_l,0x0042EA40,0x0042EA90,64
Em1c_R1_br_atk_wave_w,0x0042EAA0,0x0042EAA8,8
Em1c_R1_atk_wave_w,0x0042EAB0,0x0042EB00,64
Em1c_R1_br_atk_magma,0x0042EB10,0x0042EB18,8
Em1c_R1_atk_magma,0x0042EB20,0x0042EB74,64
Em1c_R1_br_atk_magma_ryu,0x0042EB90,0x0042EB98,8
Em1c_R1_atk_magma_ryu,0x0042EBA0,0x0042EBF4,64
Em1c_R1_br_atk_magma_w,0x0042EC10,0x0042EC18,8
Em1c_R1_atk_magma_w,0x0042EC20,0x0042EC74,64
Em1c_R1_br_atk_magma_fb,0x0042EC90,0x0042EC98,8
Em1c_R1_atk_magma_fb,0x0042ECA0,0x0042ECF4,64
Em1c_R1_br_atk_eye3,0x0042ED10,0x0042ED18,8
Em1c_R1_atk_eye3,0x0042ED20,0x0042ED74,64
Em1c_R1_br_atk_eye3_set,0x0042ED90,0x0042ED98,8
Em1c_R1_atk_eye3_set,0x0042EDA0,0x0042EDF4,64
Em1c_R1_br_atk_ball_set,0x0042EE10,0x0042EE18,8
Em1c_R1_atk_ball_set,0x0042EE20,0x0042EE74,64
Em1c_R1_br_atk_eye3_sp,0x0042EE90,0x0042EE98,8
Em1c_R1_atk_eye3_sp,0x0042EEA0,0x0042EEF4,64
Em1c_R1_br_atk_punch,0x0042EF10,0x0042EF18,8
Em1c_R1_atk_punch,0x0042EF20,0x0042EF24,4
Em1c_R1_br_atk_punch_r,0x0042F0E0,0x0042F0E8,8
Em1c_R1_atk_punch_r,0x0042F0F0,0x0042F0F4,4
Em1c_R1_br_atk_e_homing,0x0042F290,0x0042F298,8
Em1c_R1_atk_e_homing,0x0042F2A0,0x0042F2F4,64
Em1c_R1_br_atk_e_vulcan,0x0042F310,0x0042F318,8
Em1c_R1_atk_e_vulcan,0x0042F320,0x0042F328,8
FUN_0042f500,0x0042F500,0x0042F574,104
Em1c_R0_damage,0x0042F590,0x0042F5B0,32
Em1c_R1_dm_type00,0x0042F5B0,0x0042F60C,76
Em1c_R1_dm_type01,0x0042F620,0x0042F67C,76
Em1c_R0_die,0x0042F690,0x0042F698,8
Pl_em_dam_em1c_atk_punch,0x0042F6A0,0x0042F6A4,4
FUN_0042f7c0,0x0042F7C0,0x0042F7C4,4
Pl_em_dam_em1c_atk_punch_r,0x0042F990,0x0042F994,4
Pl_em_dam_em1c_atk_magma_s,0x0042FC80,0x0042FCBC,60
Pl_em_dam_em1c_atk_magma_b,0x0042FDD0,0x0042FDD8,8
Em1d_dm_ck,0x0042FF30,0x0042FF40,16
FUN_00430120,0x00430120,0x00430128,8
Em1d_pos_hosei,0x00430E30,0x00430E34,4
Em1d_move,0x00430F50,0x00430F54,4
Em1d_R0_init,0x004325D0,0x004325D4,4
Em1d_R0_move,0x00433230,0x00433280,80
Em1d_R1_br_mv00,0x00433290,0x00433294,4
Em1d_R1_mv00,0x004334C0,0x004334C4,4
Em1d_R1_br_mv01,0x00433950,0x00433958,8
Em1d_R1_mv01,0x00433BD0,0x00433BE0,16
Em1d_R1_br_mv02,0x004345D0,0x004345D8,8
Em1d_R1_mv02,0x004345E0,0x004345E4,4
Em1d_R1_br_mv03,0x004358E0,0x004358E8,8
Em1d_R1_mv03,0x004358F0,0x004358FC,12
Em1d_R1_br_mv04,0x00436420,0x00436428,8
Em1d_R1_mv04,0x00436430,0x00436438,8
Em1d_R1_br_mv05,0x00436440,0x00436448,8
Em1d_R1_mv05,0x00436450,0x00436590,304
Em1d_R1_br_mv06,0x004365B0,0x004365B8,8
Em1d_R1_mv06,0x004365C0,0x004365C4,4
Em1d_R1_br_mv07,0x00436E30,0x00436E38,8
Em1d_R1_mv07,0x00436E40,0x00436E44,4
Em1d_R1_br_mv08,0x00436F70,0x00436F78,8
Em1d_R1_mv08,0x00436F80,0x00436F88,8
Em1d_R1_br_mv09,0x004372B0,0x004372B8,8
Em1d_R1_mv09,0x004372C0,0x00437408,260
Em1d_R1_br_mv0a,0x00437420,0x00437428,8
Em1d_R1_mv0a,0x00437430,0x0043756C,244
Em1d_R1_br_mv0b,0x00437580,0x00437588,8
Em1d_R1_mv0b,0x00437590,0x00437598,8
Em1d_R1_br_mv0c,0x00438270,0x00438278,8
Em1d_R1_mv0c,0x00438280,0x004385F8,500
Em1d_R1_br_mv0d,0x00438620,0x00438634,20
Em1d_R1_mv0d,0x00438640,0x004387A8,268
Em1d_R1_br_mv0e,0x004387D0,0x004387E4,20
Em1d_R1_mv0e,0x004387F0,0x00438930,200
Em1d_R1_br_mv0f,0x00438950,0x00438958,8
Em1d_R1_mv0f,0x00438960,0x00438964,4
Em1d_R1_br_mv10,0x00439D10,0x00439D18,8
Em1d_R1_mv10,0x00439D20,0x00439D24,4
Em1d_R1_br_mv11,0x0043B0C0,0x0043B0D4,20
Em1d_R1_mv11,0x0043B0E0,0x0043B274,276
Em1d_R1_br_mv12,0x0043B2A0,0x0043B2B4,20
Em1d_R1_mv12,0x0043B2C0,0x0043B49C,272
Em1d_R1_br_mv13,0x0043B4C0,0x0043B4C8,8
Em1d_R1_mv13,0x0043B4D0,0x0043B4DC,12
Em1d_R1_br_mv14,0x0043BDC0,0x0043BDC8,8
Em1d_R1_mv14,0x0043BDD0,0x0043BE88,112
Em1d_R0_damage,0x0043BF80,0x0043BFA0,32
Em1d_R1_dm00,0x0043BFA0,0x0043BFA4,4
Em1d_R1_dm01,0x0043C330,0x0043C334,4
Em1d_R1_dm02,0x0043C6F0,0x0043C6F8,8
Em1d_R0_die,0x0043C700,0x0043C720,32
Em1d_R1_die00,0x0043C720,0x0043C728,8
Em1d_R1_die01,0x0043C730,0x0043C738,8
Em1d_R0_reset,0x0043C740,0x0043C764,36
Em1d_R1_reset00,0x0043C770,0x0043C778,8
Em1d_R1_reset01,0x0043C780,0x0043C788,8
Em1d_R1_reset02,0x0043C790,0x0043C798,8
Em1d_R1_reset03,0x0043C7A0,0x0043C7A8,8
Pl_damage_em1d_00,0x0043C7B0,0x0043C7BC,12
Pl_damage_em1d_01,0x0043CBE0,0x0043CBE4,4
Pl_damage_em1d_02,0x0043CD30,0x0043CD34,4
Em1d_parts_yuka_ck,0x0043CED0,0x0043CED8,8
Em1d_ko_main_move,0x0043CEE0,0x0043CF70,136
Em1d_ko_init,0x0043CF70,0x0043CF74,4
Em1d_ko_move,0x0043D040,0x0043D0A8,96
Em1d_ko_mv00,0x0043D0B0,0x0043D0B8,8
Em1d_ko_mv01,0x0043D0C0,0x0043D0C8,8
Em1d_ko_mv02,0x0043D0D0,0x0043D0D8,8
Em1d_core_move,0x0043D0E0,0x0043D0EC,12
Em1d_head_move,0x0043E020,0x0043E028,8
Motion_move_main_em1d_scale,0x0043E030,0x0043E03C,12
Motion_move_em1d_scale,0x0043E200,0x0043E2A8,168
Get_height_pos_em1d,0x0043E2C0,0x0043E324,100
Lei_move,0x0043E360,0x0043E368,8
eff2d_16_init00,0x0043EC10,0x0043EC14,4
eff2d_16_move01,0x0043ECE0,0x0043ECF0,16
eff2d_16_move02,0x0043EE80,0x0043EE84,4
eff2d_16_move03,0x0043F150,0x0043F19C,76
eff2d_16_move04,0x0043F220,0x0043F224,4
eff2d_16_move05,0x0043F380,0x0043F3A0,32
Eff2d_16,0x0043F410,0x0043F418,8
Eff2d_dm_ck,0x0043F5A0,0x0043F5A8,8
Em1d_hom_jm_init,0x0043F770,0x0043F810,160
Em1d_hom_jm_move,0x0043F810,0x0043F818,8
Em1d_hom_jm_set,0x004401A0,0x004401F0,64
Em1d_om1d_dm_ck,0x004401F0,0x004402CC,220
Em1d_event_end,0x00440310,0x004405A4,660
Em1d_event_end2,0x004406B0,0x004406EC,60
Em1d_event_in,0x00440710,0x00440714,4
Em1e_dm_ck,0x004408D0,0x004408D4,4
Em1e_pos_hosei,0x00440E20,0x00440E90,112
Em1e_move,0x00440EC0,0x00440EC8,8
Em1e_R0_init,0x004417D0,0x004417D4,4
Em1e_R0_move,0x004422F0,0x00442340,80
Em1e_R1_br_mv00,0x00442350,0x00442358,8
Em1e_R1_mv00,0x00442360,0x004427DC,436
Em1e_R1_br_mv01,0x004427F0,0x004427F8,8
Em1e_R1_mv01,0x00442800,0x00442A0C,180
Em1e_R1_br_mv02,0x00442A20,0x00442A28,8
Em1e_R1_mv02,0x00442A30,0x00442AA0,108
Em1e_R1_br_mv03,0x00442AB0,0x00442AB8,8
Em1e_R1_mv03,0x00442AC0,0x00442B4C,116
Em1e_R1_br_mv04,0x00442B60,0x00442B68,8
Em1e_R1_mv04,0x00442B70,0x00442BE8,116
Em1e_R1_br_mv05,0x00442C00,0x00442C08,8
Em1e_R1_mv05,0x00442C10,0x00442C18,8
Em1e_R1_br_mv06,0x00442FA0,0x00442FA8,8
Em1e_R1_mv06,0x00442FB0,0x00442FBC,12
Em1e_R1_br_mv07,0x004436F0,0x004436F8,8
Em1e_R1_mv07,0x00443700,0x0044378C,108
Em1e_R1_br_mv08,0x004437A0,0x004437A8,8
Em1e_R1_mv08,0x004437B0,0x004437B8,8
Em1e_R1_br_mv09,0x00443A00,0x00443A08,8
Em1e_R1_mv09,0x00443A10,0x00443A90,108
Em1e_R1_br_mv0a,0x00443AA0,0x00443AA8,8
Em1e_R1_mv0a,0x00443AB0,0x00443B20,108
Em1e_R1_br_mv0b,0x00443B30,0x00443B38,8
Em1e_R1_mv0b,0x00443B40,0x00443BF8,128
Em1e_R1_br_mv0c,0x00443C20,0x00443C28,8
Em1e_R1_mv0c,0x00443C30,0x00443C34,4
Em1e_R1_br_mv0d,0x00443FA0,0x00443FA8,8
Em1e_R1_mv0d,0x00443FB0,0x00444030,100
Em1e_R0_damage,0x00444060,0x00444080,32
Em1e_R1_dm00,0x00444080,0x004440E0,92
Em1e_R1_dm01,0x00444110,0x00444118,8
Em1e_R1_dm02,0x00444120,0x00444128,8
Em1e_R0_die,0x00444130,0x00444150,32
Em1e_R1_die00,0x00444150,0x004441B0,92
Em1e_R1_die01,0x004441F0,0x004441F8,8
Em1e_R0_reset,0x00444200,0x00444224,36
Em1e_R1_reset00,0x00444230,0x00444238,8
Em1e_R1_reset01,0x00444240,0x00444248,8
Em1e_R1_reset02,0x00444250,0x00444258,8
Em1e_R1_reset03,0x00444260,0x00444268,8
Motion_move_main_em1e,0x00444270,0x00444274,4
Motion_move_em1e,0x00444A20,0x00444AC8,168
Em1e_parts_yuka_ck,0x00444AE0,0x00444AEC,12
Sub_calc_matrix_em1e_0,0x00445180,0x0044518C,12
Sub_calc_matrix_em1e_1,0x00445590,0x0044559C,12
Em1e_syo_move,0x00445620,0x00445888,616
Em1e_pro_move,0x00445890,0x00445894,4
Em1e_event_end,0x00447CC0,0x00447E90,456
Em1e_event_end2,0x00447ED0,0x00447EF4,36
Em08_dm_ck,0x00447F30,0x00447F3C,12
Em08_pos_hosei,0x00448390,0x00448394,4
Em08_move,0x004484D0,0x004484D8,8
Em08_R0_init,0x00448770,0x00448778,8
Em08_R0_move,0x00448CD0,0x00448D54,132
Em08_R1_br_mv00,0x00448D70,0x00448D74,4
Em08_R1_br01_mv00,0x00448EA0,0x004491B0,440
Em08_R1_mv00,0x004491C0,0x00449200,64
Em08_R1_br_mv01,0x00449580,0x00449588,8
Em08_R1_mv01,0x00449590,0x004495D0,64
Em08_R1_br_mv02,0x004499D0,0x004499D4,4
Em08_R1_br01_mv02,0x00449BC0,0x00449CD8,280
Em08_R1_mv02,0x00449D20,0x00449D24,4
Em08_R1_br_mv03,0x0044A1A0,0x0044A28C,236
Em08_R1_mv03,0x0044A2A0,0x0044A2A4,4
Em08_R1_br_mv04,0x0044A7D0,0x0044A7D8,8
Em08_R1_mv04,0x0044A7E0,0x0044A7FC,28
Em08_R1_br_mv05,0x0044ADD0,0x0044ADD8,8
Em08_R1_mv05,0x0044ADE0,0x0044ADF4,20
Em08_R1_br_mv06,0x0044B170,0x0044B178,8
Em08_R1_mv06,0x0044B180,0x0044B1C0,64
Em08_R0_damage,0x0044B380,0x0044B3A0,32
Em08_R1_dm00,0x0044B3A0,0x0044B3A8,8
Em08_R1_dm01,0x0044B620,0x0044B628,8
Em08_R1_dm02,0x0044B890,0x0044B8D0,64
Em08_R0_die,0x0044BA40,0x0044BA60,32
Em08_R1_die00,0x0044BA60,0x0044BA68,8
Em08_R1_die01,0x0044BE90,0x0044BE98,8
Em08_R0_reset,0x0044BEA0,0x0044BEC4,36
Em08_R1_reset00,0x0044BED0,0x0044BED8,8
Em08_R1_reset01,0x0044BEE0,0x0044BEE8,8
Em08_R1_reset02,0x0044BEF0,0x0044BEF8,8
Em08_R1_reset03,0x0044BF00,0x0044BF08,8
Em08_dm_move,0x0044BF10,0x0044C0D4,452
Em08_free_pos_set,0x0044C0E0,0x0044C108,40
Em08_devil_mode,0x0044C110,0x0044C114,4
Event_scheduler,0x0044C350,0x0044C358,8
Event_set,0x0044CB10,0x0044CBA8,152
Event_pl_reset,0x0044CC90,0x0044CDEC,348
Event_pl_reset2,0x0044CE00,0x0044CF18,280
Event_exec_cam_set_only,0x0044CF30,0x0044CF6C,60
Event_exec_cam,0x0044CF80,0x0044CFFC,120
Event_exec_pos,0x0044D010,0x0044D01C,12
Event_exec_mot,0x0044D120,0x0044D20C,232
Event_exec_face,0x0044D210,0x0044D218,8
Event_exec_voice,0x0044D320,0x0044D398,116
Event_exec_prog,0x0044D3A0,0x0044D41C,120
Event_exec_s_flg,0x0044D430,0x0044D490,92
Event_exec_c_flg,0x0044D4A0,0x0044D4AC,12
Event_exec_light,0x0044D560,0x0044D598,56
Event_exec_quake,0x0044D5D0,0x0044D614,68
Event_exec_blur,0x0044D650,0x0044D710,188
Event_exec_fade,0x0044D720,0x0044D7BC,144
Event_exec_vib,0x0044D7D0,0x0044D810,64
Event_exec_msg,0x0044D870,0x0044D8C0,80
Event_data_init,0x0044D900,0x0044D90C,12
Event_data_mapping,0x0044D980,0x0044DB40,448
Set_ecd,0x0044DB40,0x0044DB78,56
Sys_flg_set,0x0044DB80,0x0044DEA8,168
Char_flg_set,0x0044DEB0,0x0044E318,144
Event_voice_call,0x0044E320,0x0044E328,8
Event_skip_possible_check,0x0044E480,0x0044E508,136
Event_skip,0x0044E510,0x0044E764,428
Event_skip_s_flg_set,0x0044E780,0x0044E7C4,68
Event_skip_c_flg_set,0x0044E7E0,0x0044E7F0,16
Event_skip_pos_set,0x0044E8A0,0x0044E934,128
Event_skip_light_set,0x0044E940,0x0044E98C,76
Evt_em_set_init,0x0044E9A0,0x0044EA60,192
Om2e_move,0x0044EA70,0x0044EA84,20
Om2e_R0_init,0x0044EF00,0x0044F01C,228
Om2e_R0_move,0x0044F030,0x0044F0A0,112
Om2e_R1_br_mv07,0x0044F0B0,0x0044F0B8,8
Om2e_R1_mv07,0x0044F0C0,0x0044F128,88
Om2e_R1_br_mv08,0x0044F160,0x0044F168,8
Om2e_R1_mv08,0x0044F170,0x0044F174,4
Om2e_R1_br_mv03,0x0044F3E0,0x0044F3E8,8
Om2e_R1_mv03,0x0044F3F0,0x0044F3F8,8
Om2e_R1_br_mv04,0x0044F550,0x0044F554,4
Om2e_R1_mv04,0x0044F640,0x0044F648,8
Om2e_R1_br_mv05,0x0044F740,0x0044F748,8
Om2e_R1_mv05,0x0044F750,0x0044F758,8
Om2e_R1_br_mv06,0x0044FA10,0x0044FA18,8
Om2e_R1_mv06,0x0044FA20,0x0044FA28,8
Om2e_R1_br_mv00,0x0044FB10,0x0044FB18,8
Om2e_R1_mv00,0x0044FB20,0x0044FC30,272
Om2e_R1_br_mv01,0x0044FC40,0x0044FC48,8
Om2e_R1_mv01,0x0044FC50,0x0044FD24,136
Om2e_R1_br_mv02,0x0044FD40,0x0044FD48,8
Om2e_R1_mv02,0x0044FD50,0x0044FEB0,80
Om2e_R1_br_taiki,0x0044FEC0,0x0044FEC8,8
Om2e_R1_taiki,0x0044FED0,0x0044FF00,48
Om2e_R1_br_tobikomi,0x0044FF00,0x0044FF08,8
Om2e_R1_tobikomi,0x0044FF10,0x0044FF6C,76
Om2e_R1_br_atk_taiatari,0x0044FFA0,0x0044FFA8,8
Om2e_R1_atk_taiatari,0x0044FFB0,0x0044FFB8,8
Om2e_R1_br_atk_big_magma,0x004508F0,0x004508F8,8
Om2e_R1_atk_big_magma,0x00450900,0x00450904,4
Om2e_R0_damage,0x00450BB0,0x00450BD0,32
Om2e_R1_dm00,0x00450BD0,0x00450BD8,8
Om2e_R1_dm01,0x00450BE0,0x00450BE8,8
Om2e_R0_die,0x00450BF0,0x00450BF8,8
Om2e_Tail_move,0x00450C00,0x00450C0C,12
Om2e_jnt_set,0x00450D20,0x00450E6C,332
Om2e_jnt_reset,0x00450E80,0x00450F6C,236
Om2e_Tail_link,0x00450F80,0x00450F84,4
Om2e_scr_at_ck,0x00451160,0x00451168,8
Om2e_dm_ck,0x004511A0,0x0045128C,228
Oma1_move,0x00451320,0x00451340,32
Oma1_R0_init,0x00451340,0x00451408,200
Oma1_R0_move,0x00451410,0x00451430,32
Oma1_R1_mv00,0x00451430,0x00451464,52
Oma1_R1_mv01,0x004514C0,0x004514D4,20
Pl_dis_ck,0x00451780,0x004517C4,68
Oma1_R0_damage,0x00451840,0x00451860,32
Oma1_R1_dm00,0x00451860,0x00451950,232
Oma1_R1_dm01,0x00451990,0x00451A80,232
Oma1_R0_die,0x00451AC0,0x00451B18,88
Oma1_dm_ck,0x00451B20,0x00451B58,52
Oma1_dm_ck2,0x00451B60,0x00451BAC,72
Oma4_move,0x00451BB0,0x00451BD0,32
Oma4_R0_init,0x00451BD0,0x00451C70,148
Oma4_R0_move,0x00451C80,0x00451CA0,32
Oma4_R1_mv00,0x00451CA0,0x00451CA4,4
Oma4_R0_damage,0x00451DB0,0x00451DD0,32
Oma4_R1_dm00,0x00451DD0,0x00451DD8,8
Oma4_R0_die,0x00451DE0,0x00451DE8,8
R30b_init,0x00451DF0,0x00451DFC,12
R30b_main,0x00451E00,0x00451E08,8
Set_effect_em1b_laser00,0x00451E10,0x00451E14,4
Set_effect_em1b_laser00_evt,0x00451FF0,0x00451FF4,4
Set_effect_em1b_laser_light,0x004521C0,0x0045223C,116
Set_effect_em17_laser00,0x00452270,0x00452278,8
Set_effect_em17_laser_light,0x00452470,0x00452474,4
Set_effect_em1b_thunder,0x00452550,0x004525A0,80
Set_effect_em1b_thunder2,0x004525E0,0x00452628,72
Set_eff_em1b_hit,0x00452640,0x00452650,16
Set_effect_em1b_barukan,0x004528B0,0x004528F8,72
Set_effect_em1b_barukan2,0x004529D0,0x00452A18,72
Set_effect_em1b_laser_2d,0x00452AF0,0x00452AF4,4
Set_eff_dragon_hit,0x00452BB0,0x00452BB8,8
Set_eff_em1b_event_hit,0x00452DC0,0x00452DC8,8
Set_effect_dragon_kemuri,0x00453180,0x0045318C,12
Technique_menu,0x00453610,0x004536C8,176
Technique_menu_init,0x004536E0,0x004536E4,4
Technique_menu_move,0x00453A00,0x00453A08,8
Technique_menu_trans,0x00454220,0x00454224,4
Make_action_menu_info,0x004553D0,0x004553E8,24
Get_action_tex_no,0x00455480,0x00455744,708
Om30_move,0x00455750,0x00455770,32
Om30_R0_init,0x00455770,0x004557E8,120
Om30_R0_move,0x004557F0,0x00455808,24
Om30_R0_die,0x00455A00,0x00455A64,100
Om09_move,0x00455BF0,0x00455C24,52
Om09_R0_init,0x00455C30,0x00455CE0,172
Om09_R0_wait,0x00455D10,0x00455D18,8
Om09_R0_move,0x00455D20,0x00455D40,32
Om09_r1_em1b_atk,0x00455D40,0x00455D44,4
Om09_R0_die,0x00455EC0,0x00455EE0,32
Om09_R1_die00,0x00455EE0,0x00455EE8,8
Om09_R1_die01,0x00455EF0,0x00455EF8,8
Em1b_atk_syougeki_ha,0x00455F00,0x00455F08,8
Om31_move,0x00456050,0x004560A8,88
Om31_R0_init,0x004560C0,0x004560D8,24
Om31_R0_move00,0x00456280,0x004563BC,244
Om31_R0_die00,0x004563C0,0x004563E4,36
Om31_R0_move01,0x004563F0,0x00456480,144
Om31_R0_die01,0x00456480,0x004564A4,36
Om31_dm_ck,0x004564B0,0x004564EC,60
Oma8_move,0x004564F0,0x00456510,32
Oma8_R0_init,0x00456510,0x00456554,68
Oma8_R0_move,0x00456560,0x00456580,32
Oma8_R1_mv00,0x00456580,0x00456650,208
Oma8_R0_damage,0x00456650,0x00456670,32
Oma8_R1_dm00,0x00456670,0x00456678,8
Oma8_R0_die,0x00456680,0x00456688,8
Set_effect_pl03_black_aura,0x00456690,0x004566A0,16
Set_effect_pl03_kaminari00,0x00456920,0x00456924,4
Set_effect_pl03_kaminari02,0x00456AA0,0x00456AA4,4
Set_effect_pl03_kaminari01,0x00456C30,0x00456C44,20
Set_effect_pl03_denkiatk00_0,0x00456DA0,0x00456DA4,4
Set_effect_pl03_denkiatk00,0x00456F50,0x00456F58,8
Set_effect_pl03_denkiatk01,0x00457280,0x0045728C,12
set_eff_pl03_flash,0x00457540,0x0045754C,12
set_eff_pl03_denki_aura,0x004578E0,0x004578E8,8
Set_effect_pl03_fire_punch00,0x00457DC0,0x00457DF0,48
Set_effect_pl03_fire_sword00,0x00457E20,0x00457E50,48
Set_effect_pl03_sword_fire,0x00457E80,0x00457EA8,40
set_eff_bfire_damage,0x00457F40,0x00457F48,8
Set_effect_pl03_earth_damage,0x00458100,0x00458110,16
Set_effect_pl03_sky_damage,0x00458230,0x00458238,8
Set_effect_pl03_earth_deth,0x00458430,0x00458440,16
Set_effect_pl03_sky_change,0x00458560,0x0045856C,12
set_eff_pl03_sky_tama,0x00458730,0x00458770,64
set_eff_pl03_gnd_tama,0x004587A0,0x004587F4,84
Set_eff_em1d_ice,0x00458820,0x00458834,20
Set_eff_em1d_water,0x004588B0,0x004588C4,20
Set_eff_em1d_water_up,0x00458950,0x00458964,20
Set_eff_em1d_wind,0x004589F0,0x004589F4,4
seteff_em1d_laz_sub,0x00458B50,0x00458B58,8
seteff_em1d_tame,0x00458CB0,0x00458CDC,28
seteff_em1d_spark,0x00458DA0,0x00458DA8,8
seteff_em1d_hit,0x00458F20,0x00458F64,48
seteff_em1d_over_laser,0x00458FD0,0x00458FDC,12
seteff_em1d_floor_laser,0x004590E0,0x00459144,100
seteff_em1d_line_laser,0x00459170,0x004591D8,104
eff_em1d_head_laser_set2,0x00459200,0x00459208,8
seteff_em1d_fan_hit,0x00459310,0x00459318,8
seteff_em1d_event_laser,0x00459320,0x0045932C,12
seteff_em1d_core_electron,0x00459410,0x00459440,48
seteff_em1d_core_electron2,0x004594D0,0x00459500,48
seteff_em1d_wall,0x00459590,0x004595C0,48
seteff_em1d_flash,0x00459670,0x004596BC,76
seteff_em08_cold,0x004596E0,0x00459740,96
ectrl0e_init00,0x00459760,0x00459774,20
Set_effect_ct0e_fireset3,0x00459780,0x00459784,4
Set_effect_ct0e_bfireset3,0x00459880,0x004598EC,100
ectrl0e_move10,0x00459900,0x00459908,8
Ectrl_0e,0x0045A050,0x0045A070,32
ectrl0f_init00,0x0045A070,0x0045A084,20
ectrl0f_move10,0x0045A090,0x0045A098,8
Ectrl_0f,0x0045A7A0,0x0045A7C0,32
ectrl10_init00,0x0045A7C0,0x0045A7E0,32
ectrl10_move10,0x0045A7E0,0x0045A7E4,4
Ectrl_10,0x0045BC00,0x0045BC20,32
ectrl11_init00,0x0045BC20,0x0045BC34,20
ectrl11_move10,0x0045BC40,0x0045BC44,4
Ectrl_11,0x0045C120,0x0045C140,32
ectrl15_init00,0x0045C140,0x0045C154,20
Set_effect_yougan_bom,0x0045C160,0x0045C1C0,96
Set_effect_yougan_sibuki,0x0045C1D0,0x0045C358,372
ectrl15_move10,0x0045C3D0,0x0045C3D4,4
Ectrl_15,0x0045CC10,0x0045CC30,32
ectrl1a_init00,0x0045CC30,0x0045CC44,20
ectrl1a_move10,0x0045CC50,0x0045CC74,36
Ectrl_1a,0x0045CC80,0x0045CCA0,32
ectrl21_init00,0x0045CCA0,0x0045CCB8,24
ectrl21_move10,0x0045CCC0,0x0045CEEC,528
Ectrl_21,0x0045CF00,0x0045CF20,32
ectrl22_init00,0x0045CF20,0x0045CF38,24
ectrl22_move10,0x0045CF40,0x0045CF54,20
Ectrl_22,0x0045D2B0,0x0045D2D0,32
ectrl23_init00,0x0045D2D0,0x0045D2F8,40
ectrl23_move10,0x0045D300,0x0045D30C,12
Ectrl_23,0x0045E6C0,0x0045E6E0,32
ectrl27_init00,0x0045E6E0,0x0045E6FC,28
Set_effect_ectr27_yougan_bom,0x0045E700,0x0045E760,96
Set_effect_ectr27_yougan_sibuki,0x0045E770,0x0045E8F8,372
ectrl27_move10,0x0045E970,0x0045E978,8
Ectrl_27,0x0045F030,0x0045F050,32
ectrl28_init00_t00,0x0045F050,0x0045F05C,12
ectrl28_move10_t00,0x0045F5E0,0x0045F5F0,16
Ectrl_28,0x0045F5F0,0x0045F610,32
ectrl2d_init00,0x0045F610,0x0045F624,20
ectrl2d_move10,0x0045F630,0x0045F6FC,144
Ectrl_2d,0x0045F710,0x0045F730,32
ectrl2e_init00,0x0045F730,0x0045F744,20
ectrl2e_move10,0x0045F750,0x0045F754,4
Ectrl_2e,0x0045F890,0x0045F8B0,32
ectrl2f_init00,0x0045F8B0,0x0045F8D8,40
ectrl2f_move10,0x0045F8E0,0x0045F8E4,4
Ectrl_2f,0x004608C0,0x004608E0,32
ectrl31_init00,0x004608E0,0x004608F8,24
ectrl31_move10,0x00460900,0x0046090C,12
Ectrl_31,0x00461050,0x00461070,32
ectrl32_init00,0x00461070,0x00461088,24
ectrl32_move10,0x00461090,0x0046109C,12
Ectrl_32,0x00461270,0x00461290,32
ectrl33_init00,0x00461290,0x004612A8,24
ectrl33_move10,0x004612B0,0x004612C4,20
Ectrl_33,0x00461530,0x00461550,32
ectrl35_init00,0x00461550,0x00461564,20
ectrl35_move10,0x00461570,0x00461578,8
Ectrl_35,0x00461700,0x00461720,32
ectrl36_init00,0x00461720,0x00461748,40
ectrl36_move10,0x00461750,0x0046175C,12
Ectrl_36,0x00461890,0x004618B0,32
ectrl3d_init00,0x004618B0,0x004618C4,20
ectrl3d_move10,0x004618D0,0x0046190C,60
Ectrl_3d,0x00461920,0x00461940,32
ectrl3e_init00,0x00461940,0x00461954,20
ectrl3e_move10,0x00461960,0x00461968,8
Ectrl_3e,0x00461CE0,0x00461D00,32
R214_init,0x00461D00,0x00462588,1616
R214_navi_move,0x004625A0,0x004625B0,16
R214_navi_effect_on,0x00462F20,0x00462F98,116
R214_navi_effect_off,0x00462FB0,0x00463018,100
R214_navi_effect_goal,0x00463030,0x00463100,204
R214_main,0x00463110,0x004631E4,192
R214_loop_zone_check,0x004631F0,0x004633D8,488
R214_path_check,0x004633E0,0x0046360C,540
R214_door_event_to_215,0x00463610,0x0046369C,136
FUN_004636a0,0x004636A0,0x00463708,104
R214_door_event_to_205,0x00463850,0x00463988,300
R214_door_event_to_214,0x00463AC0,0x00463BB0,236
R214_door_event_from_215,0x00463CE0,0x00463CF0,16
R214_door_event_from_205,0x00463EC0,0x00463ED0,16
R214_door_event_from_214,0x004640C0,0x004640D0,16
R214_door_event_from_205_drive,0x004642A0,0x004642B0,16
R214_door_event_from_215_drive,0x004642F0,0x00464300,16
R214_door_event_from_214_drive,0x00464340,0x00464350,16
R214_smoke_set,0x00464390,0x004643BC,44
R214_set_effect_on_navi_obj,0x00464510,0x00464520,16
R214_set_auto_door,0x00464580,0x0046494C,964
R214_navi_start,0x00464950,0x0046499C,76
R314_init,0x004649A0,0x004649AC,12
R314_main,0x00464C70,0x00464E90,544
r314_sky_move,0x00464EA0,0x00464EE0,64
r314_boss_ck,0x00464EF0,0x00464F00,16
r314_exit_point,0x00464F70,0x00464F78,8
r314_exit_room,0x00465050,0x00465084,52
r314_exit_effect,0x00465090,0x00465098,8
R215_init,0x004651B0,0x00465528,740
R215_main,0x00465550,0x0046567C,300
R215_effect_set,0x00465690,0x00465694,4
R215_door_event_from_214,0x00465710,0x00465734,36
R215_door_event_to_214,0x00465930,0x004659D4,164
R215_entrance_check,0x00465B40,0x00465BAC,108
R215_sky_init,0x00465BB0,0x00465BD0,32
FUN_00465c40,0x00465C40,0x00465C44,4
R215_sky_move,0x00465C60,0x00465C8C,44
Is_there_enemy,0x00465CD0,0x00465D38,104
R215_crag_sink,0x00465D40,0x00465D44,4
FUN_00465ec0,0x00465EC0,0x00465F4C,252
R215_mission_clear,0x00465F90,0x00465FA0,16
R215_fire_set,0x00465FD0,0x00465FD4,4
R215_phantom_eco_wait,0x00466070,0x00466080,16
r215_s_mission11,0x004660D0,0x0046612C,80
Oma0_move,0x00466140,0x00466160,32
Oma0_R0_init,0x00466160,0x004661EC,140
Oma0_R0_move,0x004661F0,0x00466210,32
Oma0_R1_taiki,0x00466210,0x00466218,8
Oma0_R1_break_taiki,0x00466220,0x00466228,8
Oma0_R0_damage,0x00466230,0x00466238,8
Oma0_R1_dm00,0x004662F0,0x004662FC,12
Oma0_R1_dm01,0x00466560,0x00466678,224
Oma0_R0_die,0x00466690,0x004666E8,88
Om9f_move,0x004666F0,0x00466710,32
Om9f_R0_init,0x00466710,0x0046679C,140
Om9f_R0_move,0x004667A0,0x004667C0,32
Om9f_R1_taiki,0x004667C0,0x004667C8,8
Om9f_R1_break_taiki,0x004667D0,0x004667D8,8
Om9f_R0_damage,0x004667E0,0x004667E8,8
Om9f_R1_dm00,0x004668A0,0x004668AC,12
Om9f_R1_dm01,0x00466B80,0x00466C98,224
Om9f_R0_die,0x00466CB0,0x00466D08,88
Om9e_move,0x00466D10,0x00466D30,32
Om9e_R0_init,0x00466D30,0x00466EE8,432
Om9e_R0_move,0x00466EF0,0x00466F10,32
Om9e_R1_taiki,0x00466F10,0x00466F18,8
Om9e_R1_break_taiki,0x00466F20,0x00466F28,8
Om9e_R0_damage,0x00466F30,0x00466F38,8
Om9e_R1_dm00,0x00466FF0,0x00466FFC,12
Om9e_R1_dm01,0x00467310,0x00467318,8
Om9e_R0_die,0x00467510,0x00467568,88
Omac_move,0x00467570,0x00467590,32
Omac_R0_init,0x00467590,0x00467804,616
Omac_R0_move,0x00467810,0x004679D8,268
Omac_R1_mv_taiki,0x004679F0,0x004679F8,8
Omac_R1_mv_atk,0x00467A00,0x00467A0C,12
Omac_R1_mv_atk2,0x004680A0,0x004680AC,12
Omac_R1_mv03,0x004687A0,0x004687A4,4
Omac_R1_mv04,0x004688A0,0x004688AC,12
Omac_R0_damage,0x00468F70,0x00468F90,32
Omac_R1_dm00,0x00468F90,0x00469034,164
Omac_R0_die,0x00469040,0x00469048,8
Omac_dm_ck,0x00469050,0x004690FC,140
Omac_dm_ck2,0x00469180,0x00469188,8
Omac_Pl_atari_ck,0x00469A10,0x00469A1C,12
Omac_fire_ball,0x00469B10,0x00469B20,16
Omac_r404_move,0x00469FC0,0x00469FC4,4
Omad_move,0x0046A780,0x0046A7A0,32
Omad_R0_init,0x0046A7A0,0x0046A7BC,28
Omad_R0_move,0x0046A7C0,0x0046A7E0,32
Omad_R1_taiki,0x0046A7E0,0x0046A7E8,8
Omad_R0_damage,0x0046A7F0,0x0046A810,32
Omad_R1_dm00,0x0046A810,0x0046A908,192
Omad_R0_die,0x0046A940,0x0046A948,8
Omae_move,0x0046A950,0x0046A970,32
Omae_R0_init,0x0046A970,0x0046A98C,28
Omae_R0_move,0x0046A990,0x0046A9B0,32
Omae_R1_taiki,0x0046A9B0,0x0046A9B8,8
Omae_R0_damage,0x0046A9C0,0x0046A9E0,32
Omae_R1_dm00,0x0046A9E0,0x0046AA68,120
Omae_R0_die,0x0046AAA0,0x0046AAA8,8
Em14_set_chi,0x0046AAB0,0x0046AAB4,4
Em14_set_chi2,0x0046ABA0,0x0046ABC0,32
Em14_set_chi_swd,0x0046AC80,0x0046AC84,4
Em14_set_pl_fire_dm,0x0046AD80,0x0046ADAC,44
Em14_dm_ck,0x0046ADE0,0x0046ADF0,16
Em14_move,0x0046C590,0x0046C594,4
Em14_stop_mv,0x0046C890,0x0046C898,8
Em14_R0_init,0x0046C8A0,0x0046C8A8,8
Em14_R0_move,0x0046CCA0,0x0046CCF0,80
Em14_R1_br_wait_sit,0x0046CD00,0x0046CD08,8
Em14_R1_wait_sit,0x0046CD10,0x0046CD18,8
Em14_R1_br_wait_stand,0x0046CFB0,0x0046CFB8,8
Em14_R1_wait_stand,0x0046CFC0,0x0046CFC4,4
Em14_R1_br_wait_air,0x0046D1E0,0x0046D28C,172
Em14_R1_wait_air,0x0046D300,0x0046D304,4
Em14_R1_br_fall,0x0046D610,0x0046D618,8
Em14_R1_fall,0x0046D620,0x0046D690,108
Em14_R1_br_landing,0x0046D720,0x0046D728,8
Em14_R1_landing,0x0046D730,0x0046D798,88
Em14_act_chk,0x0046D800,0x0046D808,8
Em14_R1_br_walk,0x0046DCB0,0x0046DD50,160
Em14_R1_walk,0x0046DD60,0x0046DD64,4
Em14_R1_br_evt_walk,0x0046E110,0x0046E144,52
Em14_R1_evt_walk,0x0046E150,0x0046E318,376
Em14_R1_br_walk_away,0x0046E330,0x0046E338,8
Em14_R1_walk_away,0x0046E340,0x0046E344,4
Em14_R1_br_run_away,0x0046E5F0,0x0046E5F8,8
Em14_R1_run_away,0x0046E600,0x0046E604,4
Em14_R1_br_catch,0x0046E910,0x0046E9BC,168
Em14_R1_catch,0x0046E9D0,0x0046EA78,92
__bss_size,0x0046EAC2,0x0046EAD2,16
Em14_R1_br_long_catch,0x0046EAE0,0x0046EB94,180
Em14_R1_long_catch,0x0046EBB0,0x0046EDB4,148
Em14_R1_br_catch_front,0x0046EE00,0x0046EE08,8
Em14_R1_catch_front,0x0046EE10,0x0046EE18,8
Em14_R1_br_catch_back,0x0046F660,0x0046F668,8
Em14_R1_catch_back,0x0046F670,0x0046F678,8
Em14_R1_br_catch_critical,0x0046FF70,0x0046FF78,8
Em14_R1_catch_critical,0x0046FF80,0x0046FF84,4
Em14_R1_br_catch_miss,0x00470090,0x00470098,8
Em14_R1_catch_miss,0x004700A0,0x004700A4,4
Em14_R1_br_turn,0x00470160,0x00470168,8
Em14_R1_turn,0x00470170,0x00470174,4
Em14_R1_br_attack_small,0x00470320,0x00470328,8
Em14_R1_attack_small,0x00470330,0x00470334,4
Em14_R1_br_firebreath,0x004709C0,0x004709C8,8
Em14_R1_firebreath,0x004709D0,0x004709D4,4
Em14_R1_br_c_firebreath,0x00470B10,0x00470B18,8
Em14_R1_c_firebreath,0x00470B20,0x00470B24,4
Em14_R1_br_attack_yoyo,0x00470D00,0x00470D08,8
Em14_R1_attack_yoyo,0x00470D10,0x00470D14,4
Em14_R1_br_attack_yoyo2,0x00470E80,0x00470E88,8
Em14_R1_attack_yoyo2,0x00470E90,0x00470E94,4
Em14_R1_br_scream,0x00471140,0x00471148,8
Em14_R1_scream,0x00471150,0x0047115C,12
Em14_R1_br_threat,0x004713C0,0x004713C8,8
Em14_R1_threat,0x004713D0,0x004713D8,8
Em14_R1_br_threat_atk,0x00471750,0x00471758,8
Em14_R1_threat_atk,0x00471760,0x00471764,4
Em14_R1_br_guard,0x00471EF0,0x00471EF8,8
Em14_R1_guard,0x00471F00,0x00471F04,4
Em14_R1_br_sword_reflect,0x00472140,0x00472148,8
Em14_R1_sword_reflect,0x00472150,0x00472154,4
Em14_R1_br_guard_break,0x00472310,0x00472318,8
Em14_R1_guard_break,0x00472320,0x00472324,4
Em14_R0_damage,0x00472560,0x004725B0,80
Em14_R1_dm_br_small,0x004725C0,0x004725C8,8
Em14_R1_dm_small,0x004725D0,0x004725D4,4
Em14_R1_dm_br_blow_front,0x004727C0,0x004727C8,8
Em14_R1_dm_blow_front,0x004727D0,0x004727D4,4
Em14_R1_dm_br_blow_back,0x00472A90,0x00472A98,8
Em14_R1_dm_blow_back,0x00472AA0,0x00472AA4,4
Em14_R1_dm_br_blow_front2,0x00472D60,0x00472D68,8
Em14_R1_dm_blow_front2,0x00472D70,0x00472D74,4
Em14_R1_dm_br_upper,0x00472F40,0x00472F48,8
Em14_R1_dm_upper,0x00472F50,0x00472F54,4
Em14_R1_dm_br_upper2,0x00473280,0x00473288,8
Em14_R1_dm_upper2,0x00473290,0x00473294,4
Em14_R0_die,0x00473630,0x00473680,80
Em14_parts_bomb_set,0x00473690,0x00473694,4
Em14_parts_bomb_move,0x00473810,0x0047381C,12
Em14_R1_die_br_bomb,0x004739C0,0x004739C8,8
Em14_R1_die_bomb,0x004739D0,0x004739D4,4
Em14_R1_die_br_catch_f,0x00473BF0,0x00473BF8,8
Em14_R1_die_catch_f,0x00473C00,0x00473C04,4
Em14_R1_die_br_catch_b,0x00473F40,0x00473F48,8
Em14_R1_die_catch_b,0x00473F50,0x00473F54,4
Em14_R1_die_br_down,0x00474290,0x00474298,8
Em14_R1_die_down,0x004742A0,0x004742A4,4
Em14_R1_die_br_blow_front,0x004745E0,0x004745E8,8
Em14_R1_die_blow_front,0x004745F0,0x004745F4,4
Em14_R1_die_br_blow_back,0x004748F0,0x004748F8,8
Em14_R1_die_blow_back,0x00474900,0x00474904,4
Em14_bend_backward,0x00474C00,0x00474C08,8
Em14_move_backward,0x00474D20,0x00474D24,4
Em14_weapon_on_fire,0x00474E20,0x00474E24,4
Em14_firebreath_at_ck,0x00475370,0x00475380,16
Em14_firebreath_move,0x004755E0,0x004755EC,12
Em14_core_blink,0x00475C10,0x00475C1C,12
Em14_yoyo_set,0x00475EA0,0x00475EA4,4
Em14_yoyo_set2,0x00475FE0,0x00475FE4,4
Em14_yoyo_release,0x00476130,0x00476140,16
Em14_yoyo_release2,0x004763C0,0x004763D0,16
Em14_yoyo_rotation,0x00476620,0x0047663C,28
Em14_yoyo_up,0x004767E0,0x004767F8,24
Em14_yoyo_catch,0x00476A30,0x00476A44,20
Em14_yoyo_pull,0x00476C60,0x00476C6C,12
Em14_yoyo_move,0x00476E50,0x00476E58,8
Em14_catch_ck,0x00477610,0x0047776C,336
Em14_firebreath_ck,0x00477770,0x004777F4,132
Em14_devil_ck,0x00477810,0x00477814,4
Em14_set_crystal,0x00477970,0x00477988,24
Em14_die_scream,0x004779B0,0x00477A4C,156
Em14_em10_throw_mode,0x00477A50,0x00477AEC,156
Em14_scream_disp,0x00477AF0,0x00477D70,176
Em14_parts_bomb,0x00477D80,0x00477D90,16
Em14_R0_reset,0x00477D90,0x00477DB4,36
Em14_R1_reset00,0x00477DC0,0x00477DC4,4
Em14_R1_reset01,0x00477F60,0x00477F64,4
Em14_R1_reset02,0x00478130,0x00478138,8
Em14_R1_reset03,0x00478140,0x00478148,8
Pl_em_dam_em14_catch_f,0x00478150,0x00478154,4
Pl_em_dam_em14_catch_b,0x004784B0,0x004784B4,4
Pl_em_dam_em14_hang,0x00478820,0x004789A8,168
FUN_00478b50,0x00478B50,0x00478B6C,28
FUN_00478b88,0x00478B88,0x00478E50,388
FUN_00478e50,0x00478E50,0x00478EE8,148
FUN_00478ef0,0x00478EF0,0x00478EFC,12
Hang_line_disp,0x00478F10,0x00478F14,4
Em14_pl_hang_neck_move,0x00479400,0x00479474,116
Pl_em_die_em14_catch_f,0x00479480,0x0047951C,136
Pl_em_die_em14_catch_b,0x00479550,0x004795EC,136
Em14_die_lost,0x00479620,0x00479698,120
Em14_light_control,0x004796B0,0x004796B8,8
Em14_set_effect_water,0x00479930,0x00479938,8
Set_eff_em0b_brack,0x00479BD0,0x00479BD4,4
seteff_em0e_start_laser,0x00479CA0,0x00479CB0,16
MoviePcmInit,0x00479D50,0x00479E00,172
MoviePcmExit,0x00479E30,0x00479E58,40
audioDecPause,0x00479E80,0x00479EBC,60
audioDecResume,0x00479F00,0x00479F50,80
audioDecStart,0x00479F70,0x00479F78,8
audioDecReset,0x00479F80,0x00479FB4,52
audioDecBeginPut,0x00479FD0,0x0047A08C,188
audioDecEndPut,0x0047A090,0x0047A114,132
audioDecIsPreset,0x0047A120,0x0047A154,52
audioDecSendToIOP,0x0047A160,0x0047A164,4
iopGetArea,0x0047A320,0x0047A3C4,164
sendToIOP,0x0047A3D0,0x0047A3D4,4
sendToIOP2area,0x0047A450,0x0047A45C,12
changeInputVolume,0x0047A5B0,0x0047A5D4,36
StrPcmCallBack,0x0047A600,0x0047A610,16
MpegMovieDecodeInit,0x0047A6E0,0x0047A74C,108
MpegMovieDecode,0x0047A760,0x0047A764,4
Movie_set_loadimage3,0x0047AAA0,0x0047AAA8,8
MovieMpegInit,0x0047AD80,0x0047AE3C,188
getFIFOindex,0x0047AE50,0x0047AE90,64
viBufBeginPut,0x0047AE90,0x0047AEA0,16
viBufEndPut,0x0047AF80,0x0047AF84,4
StrM2vCallBack,0x0047AFE0,0x0047AFF0,16
viBufAddDMA,0x0047B0D0,0x0047B0D4,4
MpegNodataCallBack,0x0047B300,0x0047B304,4
MpegStopDmaCallBack,0x0047B3F0,0x0047B4D0,224
MpegRestartDmaCallBack,0x0047B4F0,0x0047B4F8,8
MpegTimeStampCallBack,0x0047B830,0x0047B850,32
videoDecFlush,0x0047B860,0x0047B904,160
viBufCount,0x0047B920,0x0047B950,48
videoDecIsFlushed,0x0047B970,0x0047B9A0,48
R000_init,0x0047B9B0,0x0047B9CC,28
R000_main,0x0047B9F0,0x0047BA0C,28
R000_fire_bg_init,0x0047BA10,0x0047BAD4,196
R000_fire_bg_trans,0x0047BBB0,0x0047BBCC,28
Emom_move,0x0047BC30,0x0047BCA8,120
Emom_R0_init,0x0047BCC0,0x0047BCC4,4
Emom_R0_move,0x0047BD80,0x0047BDD0,80
Emom_R1_br_wait,0x0047BDE0,0x0047BDE8,8
Emom_R1_wait,0x0047BDF0,0x0047BE3C,68
Emom_R1_sword,0x0047BE50,0x0047BE54,4
Emom_R1_vergil_sword,0x0047C130,0x0047C1A8,120
Emom_R0_damage,0x0047C1B0,0x0047C1B8,8
Emom_R0_die,0x0047C1C0,0x0047C1C8,8
Emom_R0_scenario,0x0047C1D0,0x0047C240,96
Set_effect_foot01_walk,0x0047C260,0x0047C2CC,108
Set_effect_foot01_run,0x0047C2E0,0x0047C34C,108
set_effect_footsound,0x0047C360,0x0047C3A0,64
Save_main_start,0x0047C3B0,0x0047C44C,152
Save_main,0x0047C480,0x0047C51C,156
Save_root,0x0047C790,0x0047C798,8
Save_menu_init,0x0047CAA0,0x0047CAA8,8
Save_menu_move,0x0047D030,0x0047D1B4,352
Save_menu_trans,0x0047D1D0,0x0047D1D4,4
Mission_menu_exit,0x0047DB80,0x0047DB8C,12
Powerup_menu,0x0047DF70,0x0047E018,168
Powerup_menu_init,0x0047E030,0x0047E038,8
Powerup_menu_move,0x0047E6D0,0x0047E6D8,8
Powerup_menu_trans,0x0047F4F0,0x0047F4F4,4
Obtain_skill,0x00480040,0x00480364,792
Make_stock_tbl,0x00480380,0x00480388,8
Make_skill_tbl,0x004808F0,0x004808F8,8
Get_mission_tex_no,0x00480A50,0x00480B54,232
Get_mission_clear_tex_no,0x00480B60,0x00480DD8,632
Get_shop_tex_no,0x00480DE0,0x00481218,1020
Get_shop_menu_tex_no,0x00481220,0x00481228,8
Mission_clear,0x00481230,0x004812B0,128
Mission_clear_start,0x00481590,0x00481598,8
Mission_clear_end,0x00481750,0x004817B8,104
Mission_clear_root,0x004817D0,0x004817D8,8
Mission_clear_01_exit,0x00482310,0x00482320,16
Mission_clear_01_save,0x00482320,0x00482350,48
Mission_clear_00_init,0x004823E0,0x004823E8,8
Mission_clear_00_time,0x00482990,0x00482994,4
Mission_clear_00_orbs,0x00482DB0,0x00482DB4,4
Mission_clear_00_keywait,0x004832B0,0x004832B8,8
Mission_clear_00_fade,0x004832C0,0x004832CC,12
Mission_clear_00_rank,0x004835B0,0x004835B8,8
Mission_clear_00_bonus,0x00483B90,0x00483B94,4
Mission_clear_00_boss,0x00484010,0x00484014,4
Mission_clear_00_perfect,0x004844A0,0x004844A4,4
Mission_clear_00_countup,0x00484930,0x004849E0,176
Mission_clear_00_menu,0x004849E0,0x004849E4,4
Mission_clear_01_main,0x00485100,0x00485124,36
Mission_clear_trans,0x00485130,0x00485140,16
Mission_clear_menu_env_trans,0x004854F0,0x00485530,64
Try_again,0x004855A0,0x00485620,128
Try_again_start,0x004856E0,0x004856E8,8
Try_again_end,0x00485870,0x004858F4,132
Try_again_root,0x00485910,0x00485918,8
Try_again_exit,0x00485C40,0x00485C50,16
Try_again_init,0x00485C50,0x00485C58,8
FUN_00485f00,0x00485F00,0x00486020,288
Try_again_move,0x00486040,0x00486090,80
Try_again_trans,0x00486130,0x00486134,4
Make_shop_menu_info,0x00486B80,0x00486B88,8
Mstart_menu_max,0x00486C50,0x00486CE4,144
Omc8_move,0x00486CF0,0x00486D10,32
Omc8_R0_init,0x00486D10,0x00486D24,20
Omc8_R0_move,0x00486D70,0x00486DA8,56
Omc8_R1_mv00,0x00486DC0,0x00486DC8,8
Omc8_R0_damage,0x00486DD0,0x00486DF0,32
Omc8_R1_dm00,0x00486DF0,0x00486E14,36
Omc8_R1_dm01,0x00486E20,0x00486E44,36
Omc8_R0_die,0x00486E50,0x00486E58,8
Omc8_dm_ck,0x00486E60,0x00486E84,32
Omc8_morph,0x00486E90,0x00486F2C,88
ectrl1e_init00_t00,0x00486F40,0x0048705C,256
Ectrl_1e,0x00487060,0x00487090,48
ectrl20_init00,0x00487090,0x004870F8,104
ectrl20_move10,0x00487110,0x00487158,72
ectrl20_move20,0x00487160,0x00487270,184
ectrl20_move30,0x00487290,0x004872BC,44
ectrl20_move40,0x004872C0,0x00487374,92
Ectrl_20,0x00487390,0x004873B0,32
ectrl29_init00_t00,0x004873B0,0x004873B8,8
ectrl29_init00_t03,0x00487E60,0x00487E68,8
Ectrl_29,0x004890A0,0x004890D0,48
ectrl2a_init00_t00,0x004890D0,0x004890D4,4
ectrl2a_move10_t00,0x004891D0,0x004891D4,4
ectrl2a_move20_t00,0x00489320,0x00489324,4
ectrl2a_init00_t01,0x00489430,0x00489464,52
Ectrl_2a,0x00489650,0x00489680,48
ectrl2b_init00_t00,0x00489680,0x00489690,16
ectrl2b_move10_t00,0x00489890,0x004898A0,16
ectrl2b_init00_t01,0x00489B20,0x00489B24,4
ectrl2b_move10_t01,0x00489C10,0x00489C14,4
Ectrl_2b,0x00489E10,0x00489E40,48
ectrl34_init00_t00,0x00489E40,0x00489E50,16
ectrl34_move10_t00,0x0048A110,0x0048A114,4
ectrl34_init00_t01,0x0048A3B0,0x0048A408,88
ectrl34_move10_t01,0x0048A410,0x0048A414,4
Ectrl_34,0x0048A750,0x0048A780,48
ectrl38_init00_t00,0x0048A780,0x0048A788,8
ectrl38_init00_t02,0x0048AE80,0x0048AE84,4
ectrl38_init00_t03,0x0048B230,0x0048B2D4,160
ectrl38_init00_t04,0x0048B350,0x0048B600,284
ectrl38_init00_t05,0x0048B6A0,0x0048B950,284
ectrl38_init00_t06,0x0048B9F0,0x0048B9F4,4
Ectrl_38,0x0048BF70,0x0048BFA0,48
ectrl39_init00_t00,0x0048BFA0,0x0048BFD8,56
ectrl39_move10_t00,0x0048C0F0,0x0048C0F8,8
ectrl39_init00_t01,0x0048C100,0x0048C108,8
Ectrl_39,0x0048C110,0x0048C140,48
ectrl3a_init00_t00,0x0048C140,0x0048C144,4
ectrl3a_init00_t01,0x0048CA70,0x0048CA74,4
ectrl3a_init00_t02,0x0048D150,0x0048D154,4
ectrl3a_init00_t03,0x0048D4A0,0x0048D4A4,4
Ectrl_3a,0x0048DA30,0x0048DA60,48
ectrl3f_init00_t00,0x0048DA60,0x0048DA64,4
ectrl3f_move10_t00,0x0048DB00,0x0048DB04,4
ectrl3f_move20_t00,0x0048DC10,0x0048DC18,8
ectrl3f_end30_t00,0x0048DC20,0x0048DCDC,144
ectrl3f_init00_t01,0x0048DCE0,0x0048DCE8,8
ectrl3f_end10_t01,0x0048DF00,0x0048DF40,64
Ectrl_3f,0x0048DF40,0x0048DF70,48
ectrl44_init00_t00,0x0048DF70,0x0048DF74,4
Ectrl_44,0x0048E040,0x0048E070,48
Omab_move,0x0048E070,0x0048E090,32
Omab_R0_init,0x0048E090,0x0048E094,4
Omab_R0_move,0x0048E5A0,0x0048E5A4,4
Omab_R1_mv00,0x0048E8A0,0x0048E9E8,320
Omab_R1_mv01,0x0048EA00,0x0048EA04,4
Omab_R1_mv02,0x0048F080,0x0048F160,220
Omab_R1_mv03,0x0048F160,0x0048F164,4
Omab_R0_damage,0x0048F4C0,0x0048F4FC,60
Omab_R1_dm00,0x0048F510,0x0048F780,604
Omab_R1_dm01,0x0048F790,0x0048F794,4
Omab_R0_die,0x0048FC10,0x0048FC18,8
Door_ke_draw,0x0048FC20,0x0048FC54,52
Door_start,0x0048FC60,0x0048FCA8,72
Omab_Pl_atari_ck,0x0048FCE0,0x0048FCE8,8
Ombe_move,0x0048FD60,0x0048FD80,32
Ombe_R0_init,0x0048FD80,0x0048FDA8,40
Ombe_R0_wait,0x0048FDB0,0x004900D4,712
Ombe_R0_move,0x004900E0,0x00490100,32
Ombe_R1_mv00,0x00490100,0x00490108,8
Ombe_R0_die,0x00490110,0x00490124,20
Omc7_move,0x00490130,0x00490150,32
Omc7_R0_init,0x00490150,0x004901B4,100
Omc7_R0_move,0x004901C0,0x004901E0,32
Omc7_R1_taiki,0x004901E0,0x004901E8,8
Omc7_R1_break_taiki,0x004901F0,0x004901F8,8
Omc7_R0_damage,0x00490200,0x00490208,8
Omc7_R1_dm00,0x004902C0,0x004902C8,8
Omc7_R1_dm01,0x00490450,0x0049045C,12
Omc7_R0_die,0x00490730,0x00490788,88
Ombf_move,0x00490790,0x004907B0,32
Ombf_R0_init,0x004907B0,0x00490850,160
Ombf_R0_move,0x00490850,0x00490870,32
Ombf_R1_taiki,0x00490870,0x00490878,8
Ombf_R1_break_taiki,0x00490880,0x00490888,8
Ombf_R0_damage,0x00490890,0x00490898,8
Ombf_R1_dm00,0x00490950,0x00490958,8
Ombf_R1_dm01,0x00490B00,0x00490B0C,12
Ombf_R0_die,0x00490E00,0x00490E58,88
Ombf_effect_hokori,0x00490E60,0x00490E64,4
Ombf_effect_hokori2,0x00491080,0x00491084,4
Set_effect_em1a_flash,0x004912B0,0x004912B4,4
Set_effect_em1a_aura,0x00491640,0x00491660,32
Set_effect_em1a_aura2,0x00491800,0x00491808,8
Set_effect_em1a_aura_evt,0x00491CC0,0x00491CCC,12
Set_effect_em1a_aura_evt2,0x00491F30,0x00491F34,4
Set_effect_em1a_aura_evt3,0x00492280,0x0049228C,12
Set_effect_em1a_aura_evt4,0x004924C0,0x004924C8,8
Set_effect_em1a_fire_sword00,0x00492890,0x004928E0,80
Set_effect_em1a_sword_fireset0,0x00492900,0x00492944,68
Set_effect_em1a_sword_fire_st,0x00492950,0x00492958,8
Set_effect_em1a_fire_atk00,0x00492B50,0x00492B90,64
Set_effect_em1a_denki00,0x00492B90,0x00492B94,4
Set_effect_em1a_warp,0x00492D20,0x00492D24,4
Set_effect_em1a_damage,0x00492FB0,0x00492FBC,12
set_eff_em1a_denki_aura,0x00493210,0x00493214,4
set_eff_em1a_denki_aura2,0x00493690,0x00493694,4
set_eff_denki_hit,0x00493B10,0x00493B18,8
set_eff_fire_hit,0x00493BC0,0x00493BC4,4
set_eff_fire_store,0x00493CA0,0x00493CA4,4
set_eff_last_fire_store,0x00494270,0x00494274,4
seteff_hand_maz,0x00494840,0x0049484C,12
seteff_grenade_maz,0x00494AE0,0x00494AE4,4
seteff_grenade_maz_f,0x00494C00,0x00494C04,4
seteff_grenade_maz_e,0x00494D20,0x00494D24,4
seteff_laser_collect,0x00494EA0,0x00494F64,176
seteff_laser_maz,0x00494F70,0x00494F80,16
seteff_tera_hit,0x00495210,0x00495214,4
seteff_air_hit,0x00495430,0x0049543C,12
seteff_jump_mark,0x00495610,0x0049563C,28
seteff_gauge_recover,0x004956D0,0x004957FC,292
eff_untouchable_set,0x00495810,0x00495814,4
eff_untouchable_del,0x004958D0,0x00495A40,368
set_eff_40a_fire_store,0x00495A50,0x00495A54,4
set_eff_40a_tr_store,0x00495CD0,0x00495CD4,4
seteff_em_hit_smoke,0x00496310,0x00496318,8
seteff_om2e_hit,0x00496490,0x00496494,4
seteff_time_stop_off,0x004966B0,0x004966D8,40
R217_init,0x00496760,0x00496780,32
R217_main,0x00496A50,0x00496A70,32
r217_sky_model_init,0x00496A80,0x00496AE4,100
r217_sky_model_move,0x00496AF0,0x00496B24,52
r217_se_loop,0x00496B70,0x00496B74,4
r217_water_move,0x00496C70,0x00496C74,4
r217_falls_smoke_move,0x00496DD0,0x00497058,152
r217_lift_up,0x00497140,0x00497148,8
r217_lift_down,0x004972C0,0x004972C8,8
r217_lift_check,0x00497450,0x0049750C,140
r217_lift_out,0x00497530,0x00497580,68
seteff_ripple,0x004975A0,0x004975A4,4
eff_water_move_initial,0x00497640,0x00497654,20
Esp_field_set,0x004978C0,0x004978D0,16
Esp_wall_set,0x004979E0,0x00497A94,172
Esp_scenario_set,0x00497AA0,0x00497AB0,16
Esp_kind_del,0x00497B90,0x00497BB8,40
Eff_exp_value_set,0x00497BE0,0x00497BE8,8
Eff_exp_num_set,0x00497BF0,0x00497C00,16
Eff_exp_num_r405_set,0x00497E60,0x00497E68,8
Eff_blood_set,0x00497F70,0x00497F7C,12
Eff_spark_set,0x00497FF0,0x00498000,16
Eff_mist_set,0x00498190,0x0049819C,12
Eff_back_light_del,0x00498430,0x004984C8,152
Eff_bub_set,0x004984E0,0x004984E8,8
Eff_map_point_set,0x00498680,0x004986C4,68
Eff_map_point_sub_set,0x004986F0,0x00498734,68
Eff_sub_soul_set,0x00498760,0x004987CC,108
Eff_kira_del,0x004988D0,0x004988F4,36
Eff_cel_dust_set,0x00498900,0x00498924,36
File_menu,0x004989C0,0x00498A9C,208
File_menu_init,0x00498AB0,0x00498AB4,4
File_menu_move,0x00498DB0,0x00499040,500
Enemy_menu_move,0x00499060,0x00499064,4
File_menu_trans,0x004996C0,0x004996C4,4
Mission_disp,0x0049B230,0x0049B234,4
Find_enemy_weak_point,0x0049B560,0x0049B5B8,88
Make_enemy_file_list,0x0049B5C0,0x0049B620,96
Weakpoint_disp,0x0049B620,0x0049B624,4
FUN_0049c1e0,0x0049C1E0,0x0049C21C,60
Omba_move,0x0049C250,0x0049C270,32
Omba_R0_init,0x0049C270,0x0049C2EC,96
Omba_R0_move,0x0049C300,0x0049C320,32
Omba_R1_taiki,0x0049C320,0x0049C328,8
Omba_R1_down,0x0049C330,0x0049C394,68
Omba_R1_up,0x0049C470,0x0049C4F0,68
Omba_R0_damage,0x0049C5D0,0x0049C5D8,8
Omba_R0_die,0x0049C5E0,0x0049C5E8,8
Omdb_move,0x0049C5F0,0x0049C610,32
Omdb_R0_init,0x0049C610,0x0049C614,4
Omdb_R0_move,0x0049C800,0x0049C820,32
Omdb_R1_mv00,0x0049C820,0x0049C824,4
FUN_0049cde0,0x0049CDE0,0x0049CEEC,92
Omdb_R1_mv01,0x0049CF50,0x0049CF58,8
Omdb_R1_mv02,0x0049CF60,0x0049CF64,4
Omdb_R0_damage,0x0049D360,0x0049D368,8
Omdb_R1_dm00,0x0049D450,0x0049D6AC,392
FUN_0049d580,0x0049D580,0x0049D588,8
Omdb_R1_dm01,0x0049D6C0,0x0049D9CC,300
Omdb_R0_die,0x0049D9E0,0x0049D9E8,8
Omdb_dm_ck,0x0049D9F0,0x0049DBAC,440
Omdb_scr_at_ck,0x0049DBB0,0x0049DBBC,12
Set_omdb,0x0049DC40,0x0049DC4C,12
Set_rock,0x0049DF70,0x0049DF7C,12
Doordemo_main,0x0049E0C0,0x0049E0C8,8
Door_move_normal,0x0049E420,0x0049E9D0,536
FUN_0049e4e0,0x0049E4E0,0x0049E4E8,8
Door_move_black,0x0049E9E0,0x0049EC8C,360
Door_move_white,0x0049ECA0,0x0049EFAC,444
Door_move_red,0x0049EFC0,0x0049F2C4,448
Door_move_nm,0x0049F2E0,0x0049F7A0,700
Doordemo_end_modoki,0x0049F7B0,0x0049F7B4,4
Scene_set_common,0x0049F930,0x0049F9DC,172
Em_cam_set,0x0049F9E0,0x0049FAEC,260
Em_critical_move,0x0049FAF0,0x0049FAFC,12
FUN_0049fec0,0x0049FEC0,0x0049FF2C,716
Crit_light_pos_set,0x0049FF50,0x0049FF54,4
Em_critical_stop,0x0049FFD0,0x004A00B8,232
Em_critical_common,0x004A00C0,0x004A0168,168
Continue_main,0x004A01B0,0x004A01B8,8
Game_over_check,0x004A04F0,0x004A0540,80
Game_over_exec,0x004A0550,0x004A0554,4
Game_over_main,0x004A06B0,0x004A06B4,4
Backup_save_work,0x004A0C90,0x004A0CB0,32
Overwrite_save_work,0x004A0D20,0x004A0D68,72
Restore_save_work,0x004A0DE0,0x004A0E60,128
Restore_check,0x004A0E70,0x004A1324,1204
Create_save_data,0x004A1330,0x004A1334,4
FUN_004a1440,0x004A1440,0x004A1470,48
Send_save_data,0x004A1800,0x004A1824,36
FUN_004a1860,0x004A1860,0x004A1868,8
Mission_game_init,0x004A18E0,0x004A19FC,284
Mission_start_set,0x004A1A10,0x004A1A48,56
Mission_set,0x004A1A50,0x004A1B90,320
FUN_004a1c00,0x004A1C00,0x004A1EE0,736
FUN_004a1ee0,0x004A1EE0,0x004A1F48,104
Mission_start,0x004A1F60,0x004A1F68,8
Easy_start_main,0x004A2150,0x004A215C,12
FUN_004a2300,0x004A2300,0x004A24C8,280
Mission_end_set,0x004A24F0,0x004A2568,120
Mission_end_main,0x004A2580,0x004A2584,4
_Get_time,0x004A2990,0x004A2A14,132
_Get_time2,0x004A2A20,0x004A2A8C,108
Bonus_check,0x004A2A90,0x004A2C00,360
FUN_004a2c00,0x004A2C00,0x004A2DA0,300
FUN_004a2ce0,0x004A2CE0,0x004A2CFC,28
Mission_move,0x004A2DA0,0x004A2DDC,60
Mission_move_nop,0x004A2DF0,0x004A2DF8,8
Mission_move_5,0x004A2E00,0x004A324C,232
Mission_move_7,0x004A3260,0x004A3368,260
Mission_move_8,0x004A3380,0x004A3438,184
Mission_move_23,0x004A3440,0x004A3964,336
S_mission_set,0x004A3980,0x004A3A98,260
S_mission_start,0x004A3AB0,0x004A3B68,156
S_mission_start2,0x004A3B80,0x004A3D14,348
S_mission_end_set,0x004A3D30,0x004A3DE0,176
FUN_004a3de0,0x004A3DE0,0x004A3E54,84
S_mission_end2,0x004A3E60,0x004A3E9C,60
S_mission_init_retry,0x004A3F00,0x004A3F5C,92
S_mission_move,0x004A3F60,0x004A3F84,36
Om3d_move,0x004A3F90,0x004A3FB0,32
Om3d_R0_init,0x004A3FB0,0x004A3FE0,48
Om3d_R0_wait,0x004A40D0,0x004A4140,112
FUN_004a4140,0x004A4140,0x004A4324,324
FUN_004a4260,0x004A4260,0x004A441C,260
Om3d_R0_move,0x004A4430,0x004A4450,32
Om3d_R1_mv00,0x004A4450,0x004A4458,8
Om3d_R0_die,0x004A4460,0x004A4474,20
Om3d_morph,0x004A4480,0x004A4484,4
Om3d_dm_ck,0x004A4530,0x004A45CC,156
Em13_move,0x004A45F0,0x004A4704,276
Em13_R0_init,0x004A47A0,0x004A4864,192
Em13_R0_move,0x004A4870,0x004A4878,8
Em13_R1_move_type02,0x004A4880,0x004A48D0,80
Em13_R1_br_haizuri,0x004A48E0,0x004A48E8,8
Em13_R1_haizuri,0x004A48F0,0x004A4978,112
Em13_R1_br_kuzure_haizuri,0x004A4990,0x004A4998,8
Em13_R1_kuzure_haizuri,0x004A49A0,0x004A4A04,84
Em13_R1_br_kuzure_haizuri2,0x004A4A20,0x004A4A28,8
Em13_R1_kuzure_haizuri2,0x004A4A30,0x004A4A94,84
Em13_R1_br_atk_hai,0x004A4AB0,0x004A4AB8,8
Em13_R1_atk_hai,0x004A4AC0,0x004A4AFC,56
FUN_004a4b00,0x004A4B00,0x004A4B24,36
Em13_R1_br_kuzure,0x004A4B40,0x004A4B48,8
Em13_R1_kuzure,0x004A4B50,0x004A4BD0,112
Em13_R1_br_atk_kuzure,0x004A4BE0,0x004A4BE8,8
Em13_R1_atk_kuzure,0x004A4BF0,0x004A4BF8,8
Em13_R1_br_kuzure_final,0x004A4C00,0x004A4C08,8
Em13_R1_kuzure_final,0x004A4C10,0x004A4C90,112
Em13_R1_br_damage,0x004A4CA0,0x004A4CA8,8
Em13_R1_damage,0x004A4CB0,0x004A4CC0,16
FUN_004a4cc0,0x004A4CC0,0x004A4D1C,68
Em13_R0_damage,0x004A4D30,0x004A4D38,8
Em13_R1_dm_type02,0x004A4D40,0x004A4DAC,84
Em13_R0_die,0x004A4DC0,0x004A4DC8,8
Em17_dm_ck,0x004A4DD0,0x004A4DD4,4
FUN_004a5140,0x004A5140,0x004A5174,52
Em17_move,0x004A5280,0x004A5288,8
Em17_R0_init,0x004A55A0,0x004A55AC,12
Em17_R0_move,0x004A58C0,0x004A58CC,12
Em17_R1_br_haizuri,0x004A5A20,0x004A5A28,8
Em17_R1_haizuri,0x004A5A30,0x004A5A34,4
Em17_R1_br_kuzure_haizuri,0x004A5C80,0x004A5C88,8
Em17_R1_kuzure_haizuri,0x004A5C90,0x004A5C94,4
Em17_R1_br_kuzure_haizuri2,0x004A5DC0,0x004A5DC8,8
Em17_R1_kuzure_haizuri2,0x004A5DD0,0x004A5EA8,132
Em17_R1_br_atk_hai,0x004A5F00,0x004A5F08,8
Em17_R1_atk_hai,0x004A5F10,0x004A5F1C,12
FUN_004a5f60,0x004A5F60,0x004A5F64,4
Em17_R1_br_kuzure,0x004A6280,0x004A6288,8
Em17_R1_kuzure,0x004A6290,0x004A6298,8
Em17_R1_br_atk_kuzure,0x004A65E0,0x004A65E8,8
Em17_R1_atk_kuzure,0x004A65F0,0x004A65F8,8
Em17_R1_br_kuzure_final,0x004A6600,0x004A6608,8
Em17_R1_kuzure_final,0x004A6610,0x004A66E8,172
Em17_R1_br_damage,0x004A6700,0x004A6708,8
Em17_R1_damage,0x004A6710,0x004A6714,4
FUN_004a6800,0x004A6800,0x004A6810,16
Em17_R0_damage,0x004A6810,0x004A6814,4
Em17_R0_die,0x004A6910,0x004A6918,8
Em17_hand_set,0x004A6920,0x004A6930,16
Em17_hand_move,0x004A69F0,0x004A69FC,12
Em17_hand_r0_wait,0x004A6C10,0x004A6C18,8
Em17_hand_r0_move,0x004A6CD0,0x004A6CD8,8
FUN_004a6ce0,0x004A6CE0,0x004A6CE8,8
FUN_004a6f40,0x004A6F40,0x004A7060,288
Em17_hand_r0_damage,0x004A7190,0x004A7198,8
Em17_srp_set,0x004A7560,0x004A7568,8
FUN_004a77a0,0x004A77A0,0x004A77AC,12
Em17_tex_scr,0x004A7B10,0x004A7BA0,144
Em17_break_move,0x004A7BA0,0x004A7BB0,16
FUN_004a7e00,0x004A7E00,0x004A7E08,8
FUN_004a7fc0,0x004A7FC0,0x004A7FC1,1
Em17_break_move2,0x004A7FE0,0x004A7FE8,8
FUN_004a80a0,0x004A80A0,0x004A8198,248
field_id00_smoke00,0x004A81B0,0x004A81BC,12
FUN_004a8240,0x004A8240,0x004A8250,52
field_id00_water01,0x004A8270,0x004A827C,12
field_id01_smoke00,0x004A8340,0x004A8394,84
field_id01_water01,0x004A84A0,0x004A84A8,8
field_id02_smoke00,0x004A85A0,0x004A85AC,12
field_id02_water01,0x004A8660,0x004A8668,8
field_id03_smoke00,0x004A8760,0x004A87B4,84
field_id03_water01,0x004A88C0,0x004A88C8,8
field_id04_smoke00,0x004A89C0,0x004A8A10,80
field_id04_water01,0x004A8A20,0x004A8A28,8
field_id05_smoke00,0x004A8B20,0x004A8B70,80
field_id05_water01,0x004A8B80,0x004A8B88,8
field_id06_smoke00,0x004A8C80,0x004A8CD0,80
field_id06_water01,0x004A8CE0,0x004A8CE8,8
field_id07_smoke00,0x004A8DE0,0x004A8E30,80
field_id07_water01,0x004A8E40,0x004A8E48,8
field_id08_smoke00,0x004A8F40,0x004A8F90,80
field_id08_water01,0x004A8FA0,0x004A8FA8,8
field_id09_smoke00,0x004A90A0,0x004A90F4,84
field_id09_water01,0x004A9270,0x004A9278,8
field_id0a_smoke00,0x004A9370,0x004A93C4,84
field_id0a_water01,0x004A9540,0x004A9548,8
field_id0b_smoke00,0x004A9640,0x004A9650,16
field_id0b_water01,0x004A97A0,0x004A97A8,8
field_id0c_smoke00,0x004A98A0,0x004A98B0,16
field_id0c_water01,0x004A9A00,0x004A9A08,8
FUN_004a9ac0,0x004A9AC0,0x004A9AE0,32
field_id0d_smoke00,0x004A9B00,0x004A9B10,16
field_id0d_water01,0x004A9CE0,0x004A9CE8,8
field_id0e_smoke00,0x004A9DE0,0x004A9DF0,16
field_id0e_water01,0x004A9FC0,0x004A9FC8,8
field_id0f_smoke00,0x004AA0C0,0x004AA110,80
field_id0f_water01,0x004AA120,0x004AA128,8
field_id10_smoke00,0x004AA220,0x004AA270,80
field_id10_water01,0x004AA280,0x004AA288,8
field_id11_smoke00,0x004AA380,0x004AA3D0,80
field_id11_water01,0x004AA3E0,0x004AA3E8,8
field_id12_smoke00,0x004AA4E0,0x004AA4E8,8
field_id12_water01,0x004AA4F0,0x004AA4FC,12
field_id13_smoke00,0x004AA5C0,0x004AA5C8,8
field_id13_water01,0x004AA5D0,0x004AA5DC,12
field_id14_smoke00,0x004AA6A0,0x004AA6A8,8
field_id14_water01,0x004AA6B0,0x004AA6BC,12
wall_wep01_spark00,0x004AA780,0x004AA7A8,40
wall_wep01_blood01,0x004AA7C0,0x004AA7F0,48
wall_wep01_sap02,0x004AA820,0x004AA850,48
wall_wep01_baria03,0x004AA880,0x004AA8A8,40
wall_wep01_baria04,0x004AA8C0,0x004AA8C8,8
wall_wep02_spark00,0x004AA8D0,0x004AA8F8,40
wall_wep02_blood01,0x004AA910,0x004AA940,48
wall_wep02_sap02,0x004AA970,0x004AA9A0,48
wall_wep02_baria03,0x004AA9D0,0x004AA9F8,40
wall_wep02_baria04,0x004AAA10,0x004AAA18,8
wall_wep03_spark00,0x004AAA20,0x004AAA44,36
wall_wep03_blood01,0x004AAA90,0x004AAAB4,36
wall_wep03_sap02,0x004AAB00,0x004AAB24,36
wall_wep03_baria03,0x004AAB70,0x004AAB94,36
wall_wep03_baria04,0x004AABE0,0x004AAC0C,44
wall_wep04_spark00,0x004AAC60,0x004AAC90,48
wall_wep04_blood01,0x004AACC0,0x004AACF0,48
wall_wep04_sap02,0x004AAD20,0x004AAD50,48
wall_wep04_baria03,0x004AAD80,0x004AADB0,48
wall_wep04_baria04,0x004AADE0,0x004AAE14,52
wall_wep05_spark00,0x004AAE50,0x004AAE60,16
FUN_004aae60,0x004AAE60,0x004AAE70,16
wall_wep05_blood01,0x004AAE70,0x004AAE78,8
wall_wep05_sap02,0x004AAE80,0x004AAE88,8
wall_wep05_baria03,0x004AAE90,0x004AAE98,8
wall_wep05_baria04,0x004AAEA0,0x004AAEA8,8
wall_wep06_spark00,0x004AAEB0,0x004AAEF4,56
wall_wep06_blood01,0x004AAF00,0x004AAF44,56
wall_wep06_sap02,0x004AAF50,0x004AAF94,56
wall_wep06_baria03,0x004AAFA0,0x004AAFE0,52
FUN_004aafe0,0x004AAFE0,0x004AAFF0,16
wall_wep06_baria04,0x004AAFF0,0x004AB03C,68
wall_wep07_spark00,0x004AB050,0x004AB060,16
FUN_004ab060,0x004AB060,0x004AB094,32
FUN_004ab080,0x004AB080,0x004AB088,8
wall_wep07_blood01,0x004AB0A0,0x004AB0E4,56
wall_wep07_sap02,0x004AB0F0,0x004AB134,56
wall_wep07_baria03,0x004AB140,0x004AB184,56
wall_wep07_baria04,0x004AB190,0x004AB1DC,68
wall_wep08_spark00,0x004AB1F0,0x004AB200,16
FUN_004ab200,0x004AB200,0x004AB23C,52
wall_wep08_blood01,0x004AB290,0x004AB2DC,68
wall_wep08_sap02,0x004AB330,0x004AB37C,68
wall_wep08_baria03,0x004AB3D0,0x004AB41C,68
wall_wep08_baria04,0x004AB470,0x004AB4CC,80
wall_wep09_spark00,0x004AB520,0x004AB550,48
wall_wep09_blood01,0x004AB580,0x004AB5B0,48
wall_wep09_sap02,0x004AB5E0,0x004AB610,48
wall_wep09_baria03,0x004AB640,0x004AB670,48
wall_wep09_baria04,0x004AB6A0,0x004AB6D4,52
Om46_move,0x004AB710,0x004AB748,56
Om46_R0_init,0x004AB760,0x004AB780,32
Om46_R0_wait,0x004AB850,0x004AB858,8
Om46_R0_move,0x004AB860,0x004AB880,32
Om46_R1_mv00,0x004AB880,0x004AB894,20
Om46_R1_mv01,0x004ABF70,0x004AC008,72
Om46_R1_mv02,0x004AC070,0x004AC078,8
Om46_R1_mv03,0x004AC080,0x004AC088,8
Om46_R1_mv06,0x004AC090,0x004AC098,8
Om46_R1_em1b_atk,0x004AC0A0,0x004AC0A8,8
Om46_R1_em1b_return_atk,0x004AC0B0,0x004AC0B8,8
Om46_R0_die,0x004AC0C0,0x004AC108,72
Om46_R1_die00,0x004AC130,0x004AC190,96
Om46_R1_em1b_die01,0x004AC190,0x004AC194,4
Om46_light_control,0x004ACA90,0x004ACAA8,24
FUN_004ad2a0,0x004AD2A0,0x004AD2B0,12
Om46_Set,0x004AD340,0x004AD344,4
Om46_matei_set,0x004AD420,0x004AD428,8
R002_init,0x004AD4B0,0x004AD4D8,40
R002_main,0x004AD530,0x004AD538,8
r002_fan_move,0x004AD540,0x004AD574,52
r002_opening_event_2,0x004AD590,0x004AD5B0,32
r002_evt_out_focus_s46,0x004AD7D0,0x004AD7DC,12
r002_evt_out_focus_s07,0x004AD950,0x004AD994,68
r002_ev_motorbike_smoke_02,0x004AD9A0,0x004AD9B0,16
FUN_004ad9e0,0x004AD9E0,0x004AD9F8,24
r002_ev_tr_right_hand_03,0x004ADA10,0x004ADA18,8
r002_ev_scr_desk_del_04,0x004ADD70,0x004ADD84,20
r002_ev_pl_thunder_05,0x004ADDA0,0x004ADDA4,4
FUN_004ade60,0x004ADE60,0x004ADE6C,12
r002_ev_pl_smoke_06,0x004AE4D0,0x004AE518,72
r002_ev_pl_blood_07,0x004AE530,0x004AE534,4
FUN_004ae680,0x004AE680,0x004AE6A0,32
FUN_004ae7e0,0x004AE7E0,0x004AE7EC,12
r002_ev_pl_hit_08,0x004AEC10,0x004AEC1C,12
r002_ev_tr_right_hand_09,0x004AEED0,0x004AEED8,8
r002_ev_tr_sword_throw_10,0x004AF0A0,0x004AF0AC,12
r002_ev_pl_fire_11,0x004AF2E0,0x004AF2E4,4
r002_ev_pl_maz_spark_12,0x004AF3D0,0x004AF3D8,8
r002_ev_tr_up_cut_13,0x004AF570,0x004AF580,16
r002_ev_bom_14,0x004AF980,0x004AF984,4
r002_ev_pl_walk_15,0x004AFA20,0x004AFA44,36
r002_ev_bike_fire_16,0x004AFA90,0x004AFAA0,16
r002_ev_light_up_17,0x004AFE30,0x004AFE48,24
r002_ev_fire_18,0x004AFE60,0x004AFE74,20
r002_ev_pl_blood_19,0x004B01B0,0x004B01B4,4
r002_ev_body_blood_20,0x004B0280,0x004B02DC,92
r002_ev_door_open_21,0x004B02F0,0x004B02F4,4
r108_ev_coat_stop_22,0x004B0420,0x004B0440,32
r108_ev_coat_move_23,0x004B0440,0x004B0470,48
r108_ev_sce_del_24,0x004B0470,0x004B0484,20
r108_ev_scr_desk_up_25,0x004B04E0,0x004B04F4,20
r108_ev_sce_up_26,0x004B0510,0x004B0524,20
r002_light_set,0x004B0580,0x004B058C,12
R002_movie_sub_title_disp_01,0x004B0740,0x004B0768,40
R002_movie_sub_title_disp_02,0x004B0800,0x004B0828,40
init,0x004B0890,0x004B08A8,24
move_type0,0x004B09B0,0x004B09B8,8
move_type1,0x004B0D00,0x004B0D14,20
move_type2,0x004B0FE0,0x004B0FEC,12
move,0x004B13A0,0x004B1618,396
die,0x004B1630,0x004B1638,8
Ome1_move,0x004B1640,0x004B1660,32
R216_init,0x004B1660,0x004B1748,84
R216_main,0x004B18D0,0x004B197C,164
R216_torch_set,0x004B1980,0x004B1984,4
Iwa_set,0x004B1A20,0x004B1A34,20
R216_sky_init,0x004B1DF0,0x004B1E10,32
R216_sky_move,0x004B1F00,0x004B1F2C,44
r216_model_on_off_ck,0x004B1F70,0x004B1F78,8
Huuin_door_evt_to_209,0x004B1F80,0x004B1FB4,52
r216_kousi_up,0x004B1FC0,0x004B1FC4,4
r216_flame_se_check,0x004B2130,0x004B2140,16
init,0x004B2320,0x004B2338,24
move,0x004B2410,0x004B2424,20
FUN_004b2520,0x004B2520,0x004B256C,76
die,0x004B2800,0x004B2808,8
Omef_move,0x004B2810,0x004B2830,32
Em15_move,0x004B2830,0x004B296C,316
Em15_R0_init,0x004B29A0,0x004B2A24,132
Em15_R0_move,0x004B2A90,0x004B2AE0,80
Em15_R1_br_mv00,0x004B2AF0,0x004B2AF8,8
Em15_R1_mv00,0x004B2B00,0x004B2B60,88
Em15_R0_damage,0x004B2B80,0x004B2BA0,32
Em15_R1_dm00,0x004B2BA0,0x004B2BA8,8
Em15_R0_die,0x004B2BB0,0x004B2BD0,32
Em15_R1_die00,0x004B2BD0,0x004B2BD8,8
Em15_R0_reset,0x004B2BE0,0x004B2C04,36
Em15_R1_reset00,0x004B2C10,0x004B2C18,8
Em15_R1_reset01,0x004B2C20,0x004B2C28,8
Em15_R1_reset02,0x004B2C30,0x004B2C38,8
Em15_R1_reset03,0x004B2C40,0x004B2C48,8
Em_jnt_scr_move2,0x004B2C50,0x004B2C54,4
Om78_move,0x004B2D50,0x004B2D88,56
Om78_R0_init,0x004B2DA0,0x004B2DC0,32
Om78_R0_move,0x004B2F50,0x004B2F70,32
Om78_R1_mv00,0x004B2F70,0x004B30D8,356
Om78_R1_mv01,0x004B30F0,0x004B30FC,12
FUN_004b3220,0x004B3220,0x004B32A0,128
Om78_R0_damage,0x004B3600,0x004B363C,60
Om78_R1_dm00,0x004B3650,0x004B3654,4
FUN_004b3c20,0x004B3C20,0x004B3C3C,28
Om78_R0_die,0x004B3DE0,0x004B3E00,32
Om78_R1_die00,0x004B3E00,0x004B3E08,8
Om78_dm_ck,0x004B3E10,0x004B3E20,16
Om78_light_control,0x004B40D0,0x004B40D8,8
Om78_eff_alpha_set,0x004B40E0,0x004B40E8,8
Om49_move,0x004B4300,0x004B4320,32
Om49_R0_init,0x004B4320,0x004B4334,20
Om49_R0_move,0x004B43A0,0x004B43D8,56
Om49_R1_mv00,0x004B43F0,0x004B43F8,8
Om49_R0_damage,0x004B4400,0x004B4420,32
Om49_R1_dm00,0x004B4420,0x004B4444,36
Om49_R1_dm01,0x004B4450,0x004B4474,36
Om49_R0_die,0x004B4480,0x004B4488,8
Om49_dm_ck,0x004B4490,0x004B44A0,16
Om49_morph,0x004B44A0,0x004B44B0,16
FUN_004b45a0,0x004B45A0,0x004B45A4,4
Omff_move,0x004B45D0,0x004B45F0,32
Omff_R0_init,0x004B45F0,0x004B4614,36
Omff_R0_move,0x004B4660,0x004B46D0,100
Omff_R1_mv00,0x004B46E0,0x004B46E8,8
Omff_R0_damage,0x004B46F0,0x004B4710,32
Omff_R1_dm00,0x004B4710,0x004B4734,36
Omff_R1_dm01,0x004B4740,0x004B4764,36
Omff_R0_die,0x004B4770,0x004B4778,8
Omff_dm_ck,0x004B4780,0x004B4790,16
Omff_morph,0x004B4790,0x004B480C,124
Omka_morph,0x004B4820,0x004B4898,120
init,0x004B48B0,0x004B48F4,68
move,0x004B4900,0x004B490C,12
Om73_move,0x004B4B60,0x004B4B80,32
R21e_init,0x004B4B80,0x004B4DB8,392
R21e_main,0x004B4DD0,0x004B5040,220
FUN_004b5040,0x004B5040,0x004B508C,76
Em01_start,0x004B50B0,0x004B5180,208
FUN_004b5180,0x004B5180,0x004B51E4,100
flame_se_check,0x004B51F0,0x004B5200,16
R50b_init,0x004B53E0,0x004B541C,60
R50b_main,0x004B5500,0x004B5508,8
r50b_bub_loop,0x004B5510,0x004B5514,4
r50b_s_mission,0x004B55D0,0x004B55E8,24
Omg2_move,0x004B5600,0x004B5650,80
Omg2_R0_init,0x004B5660,0x004B56B0,80
Omg2_R0_move,0x004B56B0,0x004B56BC,12
Omg2_SetR1,0x004B56E0,0x004B57BC,220
Omg2_R1_mv00,0x004B57C0,0x004B57C8,8
Omg2_R1_mv01,0x004B58C0,0x004B58C4,4
Omg2_R1_mv02,0x004B59D0,0x004B59D8,8
Omg2_R1_mv03,0x004B5B70,0x004B5B74,4
Omg2_R0_damage,0x004B5D70,0x004B5D90,32
Omg2_R1_dm00,0x004B5D90,0x004B5D98,8
Omg2_R0_die,0x004B5DA0,0x004B5DA8,8
Omg2_dm_ck,0x004B5DB0,0x004B5FB8,508
Omg2_dm_ck2,0x004B5FC0,0x004B61C8,508
R508_init,0x004B61D0,0x004B620C,60
R508_main,0x004B62D0,0x004B62D8,8
r508_mission,0x004B62E0,0x004B62F0,16
R509_init,0x004B6340,0x004B6380,64
R509_main,0x004B6540,0x004B6650,272
r509_bub_loop,0x004B6660,0x004B6664,4
r509_huuin_event_508,0x004B6720,0x004B6750,48
r509_huuin_event_50a,0x004B6760,0x004B6790,48
Huuin_door_reset_evt,0x004B67A0,0x004B67B0,16
R50a_init,0x004B6840,0x004B6874,52
R50a_main,0x004B6900,0x004B69A0,160
Om02_move,0x004B69A0,0x004B69A8,8
Om02_R0_init,0x004B6CD0,0x004B6CD8,8
Om02_R0_wait,0x004B6E40,0x004B6E48,8
Om02_R0_move,0x004B6E50,0x004B6E70,32
Om02_R1_mv00,0x004B6E70,0x004B6E78,8
Om02_R1_mv01,0x004B74D0,0x004B74D8,8
Om02_R1_mv02,0x004B7B30,0x004B7B40,16
Om02_R1_mv03,0x004B7FB0,0x004B7FB8,8
Om02_R1_mv04,0x004B81E0,0x004B81E4,4
Om02_R1_mv05,0x004B8650,0x004B88E8,564
Om02_R1_mv06,0x004B8900,0x004B8AEC,488
Om02_R1_mv07,0x004B8B00,0x004B8B0C,12
Om02_R0_die,0x004B8ED0,0x004B8EF0,32
Om02_R1_die00,0x004B8EF0,0x004B8F64,68
Om02_R1_die01,0x004B8F80,0x004B9024,160
Om02_R1_die02,0x004B9060,0x004B90A0,60
Om02_dm_ck,0x004B9160,0x004B9174,20
FUN_004b91a0,0x004B91A0,0x004B91BC,28
Om02_scr_at_ck,0x004B95D0,0x004B95DC,12
Set_Ice,0x004B9660,0x004B966C,12
Om20_move,0x004B9A70,0x004B9A90,32
Om20_R0_init,0x004B9A90,0x004B9AA8,24
Om20_R0_move,0x004B9B10,0x004B9B18,8
Om20_R1_mv00,0x004B9C90,0x004B9C94,4
Om20_dm_ck,0x004B9F50,0x004B9F54,4
Om20_dest_ck,0x004BA0E0,0x004BA0E8,8
R305_init,0x004BA0F0,0x004BA138,72
R305_main,0x004BA150,0x004BA158,8
Devil_switch_init,0x004BA160,0x004BA17C,28
Devil_switch_check,0x004BA180,0x004BA1D8,88
R305_water_in,0x004BA280,0x004BA298,24
R305_pl_pos_adjust,0x004BA300,0x004BA304,4
R305_get_egg,0x004BA380,0x004BA3AC,44
R318_init,0x004BA490,0x004BA4CC,60
R318_main,0x004BA4F0,0x004BA4F8,8
R318_eff_loop,0x004BA500,0x004BA504,4
R21b_init,0x004BA5D0,0x004BA6E8,116
R21b_main,0x004BA770,0x004BA79C,44
R21b_sky_init,0x004BA7B0,0x004BA7D0,32
R21b_sky_move,0x004BA8C0,0x004BA920,96
R00e_init,0x004BA920,0x004BA96C,76
R00e_main,0x004BA990,0x004BA998,8
R00e_movie_event,0x004BA9A0,0x004BA9B0,16
R00e_evt_scene02_init,0x004BAB50,0x004BABAC,92
R00e_evt_scene03_init,0x004BABB0,0x004BAC20,112
R00e_evt_scene04_init,0x004BAC20,0x004BAC24,4
R00e_evt_scene06_init,0x004BAD00,0x004BAD5C,92
R00e_evt_scene07_init,0x004BAD60,0x004BADBC,92
R00e_sky_model_init,0x004BADC0,0x004BADF4,52
R00e_s15_1_sub_title_disp,0x004BAE10,0x004BAE40,48
R00e_s15_3_sub_title_disp,0x004BAF10,0x004BAF38,40
Omg7_move,0x004BAFE0,0x004BB000,32
Omg7_R0_init,0x004BB000,0x004BB08C,84
FUN_004bb040,0x004BB040,0x004BB064,36
Omg7_R0_move,0x004BB0A0,0x004BB0E8,72
Omg7_R1_mv00,0x004BB100,0x004BB108,8
Omg7_R1_mv01,0x004BB110,0x004BB174,96
Omg7_R1_mv02,0x004BB1B0,0x004BB228,116
Omg7_R1_mv03,0x004BB230,0x004BB28C,84
Omg7_R0_damage,0x004BB2F0,0x004BB310,32
Omg7_R1_dm00,0x004BB310,0x004BB318,8
Omg7_R1_dm01,0x004BB320,0x004BB328,8
Omg7_R0_die,0x004BB330,0x004BB338,8
Omg7_light_control,0x004BB340,0x004BB5BC,476
Omg7_start,0x004BB7F0,0x004BB858,104
Omg7_end,0x004BB860,0x004BB8BC,88
Om9c_move,0x004BB8C0,0x004BB8E0,32
Om9c_R0_init,0x004BB8E0,0x004BB958,120
Om9c_R0_move,0x004BB960,0x004BB980,32
Om9c_R1_mv00,0x004BB980,0x004BB988,8
Om9c_R0_damage,0x004BB990,0x004BB9B0,32
Om9c_R1_dm00,0x004BB9B0,0x004BB9B8,8
Om9c_R1_dm01,0x004BB9C0,0x004BBACC,92
Om9c_R0_die,0x004BBB00,0x004BBB08,8
Om9c_dm_ck,0x004BBB10,0x004BBB80,108
Om9d_move,0x004BBB80,0x004BBBA0,32
Om9d_R0_init,0x004BBBA0,0x004BBC50,176
Om9d_R0_move,0x004BBC50,0x004BBC70,32
Om9d_R1_mv00,0x004BBC70,0x004BBC8C,28
Om9d_R0_damage,0x004BBCA0,0x004BBCC0,32
Om9d_R1_dm00,0x004BBCC0,0x004BBCC8,8
Om9d_R1_dm01,0x004BBCD0,0x004BBCD8,8
Om9d_R1_dm02,0x004BBED0,0x004BBED8,8
Om9d_R0_die,0x004BC170,0x004BC1A8,56
Om9d_dm_ck,0x004BC1B0,0x004BC294,216
Om9d_oya_dm_ck,0x004BC2A0,0x004BC350,168
Omdf_move,0x004BC350,0x004BC370,32
Omdf_R0_init,0x004BC370,0x004BC3E8,120
Omdf_R0_move,0x004BC3F0,0x004BC410,32
Omdf_R1_mv00,0x004BC410,0x004BC418,8
Omdf_R0_damage,0x004BC420,0x004BC440,32
Omdf_R1_dm00,0x004BC440,0x004BC448,8
Omdf_R1_dm01,0x004BC450,0x004BC55C,92
Omdf_R0_die,0x004BC590,0x004BC598,8
Omdf_dm_ck,0x004BC5A0,0x004BC610,108
Ome9_move,0x004BC610,0x004BC630,32
Ome9_R0_init,0x004BC630,0x004BC6A8,120
Ome9_R0_move,0x004BC6B0,0x004BC6D0,32
Ome9_R1_mv00,0x004BC6D0,0x004BC6D8,8
Ome9_R0_damage,0x004BC6E0,0x004BC700,32
Ome9_R1_dm00,0x004BC700,0x004BC708,8
Ome9_R1_dm01,0x004BC710,0x004BC81C,92
Ome9_R0_die,0x004BC850,0x004BC858,8
Ome9_dm_ck,0x004BC860,0x004BC8D0,108
Omec_move,0x004BC8D0,0x004BC8F0,32
Omec_R0_init,0x004BC8F0,0x004BC968,120
Omec_R0_move,0x004BC970,0x004BC990,32
Omec_R1_mv00,0x004BC990,0x004BC9AC,28
Omec_R0_damage,0x004BC9C0,0x004BC9E0,32
Omec_R1_dm00,0x004BC9E0,0x004BC9E8,8
Omec_R1_dm01,0x004BC9F0,0x004BC9F8,8
Omec_R0_die,0x004BCBF0,0x004BCBF8,8
Omec_dm_ck,0x004BCC00,0x004BCCB4,176
Omec_oya_dm_ck,0x004BCCC0,0x004BCD34,116
Om4d_move,0x004BCD40,0x004BCDF0,172
Om4d_R0_init,0x004BCE00,0x004BCE38,56
Om4d_R0_move,0x004BCE70,0x004BCE90,32
Om4d_R1_mv00,0x004BCE90,0x004BCE98,8
Om4d_R0_damage,0x004BCEA0,0x004BCEC0,32
Om4d_R1_dm00,0x004BCEC0,0x004BCF70,176
Om4d_R1_dm01,0x004BCF70,0x004BCF78,8
Om4d_R0_die,0x004BCF80,0x004BCF88,8
init,0x004BCF90,0x004BCFE8,80
move,0x004BD000,0x004BD1C8,220
die,0x004BD1F0,0x004BD1F8,8
Omd0_move,0x004BD200,0x004BD220,32
Omd1_move,0x004BD220,0x004BD240,32
Omd1_R0_init,0x004BD240,0x004BD34C,264
Omd1_R0_move,0x004BD350,0x004BD370,32
Omd1_R1_mv00,0x004BD370,0x004BD378,8
Omd1_R0_damage,0x004BD380,0x004BD388,8
Omd1_R1_dm00,0x004BD440,0x004BD45C,28
Omd1_R1_dm01,0x004BD460,0x004BD468,8
Omd1_R1_dm02,0x004BD600,0x004BD608,8
Omd1_R0_die,0x004BD7A0,0x004BD7A8,8
Omd1_dm_ck,0x004BD7B0,0x004BD7C0,16
Om1d_Efm_set_prim_parts,0x004BDA30,0x004BDA38,8
Om1d_Efm_set_prim_parts_db,0x004BDA90,0x004BDB98,264
Omdc_move,0x004BDBA0,0x004BDBC0,32
Omdc_R0_init,0x004BDBC0,0x004BDC74,180
Omdc_R0_move,0x004BDC80,0x004BDCA0,32
Omdc_R1_mv00,0x004BDCA0,0x004BDCA8,8
Omdc_R1_mv01,0x004BDCB0,0x004BDCB8,8
Omdc_R0_damage,0x004BDCC0,0x004BDCE0,32
Omdc_R1_dm00,0x004BDCE0,0x004BDCE8,8
Omdc_R1_dm01,0x004BDCF0,0x004BDCF8,8
Omdc_R0_die,0x004BDED0,0x004BDED8,8
Omdc_dm_ck,0x004BDEE0,0x004BDF74,144
R21c_init,0x004BDF80,0x004BDFA0,32
R21c_main,0x004BE270,0x004BE290,32
r21c_sky_model_init,0x004BE2A0,0x004BE304,100
r21c_sky_model_move,0x004BE310,0x004BE344,52
r21c_se_loop,0x004BE390,0x004BE394,4
r21c_water_move,0x004BE490,0x004BE494,4
r21c_falls_smoke_move,0x004BE5F0,0x004BE878,152
r21c_lift_up,0x004BE960,0x004BE968,8
r21c_lift_down,0x004BEAE0,0x004BEAE8,8
r21c_lift_check,0x004BEC70,0x004BED2C,140
r21c_lift_out,0x004BED50,0x004BEDA0,68
Ome5_move,0x004BEDC0,0x004BEDE0,32
Ome5_R0_init,0x004BEDE0,0x004BEE24,64
Ome5_R0_wait,0x004BEE30,0x004BEE38,8
Ome5_R0_move,0x004BEE40,0x004BEE60,32
Ome5_R1_r506,0x004BEE60,0x004BEE98,56
Ome5_R1_r504,0x004BF040,0x004BF078,56
R001_init,0x004BF1F0,0x004BF204,20
R001_main,0x004BF260,0x004BF270,16
R001_opening_event_1,0x004BF290,0x004BF2B0,32
r001_ev_em_smoke_00,0x004BF370,0x004BF380,16
r001_ev_thunder_01,0x004BF3E0,0x004BF3F0,16
r001_ev_thunder_02,0x004BF480,0x004BF498,24
R315_init,0x004BF4B0,0x004BF508,88
R315_main,0x004BF9B0,0x004BFA78,200
set_bgm_tbl_chg,0x004BFA90,0x004BFAA0,16
set_bgm_play,0x004BFAC0,0x004BFAD0,16
fake_envmap_init,0x004BFAF0,0x004BFBB0,192
fake_envmap_move,0x004BFBB0,0x004BFBEC,60
r315_exec_door,0x004BFC00,0x004BFC1C,28
R315_water_move,0x004BFC30,0x004BFC38,8
R315_start_event_cancel,0x004BFC40,0x004BFC54,20
R315_start_event,0x004BFC80,0x004BFCC8,72
r315_end_event_cancel,0x004BFF50,0x004BFF6C,28
R315_end_event,0x004BFF70,0x004C0028,184
R315_end_event2,0x004C01E0,0x004C01F0,16
eff_kemuri00,0x004C02C0,0x004C02C4,4
eff_kemuri01,0x004C0400,0x004C0404,4
eff_kemuri02,0x004C0540,0x004C0544,4
eff_hikari00,0x004C06C0,0x004C06C4,4
R315_LightRing_move,0x004C07D0,0x004C07DC,12
R315_TransRing_move,0x004C0960,0x004C0964,4
R315_evt_aura,0x004C0A60,0x004C0A68,8
R315_evt_dante_kemuri,0x004C0CE0,0x004C0CE4,4
R315_evt_vergil_deth,0x004C0D90,0x004C0D94,4
R315_evt_aura_a_end,0x004C11B0,0x004C11B4,4
R315_evt_no_v_kemuri,0x004C1280,0x004C12B0,48
flash_light00,0x004C12E0,0x004C12F4,20
R315_fuuinn_door,0x004C1660,0x004C168C,44
R315_face_on,0x004C16A0,0x004C16BC,28
R315_evt_aura_die,0x004C16C0,0x004C16C8,8
flash_light01,0x004C1810,0x004C18A8,152
R315_evt_dante_kemuri2,0x004C1A40,0x004C1A48,8
light_move,0x004C1B40,0x004C1B44,4
flash_light02,0x004C1E70,0x004C1F04,148
R315_evt_coat_move,0x004C2060,0x004C2064,4
eff_r315_sword_aura1,0x004C2130,0x004C213C,12
eff_r315_sword_aura2,0x004C22D0,0x004C22DC,12
R315_evt_overlap,0x004C24C0,0x004C24D0,16
R315_sword_get_event,0x004C2650,0x004C2660,16
R315_evt_overlap2,0x004C28F0,0x004C2900,16
R315_evt_s_aura,0x004C2B00,0x004C2B04,4
R315_evt_p_kira1,0x004C2C00,0x004C2C0C,12
R315_evt_p_kira2,0x004C2E00,0x004C2E0C,12
Set_effect_r315_kaminari00,0x004C2F70,0x004C2F74,4
R315_evt_thunder,0x004C30F0,0x004C3104,20
R315_evt_lightoff,0x004C3570,0x004C3588,24
R315_evt_lighton,0x004C3590,0x004C35AC,28
r315_eff_eye,0x004C35B0,0x004C35C0,16
flash_light03,0x004C3750,0x004C3764,20
FUN_004c39e0,0x004C39E0,0x004C3A6C,140
FUN_004c3ac0,0x004C3AC0,0x004C3ACC,12
r315_ev_eye_light,0x004C3AE0,0x004C3AE8,8
flash_light04,0x004C3BB0,0x004C3BC4,20
r315_ev_sword_aura,0x004C3F50,0x004C3F5C,12
FUN_004c41a0,0x004C41A0,0x004C41A8,8
r315_ev_eye_light2,0x004C41B0,0x004C41B4,4
R315_set_amb,0x004C4210,0x004C42A8,152
R307_init,0x004C42D0,0x004C4300,48
R307_main,0x004C4520,0x004C4528,8
r307_moon_look,0x004C4530,0x004C4540,16
R32c_init,0x004C46B0,0x004C47C0,128
R32c_main,0x004C47D0,0x004C4844,116
R32c_model_init,0x004C4930,0x004C4974,68
R32c_start_event_cancel,0x004C4990,0x004C49A4,20
r32c_exec_item,0x004C49D0,0x004C49E0,16
R32c_fuuinn_door,0x004C4CD0,0x004C4CFC,44
R32c_zenmetu_chk,0x004C4D10,0x004C4E70,344
R32cEvEff00,0x004C4E80,0x004C4E88,8
R32cEvEff01,0x004C4F30,0x004C4F38,8
FUN_004c4f60,0x004C4F60,0x004C4F6C,12
R32cEvEff02,0x004C4FE0,0x004C4FE8,8
R32cEvEff03,0x004C5090,0x004C50A8,24
R32c_mid_event_cancel,0x004C50B0,0x004C50F8,68
r32c_exec_big_event,0x004C5110,0x004C5120,16
R300_init,0x004C5310,0x004C536C,92
Enemy_be_set_event,0x004C5620,0x004C5630,16
Enemy_be_set_battle,0x004C5670,0x004C5680,16
R300_main,0x004C56C0,0x004C5768,168
r300_event_door,0x004C5780,0x004C57AC,44
R300_zenmetu_chk,0x004C57C0,0x004C58F0,296
Devil_switch_check,0x004C5900,0x004C595C,92
R300_event00,0x004C5970,0x004C5998,40
R300_r_no_ch0,0x004C5BC0,0x004C5BD4,20
R300_r_no_ch1,0x004C5BE0,0x004C5BF4,20
R300_r_no_ch2,0x004C5C00,0x004C5C14,20
R300_r_no_ch3,0x004C5C20,0x004C5C30,16
R300_r_no_ch4,0x004C5C30,0x004C5C6C,60
R300_zou_bomb,0x004C5C80,0x004C5C84,4
R300_p_appear,0x004C5D50,0x004C5D60,16
Set_effect_R300_kaminari00,0x004C5DD0,0x004C5DDC,12
R300_denki_t1,0x004C5FC0,0x004C5FC8,8
R300_kaminari,0x004C6190,0x004C619C,12
flash_light00,0x004C6710,0x004C6714,4
flash_light01,0x004C6920,0x004C6930,16
R300_p_hensin,0x004C6DA0,0x004C6DB4,20
R300_p_laser,0x004C6E40,0x004C6E48,8
R300_p_laser_put,0x004C6F50,0x004C6F64,20
R300_houden,0x004C7080,0x004C7090,16
R300_p_hensin_prev,0x004C7250,0x004C7264,20
flash_light02,0x004C72F0,0x004C72F4,4
bgm_start,0x004C7500,0x004C7510,16
R30a_init,0x004C7540,0x004C757C,60
R30a_main,0x004C7CC0,0x004C7E3C,280
r30a_first_in,0x004C7E50,0x004C7E60,16
R30a_return_event,0x004C7EF0,0x004C7F0C,28
R30a_light_init,0x004C7F20,0x004C7F38,24
R30a_switch_init,0x004C7F50,0x004C80AC,344
Devil_switch_check,0x004C80B0,0x004C80C0,16
R30a_mirror_wave_front,0x004C83A0,0x004C83BC,28
R30a_mirror_wave,0x004C83C0,0x004C8474,180
hamon_init,0x004C8490,0x004C858C,252
hamon_move,0x004C85A0,0x004C85E8,72
R30a_light_control,0x004C85F0,0x004C865C,104
R30a_nightmare_appear_init,0x004C8B60,0x004C8B70,16
r30a_event_cancel,0x004C8BC0,0x004C8BD4,20
R30a_nightmare_appear,0x004C8BF0,0x004C8C04,20
R30a_event_00,0x004C8E00,0x004C8E14,20
R30a_event_01,0x004C8E40,0x004C8E48,8
Is_there_enemy,0x004C8E50,0x004C8EA8,84
r30a_zenmetu_chk,0x004C8EB0,0x004C8F2C,100
R30a_wave_effect,0x004C8F40,0x004C8F48,8
R30a_move_to_327,0x004C9120,0x004C9124,4
R313_init,0x004C92A0,0x004C935C,188
R313_main,0x004C98F0,0x004C9A70,348
R313_ryu_die,0x004C9B30,0x004C9B40,16
R313_lever,0x004C9C20,0x004C9C68,72
r313_mirro_ck,0x004C9FA0,0x004C9FA4,4
FUN_004caca0,0x004CACA0,0x004CACB4,20
r313_mirro_ok,0x004CAF10,0x004CAF1C,12
r313_hikari_move,0x004CB340,0x004CB348,8
kabe_msg,0x004CB780,0x004CB790,16
R30d_init,0x004CB870,0x004CB888,24
R30d_main,0x004CBC10,0x004CBD74,356
r30d_em1d_evt,0x004CBD80,0x004CBD90,16
Devil_switch_check,0x004CBFA0,0x004CBFA8,8
Em1d_die_evt,0x004CC120,0x004CC130,16
r30d_get_item,0x004CC340,0x004CC350,16
r30d_Em1b_off,0x004CC580,0x004CC5BC,60
r30d_light_control,0x004CC600,0x004CC66C,104
R30d_switch_init,0x004CCB70,0x004CCC7C,264
r30d_flame_se_check,0x004CCC80,0x004CCC90,16
R30d_return_event,0x004CCF70,0x004CCF8C,28
r30d_Bgm_play,0x004CCFA0,0x004CCFB0,16
Omd4_move,0x004CCFD0,0x004CCFF0,32
Omd4_R0_init,0x004CCFF0,0x004CD008,24
Omd4_R0_move,0x004CD0A0,0x004CD0C0,32
Omd4_R1_mv00,0x004CD0C0,0x004CD0E4,36
Omd4_R1_mv01,0x004CD100,0x004CD138,56
Omd4_R1_mv02,0x004CD3E0,0x004CD418,56
Omd4_R0_damage,0x004CD6E0,0x004CD700,32
Omd4_R1_dm00,0x004CD700,0x004CD71C,28
Omd4_R1_dm01,0x004CD720,0x004CD73C,28
Omd4_R0_die,0x004CD740,0x004CD748,8
Set_omd4_2,0x004CD750,0x004CD7A4,44
Om7a_move,0x004CD7B0,0x004CD7C4,20
Om7a_R0_init,0x004CD880,0x004CD8AC,44
Om7a_R0_move,0x004CDDF0,0x004CDE10,32
Om7a_R1_mv00,0x004CDE10,0x004CDE38,40
Om7a_R1_mv01,0x004CDE60,0x004CDF20,168
Om7a_R0_damage,0x004CDF30,0x004CDF6C,60
Om7a_R1_dm00,0x004CDF80,0x004CE03C,168
Om7a_R0_die,0x004CE050,0x004CE070,32
Om7a_R1_die00,0x004CE070,0x004CE07C,12
Om7a_dm_ck,0x004CE080,0x004CE1CC,316
Om7a_dm_ck_orb,0x004CE230,0x004CE238,8
Om7a_light_control,0x004CEAD0,0x004CEAE8,24
Om79_move,0x004CEE90,0x004CEEB0,32
Om79_R0_init,0x004CEEB0,0x004CEEF4,68
Om79_R0_move,0x004CEF40,0x004CEFA0,96
Om79_R1_mv00,0x004CEFB0,0x004CEFB8,8
Om79_R0_damage,0x004CEFC0,0x004CEFE0,32
Om79_R1_dm00,0x004CEFE0,0x004CEFFC,28
Om79_R0_die,0x004CF000,0x004CF008,8
Om79_morph,0x004CF010,0x004CF0A0,88
Om1c_move,0x004CF0C0,0x004CF0E0,32
Om1c_R0_init,0x004CF0E0,0x004CF15C,124
Om1c_R0_move,0x004CF160,0x004CF180,32
Om1c_R1_mv00,0x004CF180,0x004CF184,4
Om1c_R0_damage,0x004D0010,0x004D0030,32
Om1c_R1_dm00,0x004D0030,0x004D0080,80
Om1c_R0_die,0x004D0080,0x004D00A0,32
Om1c_R1_die00,0x004D00A0,0x004D00AC,12
Om1c_dm_ck,0x004D00B0,0x004D00B4,4
Om1c_set_all,0x004D0330,0x004D033C,12
Om53_move,0x004D0440,0x004D0460,32
Om53_R0_init,0x004D0460,0x004D04A0,64
Om53_R0_move,0x004D04A0,0x004D04C0,32
Om53_R1_mv00,0x004D04C0,0x004D0514,80
Om53_R1_mv01,0x004D06A0,0x004D06A8,8
Om53_R0_damage,0x004D0F90,0x004D0FB0,32
Om53_R1_dm00,0x004D0FB0,0x004D0FB8,8
Om53_R1_dm01,0x004D0FC0,0x004D0FC8,8
Om53_R0_die,0x004D0FD0,0x004D0FD8,8
R31f_init,0x004D0FE0,0x004D112C,260
R31f_main,0x004D1170,0x004D126C,244
blade_be_off,0x004D1280,0x004D1290,16
Dark_blade_appear,0x004D12D0,0x004D12E0,16
R31f_event_skip,0x004D1510,0x004D1560,80
Huuin_door_evt,0x004D15B0,0x004D15DC,44
Huuin_door_reset_evt,0x004D15F0,0x004D1658,104
R00d_init,0x004D1670,0x004D1680,16
R00d_main,0x004D1900,0x004D1910,16
FUN_004d1f40,0x004D1F40,0x004D2020,224
r00d_BomSmoke,0x004D2040,0x004D2048,8
r00d_Om_alpha_ctrl,0x004D21C0,0x004D21C4,4
r00d_cam_move,0x004D22F0,0x004D22F8,8
Get_evt_cam_data_r00d,0x004D28B0,0x004D28C0,16
r00d_start,0x004D2A00,0x004D2A18,24
r00d_light_control,0x004D2A90,0x004D2AA8,24
r00d_game_over,0x004D2C60,0x004D2C78,24
Em16_dm_ck,0x004D2CD0,0x004D2D04,52
Em16_move,0x004D2D30,0x004D2D5C,44
Em16_R0_init,0x004D2D60,0x004D2D70,16
Em16_R0_move,0x004D3020,0x004D3070,80
Em16_R1_br_mv00,0x004D3080,0x004D3088,8
Em16_R1_mv00,0x004D3090,0x004D3098,8
Em16_eff_cnt_ck,0x004D5990,0x004D599C,12
Em16_R1_br_mv01,0x004D60D0,0x004D60D8,8
Em16_R1_mv01,0x004D60E0,0x004D60E8,8
Em16_R0_damage,0x004D60F0,0x004D6110,32
Em16_R1_dm00,0x004D6110,0x004D6118,8
Em16_R0_die,0x004D6120,0x004D6140,32
Em16_R1_die00,0x004D6140,0x004D6148,8
Em16_R0_reset,0x004D6150,0x004D6158,8
Get_evt_cam_data_em16,0x004D6160,0x004D6164,4
Em16_cam_move,0x004D63D0,0x004D63E4,20
Em16_calc_make_matrix,0x004D63F0,0x004D63FC,12
Em16_cam_set,0x004D6670,0x004D6674,4
Motion_move_em16,0x004D6710,0x004D67B8,168
Motion_move_main_em16,0x004D67D0,0x004D67D8,8
R317_init,0x004D7160,0x004D718C,44
R317_main,0x004D7290,0x004D7330,160
R317_em_dead_event,0x004D7340,0x004D7344,4
R317_gate_open_se,0x004D75A0,0x004D7600,96
R317_water_through,0x004D7610,0x004D76B8,168
R317_water_through_rev,0x004D78D0,0x004D7974,164
r317_bub_loop,0x004D7B30,0x004D7B34,4
r31b_evt_h_down,0x004D7BF0,0x004D7C10,32
R31b_init,0x004D7C50,0x004D7C70,32
R31b_main,0x004D7F20,0x004D7FFC,220
r31b_dante_down,0x004D8010,0x004D8020,16
r31b_s_mission_end_ck,0x004D80E0,0x004D80F0,16
R30c_init,0x004D8170,0x004D81B0,64
R30c_main,0x004D8500,0x004D85E4,228
R30c_warp_model_init,0x004D85F0,0x004D862C,60
R30c_stone_init,0x004D8690,0x004D86A0,16
R30c_stone_move,0x004D8780,0x004D8788,8
R30c_stone_move_r0_fall_ck,0x004D8810,0x004D8818,8
R30c_hermes_use,0x004D8A20,0x004D8A30,16
R30c_hermes_use_after_init,0x004D8B50,0x004D8BDC,140
R30c_to_310_warp_open_after_init,0x004D8C10,0x004D8C34,36
R30c_mission16_clear,0x004D8C70,0x004D8C98,40
R30c_hermes_use_init,0x004D8CB0,0x004D8CE8,56
R30c_hermes_light,0x004D8CF0,0x004D8CF8,8
R30c_SetEffectSwordLight,0x004D8F20,0x004D8F2C,12
R30c_hermes_light_off,0x004D90A0,0x004D90CC,44
R30c_to_302_warp_gate_appear,0x004D9100,0x004D911C,28
R30c_to_310_warp_gate_appear,0x004D9130,0x004D914C,28
R30c_warp_gate_appear_sub,0x004D9160,0x004D9168,8
R30c_look_se,0x004D9220,0x004D923C,28
R30c_up_cut_event,0x004D9250,0x004D9260,16
R30c_s_mission_start,0x004D92D0,0x004D9300,48
R308_init,0x004D93A0,0x004D96E8,648
R308_main,0x004D9700,0x004D98B4,428
r308_cam_scr_ck,0x004D98C0,0x004D9A08,120
r308_huuin_event,0x004D9A10,0x004D9A3C,44
Huuin_door_reset_evt,0x004D9A50,0x004D9A60,16
r308_em_all_dead_end,0x004D9AB0,0x004D9B18,104
R302_init,0x004D9B30,0x004D9B58,40
R302_main,0x004D9D00,0x004D9E50,136
R302_enemy_disp_floor,0x004D9E60,0x004D9F24,196
R302_obj_disp_floor,0x004D9F30,0x004DA034,260
R310_init,0x004DA040,0x004DA07C,60
R310_main,0x004DA220,0x004DA23C,28
R310_mirror_wave,0x004DA250,0x004DA288,56
hamon_init,0x004DA2D0,0x004DA3D0,256
hamon_move,0x004DA3E0,0x004DA42C,76
R31e_init,0x004DA430,0x004DA458,40
R31e_main,0x004DA730,0x004DA738,8
R31e_to_31f_warp_gate_init,0x004DA740,0x004DA7A0,96
R31e_to_318_warp_gate_init,0x004DA890,0x004DA8F0,96
R31e_to_31f_warp_open,0x004DA9C0,0x004DA9D0,16
R31e_to_318_warp_open,0x004DAA90,0x004DAAA0,16
R31e_to_31f_warp_gate_appear,0x004DAB50,0x004DAB6C,28
R31e_to_318_warp_gate_appear,0x004DAB80,0x004DAB9C,28
R31e_to_31f_door_evt,0x004DABB0,0x004DABC0,16
R31e_to_318_door_evt,0x004DACB0,0x004DACC0,16
R31e_hamon_init,0x004DADB0,0x004DAE94,228
R31e_hamon_move,0x004DAEB0,0x004DAF0C,92
Check_dla_pos_limit,0x004DAF20,0x004DB094,372
Pl_dla_dash_effect,0x004DB0A0,0x004DB0A4,4
Pl_dla_dash,0x004DB1B0,0x004DB3D8,544
Pl_r1_dla_dash,0x004DB3F0,0x004DB3FC,12
Pl_dla_move,0x004DB760,0x004DB768,8
Pl_r1_dla_move,0x004DB9D0,0x004DB9E0,16
Set_pl_legend_fire,0x004DC1F0,0x004DC21C,44
Pl_r1_dm_l_air_s,0x004DC280,0x004DC358,104
Pl_r1_dm_l_air_b,0x004DC3D0,0x004DC550,164
Pl_r1_dm_l_air_die,0x004DC5E0,0x004DC69C,100
Pl_r1_dlt_chg,0x004DC6E0,0x004DC790,116
Set_dlt_fireball,0x004DC7A0,0x004DC7A8,8
Pl_r1_dlt_punch,0x004DC930,0x004DC938,8
Pl_r1_dlt_sword,0x004DD830,0x004DD838,8
R327_init,0x004DF4E0,0x004DF520,64
R327_main,0x004DF7F0,0x004DF87C,140
R327_iwa_check,0x004DF890,0x004DF8C8,56
R327_open_se,0x004DF8E0,0x004DF8FC,28
R327_open_gate,0x004DF910,0x004DF920,16
R327_mission_end,0x004DFB40,0x004DFB50,16
R301_init,0x004DFB80,0x004DFC60,224
R301_main,0x004DFC90,0x004DFD30,160
S_Mission_6_end_ck,0x004DFD40,0x004DFD98,88
R40b_init,0x004DFDB0,0x004DFE2C,124
R40b_main,0x004DFF50,0x004E02A4,844
R40b_event_cancel,0x004E02B0,0x004E02C8,24
R40b_start_event,0x004E02D0,0x004E0300,48
R40b_end_event,0x004E06C0,0x004E06E4,36
r40b_om_init,0x004E07C0,0x004E07F0,48
r40B_sky_thunder,0x004E09C0,0x004E09C4,4
Set_effect_majin_kemuri,0x004E0C30,0x004E0C38,8
Set_effect_r40B_stome,0x004E0FD0,0x004E0FD4,4
r40B_sky_cloud,0x004E1160,0x004E1164,4
R40b_put_lm,0x004E1380,0x004E1388,8
set_eff_r40b_bdenki_aura,0x004E1400,0x004E1410,16
R40b_change_lm,0x004E18A0,0x004E18A4,4
R40b_Event02,0x004E1950,0x004E195C,12
R40b_Event03,0x004E1CD0,0x004E1CD8,8
R40b_Event04,0x004E1DB0,0x004E1DB4,4
Set_meteo,0x004E1EC0,0x004E1EC4,4
R40b_Event05,0x004E1FF0,0x004E1FFC,12
R40b_Event06,0x004E2090,0x004E209C,12
R40b_Event07,0x004E2280,0x004E228C,12
R40b_Event08,0x004E2320,0x004E2340,32
R40b_Event09,0x004E2340,0x004E2364,36
R40b_Event10,0x004E2370,0x004E2390,32
Set_effect_r40b_black_aura,0x004E2390,0x004E249C,268
R40b_Event11,0x004E2590,0x004E2594,4
FUN_004e25a0,0x004E25A0,0x004E25BC,28
R40b_Event12,0x004E25F0,0x004E25F4,4
R40b_Event13,0x004E2650,0x004E2654,4
R40b_Event14,0x004E26B0,0x004E26B4,4
r40b_eff_eye,0x004E2A00,0x004E2A10,16
R40b_Event15,0x004E2B90,0x004E2B94,4
r207_ev_st_dummy,0x004E2BF0,0x004E2BF8,8
R207_wall_smoke0,0x004E2C00,0x004E2C10,16
R207_wall_smoke1,0x004E2ED0,0x004E2EE0,16
r207_ev_st_close_door_down_00,0x004E31A0,0x004E31A4,4
r207_ev_st_close_door_up_01,0x004E3290,0x004E3294,4
r207_ev_denki1,0x004E3380,0x004E3384,4
r207_task_denki,0x004E3620,0x004E3628,8
r207_ev_denki2,0x004E3950,0x004E3968,24
r207_ev_ed_dummy,0x004E3A80,0x004E3A88,8
r207_ev_ed_em1a_pos_move_16,0x004E3A90,0x004E3A94,4
r207_ev_die_aura,0x004E40B0,0x004E40BC,12
r207_ev_die_aura2,0x004E42F0,0x004E42F8,8
set_eff_r207_evt_denki,0x004E45B0,0x004E45B4,4
set_eff_r207_evt_denki2,0x004E4970,0x004E4974,4
set_eff_r207_evt_denki3,0x004E4C70,0x004E4C7C,12
r207_ev_die_denki,0x004E4E30,0x004E4E34,4
r207_ev_v_kemuri_hahen,0x004E4F10,0x004E4FA0,144
r207_ev_v_kemuri,0x004E5020,0x004E5074,84
r207_ev_die_denki2,0x004E53A0,0x004E53B0,16
r207_eff_eye,0x004E5870,0x004E5880,16
r207_ev_eye_light,0x004E5A10,0x004E5A18,8
R32a_init,0x004E5AC0,0x004E5B18,88
R32a_main,0x004E5B30,0x004E5B38,8
Omke_move,0x004E5B40,0x004E5B60,32
Omke_R0_init,0x004E5B60,0x004E5B68,8
Omke_R0_move,0x004E5CD0,0x004E5CF0,32
Omke_R1_mv00,0x004E5CF0,0x004E5CF4,4
FUN_004e61a0,0x004E61A0,0x004E61B0,16
Omke_R0_damage,0x004E6DB0,0x004E6DD0,32
Omke_R1_dm00,0x004E6DD0,0x004E6E10,64
Omke_R0_die,0x004E6E10,0x004E6E30,32
Omke_R1_die00,0x004E6E30,0x004E6E3C,12
Omke_set_all,0x004E6E40,0x004E6E44,4
Oml4_move,0x004E6FD0,0x004E70D4,160
Oml4_R0_init,0x004E7140,0x004E72F4,192
Oml4_R0_move,0x004E7310,0x004E7330,32
Oml4_R1_mv00,0x004E7330,0x004E7338,8
Oml4_R1_mv01,0x004E7680,0x004E76A8,40
Oml4_R1_mv02,0x004E76C0,0x004E76C8,8
Oml4_R0_damage,0x004E77D0,0x004E77D8,8
Oml4_R1_dm00,0x004E78D0,0x004E78DC,12
Oml4_R1_dm01,0x004E7CE0,0x004E7CFC,28
Oml4_R1_dm02,0x004E7D00,0x004E7D08,8
Oml4_sky_attack_ck,0x004E8120,0x004E812C,12
Oml4_earth_attack_ck,0x004E8200,0x004E8210,16
Oml4_R0_die,0x004E82F0,0x004E8350,92
Oml4_dm_ck2,0x004E8350,0x004E83E4,140
Set_l4_iwa,0x004E83F0,0x004E83FC,12
Set_l4_parts,0x004E85D0,0x004E86B8,232
R311_init,0x004E86C0,0x004E8720,96
R311_main,0x004E8730,0x004E87AC,112
seteff_em0a_gauge,0x004E87B0,0x004E87B8,8
seteff_em17_hit,0x004E88C0,0x004E88C4,4
Oml5_move,0x004E89A0,0x004E89C0,32
Oml5_R0_init,0x004E89C0,0x004E89D4,20
Oml5_R0_move,0x004E8A20,0x004E8A6C,76
Oml5_R1_mv00,0x004E8A80,0x004E8A88,8
Oml5_R0_damage,0x004E8A90,0x004E8AB0,32
Oml5_R1_dm00,0x004E8AB0,0x004E8AD4,36
Oml5_R1_dm01,0x004E8AE0,0x004E8B04,36
Oml5_R0_die,0x004E8B10,0x004E8B18,8
Oml5_dm_ck,0x004E8B20,0x004E8B30,16
Oml5_morph,0x004E8B30,0x004E8B38,8
seteff_em16_airplane,0x004E8C00,0x004E8C04,4
FUN_004e8c40,0x004E8C40,0x004E8C6C,28
seteff_em16_airplane2,0x004E8CF0,0x004E8CF4,4
seteff_em16_water,0x004E8DE0,0x004E8DE4,4
seteff_40c_bar_maz,0x004E8E90,0x004E8E94,4
seteff_em01_nail_blood,0x004E93B0,0x004E93B4,4
seteff_em01_nail_blood_w,0x004E94A0,0x004E94EC,76
seteff_em0f_move,0x004E9500,0x004E950C,12
seteff_em0f_ice_smoke,0x004E9620,0x004E962C,12
seteff_em0f_ice_piece,0x004E96D0,0x004E96D8,8
seteff_em0f_ice_break,0x004E9780,0x004E978C,12
Oml9_move,0x004E9820,0x004E9840,32
Oml9_R0_init,0x004E9840,0x004E9A58,376
Oml9_R0_move,0x004E9A70,0x004E9A90,32
Oml9_R1_mv00,0x004E9A90,0x004E9B54,168
Oml9_R0_damage,0x004E9B70,0x004E9B78,8
Oml9_R1_dm00,0x004E9C30,0x004E9C38,8
Oml9_R1_dm01,0x004E9C40,0x004E9D9C,140
Oml9_R0_die,0x004E9DD0,0x004E9DDC,12
Oml9_dm_ck,0x004E9DE0,0x004E9DEC,12
R309_init,0x004EA6D0,0x004EA6D8,8
R309_main,0x004EA6E0,0x004EA6E8,8
Omi0_move,0x004EA6F0,0x004EA710,32
Omi0_R0_init,0x004EA710,0x004EA7C4,176
Omi0_R0_move,0x004EA7D0,0x004EA7F0,32
Omi0_R1_mv00,0x004EA7F0,0x004EA80C,28
Omi0_R0_damage,0x004EA820,0x004EA828,8
Omi0_R1_dm00,0x004EA8E0,0x004EA8FC,28
Omi0_R1_dm01,0x004EA900,0x004EA90C,12
Omi0_R1_dm02,0x004EAC40,0x004EAC48,8
Omi0_R0_die,0x004EAC50,0x004EAC58,8
Omi0_dm_ck,0x004EAC60,0x004EAD0C,168
Omhf_move,0x004EAD10,0x004EAD30,32
Omhf_R0_init,0x004EAD30,0x004EADE4,176
Omhf_R0_move,0x004EADF0,0x004EAE10,32
Omhf_R1_mv00,0x004EAE10,0x004EAE2C,28
Omhf_R0_damage,0x004EAE40,0x004EAE48,8
Omhf_R1_dm00,0x004EAF00,0x004EAF1C,28
Omhf_R1_dm01,0x004EAF20,0x004EAF2C,12
Omhf_R1_dm02,0x004EB2A0,0x004EB2A8,8
Omhf_R0_die,0x004EB2B0,0x004EB2B8,8
Omhf_dm_ck,0x004EB2C0,0x004EB36C,168
R00f_init,0x004EB370,0x004EB39C,44
R00f_main,0x004EB3E0,0x004EB3F0,16
R00f_event,0x004EB410,0x004EB420,16
r00f_ev_dummy,0x004EB4E0,0x004EB4E8,8
r00f_ev_00,0x004EB4F0,0x004EB4F8,8
r00f_ev_01,0x004EB6F0,0x004EB738,72
r00f_ev_02,0x004EB750,0x004EB790,64
r00f_ev_03,0x004EB790,0x004EB794,4
r00f_ev_04,0x004EB9F0,0x004EBA00,16
r00f_ev_05,0x004EBB20,0x004EBB24,4
r00f_ev_06,0x004EBC30,0x004EBC40,16
R40c_init,0x004EBC80,0x004EBCA8,40
R40c_main,0x004EBD60,0x004EBD68,8
R40c_event,0x004EBD70,0x004EBD80,16
R40d_init,0x004EBEB0,0x004EBECC,28
R40d_m23_start,0x004EC090,0x004EC0A0,16
R40d_set_motion,0x004EC130,0x004EC140,16
R40d_main,0x004EC1B0,0x004EC20C,92
R40d_event_cancel,0x004EC220,0x004EC248,40
R40d_event,0x004EC280,0x004EC2C8,72
R40d_namida0,0x004EC680,0x004EC690,16
R40d_namida1,0x004EC910,0x004EC914,4
Om7b_move,0x004ECA90,0x004ECAB0,32
Om7b_R0_init,0x004ECAB0,0x004ECD3C,80
Om7b_R0_move,0x004ECD40,0x004ECD60,32
Om7b_R1_mv00,0x004ECD60,0x004ECD68,8
Om7b_R0_damage,0x004ECD70,0x004ECD90,32
Om7b_R1_dm00,0x004ECD90,0x004ECEC0,188
Om7b_R1_dm01,0x004ECF00,0x004ECF08,8
Om7b_R1_dm02,0x004ED0C0,0x004ED190,168
Om7b_R1_dm03,0x004ED1D0,0x004ED2A0,168
Om7b_R1_dm04,0x004ED2E0,0x004ED3B0,168
Om7b_R1_dm05,0x004ED3F0,0x004ED400,16
FUN_004ed400,0x004ED400,0x004ED4C0,152
Om7b_R1_dm06,0x004ED500,0x004ED5D0,168
Om7b_R1_dm07,0x004ED610,0x004ED620,16
Om7b_R1_dm08,0x004ED8E0,0x004ED8F0,16
FUN_004ed980,0x004ED980,0x004ED9BC,60
FUN_004edaa0,0x004EDAA0,0x004EDB58,184
Om7b_R1_dm09,0x004EDBA0,0x004EDC88,180
Om7b_R1_dm0a,0x004EDE90,0x004EDECC,56
Om7b_R1_dm0b,0x004EDEF0,0x004EDF00,16
Om7b_R0_die,0x004EE100,0x004EE108,8
R50c_init,0x004EE110,0x004EE124,20
R50c_main,0x004EE160,0x004EE284,268
r50c_event_ok,0x004EE290,0x004EE2A0,16
Pause_check,0x004EE350,0x004EE394,68
Puase_start_check,0x004EE3A0,0x004EE3A8,8
Puase_screen_create,0x004EE680,0x004EECC4,1024
Puase_menu_init,0x004EED80,0x004EED84,4
Puase_menu_move,0x004EF190,0x004EF19C,12
Puase_reset_game,0x004EF450,0x004EF4F0,132
Puase_next_step,0x004EF500,0x004EF504,4
Puase_option_task,0x004EF640,0x004EF670,48
Puase_save_task,0x004EF680,0x004EF6A8,40
Puase_fade_in,0x004EF6C0,0x004EF6E8,40
Pause_disp,0x004EF710,0x004EF8AC,384
Puase_menu_exit,0x004EF950,0x004EF9B8,104
Option_main,0x004EFB00,0x004EFB38,56
Option_init,0x004EFC00,0x004EFC04,4
Option_load,0x004EFEF0,0x004EFEF4,4
Option_exit,0x004F03E0,0x004F0420,64
op_option_init,0x004F0430,0x004F0464,52
op_option_main,0x004F04A0,0x004F04B8,24
op_option_end,0x004F04D0,0x004F04D8,8
op_color_bar_init,0x004F04E0,0x004F0514,52
op_color_bar_main,0x004F0530,0x004F06AC,380
op_color_bar_end,0x004F06D0,0x004F06E4,20
op_key_config_init,0x004F06F0,0x004F0724,52
op_key_config_main,0x004F0760,0x004F09E4,636
op_key_config_end,0x004F0A00,0x004F0A14,20
op_lang_select_init,0x004F0A20,0x004F0A54,52
op_lang_select_main,0x004F0A70,0x004F0A78,8
op_lang_select_end,0x004F1080,0x004F10F0,108
moji_move,0x004F1150,0x004F15AC,252
moji_trans,0x004F15C0,0x004F15C4,4
bri_check,0x004F1B70,0x004F1CD0,340
Option_data_init,0x004F1CD0,0x004F1D0C,60
conv_option_start,0x004F1D10,0x004F1E04,232
conv_option_end,0x004F1E10,0x004F1F08,248
fin_animation,0x004F1F10,0x004F1F44,52
Result_main,0x004F1F50,0x004F1F98,72
Result_init,0x004F2100,0x004F2164,100
Result_loop,0x004F2170,0x004F2178,8
Result_end,0x004F2360,0x004F2370,16
Result_00_init,0x004F23A0,0x004F23A4,4
Result_00_bgset,0x004F27A0,0x004F27A4,4
GetRomName,0x004F3518,0x004F35B4,152
IsT10K,0x004F35B8,0x004F35F8,64
sceScfGetLanguage,0x004F35F8,0x004F3658,96
sceScfSetT10kConfig,0x004F3658,0x004F3674,28
sceScfGetAspect,0x004F3678,0x004F36B8,64
sceScfGetSpdif,0x004F36B8,0x004F36F4,60
sceScfGetTimeZone,0x004F36F8,0x004F375C,100
sceScfGetDateNotation,0x004F3760,0x004F37DC,124
sceScfGetSummerTime,0x004F37E0,0x004F3860,128
sceScfGetTimeNotation,0x004F3860,0x004F38E0,128
tobcd,0x004F38E0,0x004F3944,100
frombcd,0x004F3948,0x004F39A0,88
convertfrombcd,0x004F39A0,0x004F3A24,132
converttobcd,0x004F3A28,0x004F3AAC,132
adddate,0x004F3AB0,0x004F3B94,228
subdate,0x004F3B98,0x004F3C6C,212
addhour,0x004F3C70,0x004F3CDC,108
subhour,0x004F3CE0,0x004F3D48,104
AdjustTime,0x004F3D48,0x004F3E14,200
sceScfGetGMTfromRTC,0x004F3E18,0x004F3E5C,68
sceScfGetLocalTimefromRTC,0x004F3E60,0x004F3EC8,104
FUN_004f6b80,0x004F6B80,0x004F6B8C,12
FUN_004f7820,0x004F7820,0x004F7824,4
FUN_004f9de0,0x004F9DE0,0x004F9DE1,1
FUN_004fa140,0x004FA140,0x004FA141,1
FUN_004fa2a0,0x004FA2A0,0x004FA2A1,1
FUN_004fac80,0x004FAC80,0x004FAC84,4
FUN_004fb020,0x004FB020,0x004FB02C,12
FUN_0057d3e0,0x0057D3E0,0x0057D3E1,1
